KEY,FREQ,REF_AREA,BS_REP_SECTOR,BS_ITEM,MATURITY_NOT_IRATE,DATA_TYPE_MIR,AMOUNT_CAT,BS_COUNT_SECTOR,CURRENCY_TRANS,IR_BUS_COV,TIME_PERIOD,OBS_VALUE,OBS_STATUS,OBS_CONF,OBS_PRE_BREAK,OBS_COM,TIME_FORMAT,BREAKS,COLLECTION,COMPILING_ORG,DISS_ORG,DOM_SER_IDS,PUBL_ECB,PUBL_MU,PUBL_PUBLIC,UNIT_INDEX_BASE,COMPILATION,COVERAGE,DECIMALS,NAT_TITLE,SOURCE_AGENCY,TITLE,TITLE_COMPL,UNIT,UNIT_MULT
MIR.M.DE.B.A2C.P.R.A.2250.EUR.N,M,DE,B,A2C,P,R,A,2250,EUR,N,2000-01,6.71,E,F,,,P1M,,A,,,,,,,,,,4,,DE2,Bank interest rates - loans to households for house purchase with an interest rate fixation period of over ten years (new business) ,"Germany, Annualised agreed rate (AAR) / Narrowly defined effective rate (NDER), Credit and other institutions (MFI except MMFs and central banks) reporting sector - Lending for house purchase excluding revolving loans and overdrafts, convenience and extended credit card debt, Over 10 years initial rate fixation, New business coverage, Households and non-profit institutions serving households (S.14 and S.15) sector, denominated in Euro",PCPA,0
MIR.M.DE.B.A2C.P.R.A.2250.EUR.N,M,DE,B,A2C,P,R,A,2250,EUR,N,2000-02,6.78,E,F,,,P1M,,A,,,,,,,,,,4,,DE2,Bank interest rates - loans to households for house purchase with an interest rate fixation period of over ten years (new business) ,"Germany, Annualised agreed rate (AAR) / Narrowly defined effective rate (NDER), Credit and other institutions (MFI except MMFs and central banks) reporting sector - Lending for house purchase excluding revolving loans and overdrafts, convenience and extended credit card debt, Over 10 years initial rate fixation, New business coverage, Households and non-profit institutions serving households (S.14 and S.15) sector, denominated in Euro",PCPA,0
MIR.M.DE.B.A2C.P.R.A.2250.EUR.N,M,DE,B,A2C,P,R,A,2250,EUR,N,2000-03,6.66,E,F,,,P1M,,A,,,,,,,,,,4,,DE2,Bank interest rates - loans to households for house purchase with an interest rate fixation period of over ten years (new business) ,"Germany, Annualised agreed rate (AAR) / Narrowly defined effective rate (NDER), Credit and other institutions (MFI except MMFs and central banks) reporting sector - Lending for house purchase excluding revolving loans and overdrafts, convenience and extended credit card debt, Over 10 years initial rate fixation, New business coverage, Households and non-profit institutions serving households (S.14 and S.15) sector, denominated in Euro",PCPA,0
MIR.M.DE.B.A2C.P.R.A.2250.EUR.N,M,DE,B,A2C,P,R,A,2250,EUR,N,2000-04,6.56,E,F,,,P1M,,A,,,,,,,,,,4,,DE2,Bank interest rates - loans to households for house purchase with an interest rate fixation period of over ten years (new business) ,"Germany, Annualised agreed rate (AAR) / Narrowly defined effective rate (NDER), Credit and other institutions (MFI except MMFs and central banks) reporting sector - Lending for house purchase excluding revolving loans and overdrafts, convenience and extended credit card debt, Over 10 years initial rate fixation, New business coverage, Households and non-profit institutions serving households (S.14 and S.15) sector, denominated in Euro",PCPA,0
MIR.M.DE.B.A2C.P.R.A.2250.EUR.N,M,DE,B,A2C,P,R,A,2250,EUR,N,2000-05,6.75,E,F,,,P1M,,A,,,,,,,,,,4,,DE2,Bank interest rates - loans to households for house purchase with an interest rate fixation period of over ten years (new business) ,"Germany, Annualised agreed rate (AAR) / Narrowly defined effective rate (NDER), Credit and other institutions (MFI except MMFs and central banks) reporting sector - Lending for house purchase excluding revolving loans and overdrafts, convenience and extended credit card debt, Over 10 years initial rate fixation, New business coverage, Households and non-profit institutions serving households (S.14 and S.15) sector, denominated in Euro",PCPA,0
MIR.M.DE.B.A2C.P.R.A.2250.EUR.N,M,DE,B,A2C,P,R,A,2250,EUR,N,2000-06,6.66,E,F,,,P1M,,A,,,,,,,,,,4,,DE2,Bank interest rates - loans to households for house purchase with an interest rate fixation period of over ten years (new business) ,"Germany, Annualised agreed rate (AAR) / Narrowly defined effective rate (NDER), Credit and other institutions (MFI except MMFs and central banks) reporting sector - Lending for house purchase excluding revolving loans and overdrafts, convenience and extended credit card debt, Over 10 years initial rate fixation, New business coverage, Households and non-profit institutions serving households (S.14 and S.15) sector, denominated in Euro",PCPA,0
MIR.M.DE.B.A2C.P.R.A.2250.EUR.N,M,DE,B,A2C,P,R,A,2250,EUR,N,2000-07,6.72,E,F,,,P1M,,A,,,,,,,,,,4,,DE2,Bank interest rates - loans to households for house purchase with an interest rate fixation period of over ten years (new business) ,"Germany, Annualised agreed rate (AAR) / Narrowly defined effective rate (NDER), Credit and other institutions (MFI except MMFs and central banks) reporting sector - Lending for house purchase excluding revolving loans and overdrafts, convenience and extended credit card debt, Over 10 years initial rate fixation, New business coverage, Households and non-profit institutions serving households (S.14 and S.15) sector, denominated in Euro",PCPA,0
MIR.M.DE.B.A2C.P.R.A.2250.EUR.N,M,DE,B,A2C,P,R,A,2250,EUR,N,2000-08,6.71,E,F,,,P1M,,A,,,,,,,,,,4,,DE2,Bank interest rates - loans to households for house purchase with an interest rate fixation period of over ten years (new business) ,"Germany, Annualised agreed rate (AAR) / Narrowly defined effective rate (NDER), Credit and other institutions (MFI except MMFs and central banks) reporting sector - Lending for house purchase excluding revolving loans and overdrafts, convenience and extended credit card debt, Over 10 years initial rate fixation, New business coverage, Households and non-profit institutions serving households (S.14 and S.15) sector, denominated in Euro",PCPA,0
MIR.M.DE.B.A2C.P.R.A.2250.EUR.N,M,DE,B,A2C,P,R,A,2250,EUR,N,2000-09,6.74,E,F,,,P1M,,A,,,,,,,,,,4,,DE2,Bank interest rates - loans to households for house purchase with an interest rate fixation period of over ten years (new business) ,"Germany, Annualised agreed rate (AAR) / Narrowly defined effective rate (NDER), Credit and other institutions (MFI except MMFs and central banks) reporting sector - Lending for house purchase excluding revolving loans and overdrafts, convenience and extended credit card debt, Over 10 years initial rate fixation, New business coverage, Households and non-profit institutions serving households (S.14 and S.15) sector, denominated in Euro",PCPA,0
MIR.M.DE.B.A2C.P.R.A.2250.EUR.N,M,DE,B,A2C,P,R,A,2250,EUR,N,2000-10,6.7,E,F,,,P1M,,A,,,,,,,,,,4,,DE2,Bank interest rates - loans to households for house purchase with an interest rate fixation period of over ten years (new business) ,"Germany, Annualised agreed rate (AAR) / Narrowly defined effective rate (NDER), Credit and other institutions (MFI except MMFs and central banks) reporting sector - Lending for house purchase excluding revolving loans and overdrafts, convenience and extended credit card debt, Over 10 years initial rate fixation, New business coverage, Households and non-profit institutions serving households (S.14 and S.15) sector, denominated in Euro",PCPA,0
MIR.M.DE.B.A2C.P.R.A.2250.EUR.N,M,DE,B,A2C,P,R,A,2250,EUR,N,2000-11,6.66,E,F,,,P1M,,A,,,,,,,,,,4,,DE2,Bank interest rates - loans to households for house purchase with an interest rate fixation period of over ten years (new business) ,"Germany, Annualised agreed rate (AAR) / Narrowly defined effective rate (NDER), Credit and other institutions (MFI except MMFs and central banks) reporting sector - Lending for house purchase excluding revolving loans and overdrafts, convenience and extended credit card debt, Over 10 years initial rate fixation, New business coverage, Households and non-profit institutions serving households (S.14 and S.15) sector, denominated in Euro",PCPA,0
MIR.M.DE.B.A2C.P.R.A.2250.EUR.N,M,DE,B,A2C,P,R,A,2250,EUR,N,2000-12,6.46,E,F,,,P1M,,A,,,,,,,,,,4,,DE2,Bank interest rates - loans to households for house purchase with an interest rate fixation period of over ten years (new business) ,"Germany, Annualised agreed rate (AAR) / Narrowly defined effective rate (NDER), Credit and other institutions (MFI except MMFs and central banks) reporting sector - Lending for house purchase excluding revolving loans and overdrafts, convenience and extended credit card debt, Over 10 years initial rate fixation, New business coverage, Households and non-profit institutions serving households (S.14 and S.15) sector, denominated in Euro",PCPA,0
MIR.M.DE.B.A2C.P.R.A.2250.EUR.N,M,DE,B,A2C,P,R,A,2250,EUR,N,2001-01,6.24,E,F,,,P1M,,A,,,,,,,,,,4,,DE2,Bank interest rates - loans to households for house purchase with an interest rate fixation period of over ten years (new business) ,"Germany, Annualised agreed rate (AAR) / Narrowly defined effective rate (NDER), Credit and other institutions (MFI except MMFs and central banks) reporting sector - Lending for house purchase excluding revolving loans and overdrafts, convenience and extended credit card debt, Over 10 years initial rate fixation, New business coverage, Households and non-profit institutions serving households (S.14 and S.15) sector, denominated in Euro",PCPA,0
MIR.M.DE.B.A2C.P.R.A.2250.EUR.N,M,DE,B,A2C,P,R,A,2250,EUR,N,2001-02,6.19,E,F,,,P1M,,A,,,,,,,,,,4,,DE2,Bank interest rates - loans to households for house purchase with an interest rate fixation period of over ten years (new business) ,"Germany, Annualised agreed rate (AAR) / Narrowly defined effective rate (NDER), Credit and other institutions (MFI except MMFs and central banks) reporting sector - Lending for house purchase excluding revolving loans and overdrafts, convenience and extended credit card debt, Over 10 years initial rate fixation, New business coverage, Households and non-profit institutions serving households (S.14 and S.15) sector, denominated in Euro",PCPA,0
MIR.M.DE.B.A2C.P.R.A.2250.EUR.N,M,DE,B,A2C,P,R,A,2250,EUR,N,2001-03,6.14,E,F,,,P1M,,A,,,,,,,,,,4,,DE2,Bank interest rates - loans to households for house purchase with an interest rate fixation period of over ten years (new business) ,"Germany, Annualised agreed rate (AAR) / Narrowly defined effective rate (NDER), Credit and other institutions (MFI except MMFs and central banks) reporting sector - Lending for house purchase excluding revolving loans and overdrafts, convenience and extended credit card debt, Over 10 years initial rate fixation, New business coverage, Households and non-profit institutions serving households (S.14 and S.15) sector, denominated in Euro",PCPA,0
MIR.M.DE.B.A2C.P.R.A.2250.EUR.N,M,DE,B,A2C,P,R,A,2250,EUR,N,2001-04,6.13,E,F,,,P1M,,A,,,,,,,,,,4,,DE2,Bank interest rates - loans to households for house purchase with an interest rate fixation period of over ten years (new business) ,"Germany, Annualised agreed rate (AAR) / Narrowly defined effective rate (NDER), Credit and other institutions (MFI except MMFs and central banks) reporting sector - Lending for house purchase excluding revolving loans and overdrafts, convenience and extended credit card debt, Over 10 years initial rate fixation, New business coverage, Households and non-profit institutions serving households (S.14 and S.15) sector, denominated in Euro",PCPA,0
MIR.M.DE.B.A2C.P.R.A.2250.EUR.N,M,DE,B,A2C,P,R,A,2250,EUR,N,2001-05,6.22,E,F,,,P1M,,A,,,,,,,,,,4,,DE2,Bank interest rates - loans to households for house purchase with an interest rate fixation period of over ten years (new business) ,"Germany, Annualised agreed rate (AAR) / Narrowly defined effective rate (NDER), Credit and other institutions (MFI except MMFs and central banks) reporting sector - Lending for house purchase excluding revolving loans and overdrafts, convenience and extended credit card debt, Over 10 years initial rate fixation, New business coverage, Households and non-profit institutions serving households (S.14 and S.15) sector, denominated in Euro",PCPA,0
MIR.M.DE.B.A2C.P.R.A.2250.EUR.N,M,DE,B,A2C,P,R,A,2250,EUR,N,2001-06,6.24,E,F,,,P1M,,A,,,,,,,,,,4,,DE2,Bank interest rates - loans to households for house purchase with an interest rate fixation period of over ten years (new business) ,"Germany, Annualised agreed rate (AAR) / Narrowly defined effective rate (NDER), Credit and other institutions (MFI except MMFs and central banks) reporting sector - Lending for house purchase excluding revolving loans and overdrafts, convenience and extended credit card debt, Over 10 years initial rate fixation, New business coverage, Households and non-profit institutions serving households (S.14 and S.15) sector, denominated in Euro",PCPA,0
MIR.M.DE.B.A2C.P.R.A.2250.EUR.N,M,DE,B,A2C,P,R,A,2250,EUR,N,2001-07,6.26,E,F,,,P1M,,A,,,,,,,,,,4,,DE2,Bank interest rates - loans to households for house purchase with an interest rate fixation period of over ten years (new business) ,"Germany, Annualised agreed rate (AAR) / Narrowly defined effective rate (NDER), Credit and other institutions (MFI except MMFs and central banks) reporting sector - Lending for house purchase excluding revolving loans and overdrafts, convenience and extended credit card debt, Over 10 years initial rate fixation, New business coverage, Households and non-profit institutions serving households (S.14 and S.15) sector, denominated in Euro",PCPA,0
MIR.M.DE.B.A2C.P.R.A.2250.EUR.N,M,DE,B,A2C,P,R,A,2250,EUR,N,2001-08,6.15,E,F,,,P1M,,A,,,,,,,,,,4,,DE2,Bank interest rates - loans to households for house purchase with an interest rate fixation period of over ten years (new business) ,"Germany, Annualised agreed rate (AAR) / Narrowly defined effective rate (NDER), Credit and other institutions (MFI except MMFs and central banks) reporting sector - Lending for house purchase excluding revolving loans and overdrafts, convenience and extended credit card debt, Over 10 years initial rate fixation, New business coverage, Households and non-profit institutions serving households (S.14 and S.15) sector, denominated in Euro",PCPA,0
MIR.M.DE.B.A2C.P.R.A.2250.EUR.N,M,DE,B,A2C,P,R,A,2250,EUR,N,2001-09,6.1,E,F,,,P1M,,A,,,,,,,,,,4,,DE2,Bank interest rates - loans to households for house purchase with an interest rate fixation period of over ten years (new business) ,"Germany, Annualised agreed rate (AAR) / Narrowly defined effective rate (NDER), Credit and other institutions (MFI except MMFs and central banks) reporting sector - Lending for house purchase excluding revolving loans and overdrafts, convenience and extended credit card debt, Over 10 years initial rate fixation, New business coverage, Households and non-profit institutions serving households (S.14 and S.15) sector, denominated in Euro",PCPA,0
MIR.M.DE.B.A2C.P.R.A.2250.EUR.N,M,DE,B,A2C,P,R,A,2250,EUR,N,2001-10,5.93,E,F,,,P1M,,A,,,,,,,,,,4,,DE2,Bank interest rates - loans to households for house purchase with an interest rate fixation period of over ten years (new business) ,"Germany, Annualised agreed rate (AAR) / Narrowly defined effective rate (NDER), Credit and other institutions (MFI except MMFs and central banks) reporting sector - Lending for house purchase excluding revolving loans and overdrafts, convenience and extended credit card debt, Over 10 years initial rate fixation, New business coverage, Households and non-profit institutions serving households (S.14 and S.15) sector, denominated in Euro",PCPA,0
MIR.M.DE.B.A2C.P.R.A.2250.EUR.N,M,DE,B,A2C,P,R,A,2250,EUR,N,2001-11,5.72,E,F,,,P1M,,A,,,,,,,,,,4,,DE2,Bank interest rates - loans to households for house purchase with an interest rate fixation period of over ten years (new business) ,"Germany, Annualised agreed rate (AAR) / Narrowly defined effective rate (NDER), Credit and other institutions (MFI except MMFs and central banks) reporting sector - Lending for house purchase excluding revolving loans and overdrafts, convenience and extended credit card debt, Over 10 years initial rate fixation, New business coverage, Households and non-profit institutions serving households (S.14 and S.15) sector, denominated in Euro",PCPA,0
MIR.M.DE.B.A2C.P.R.A.2250.EUR.N,M,DE,B,A2C,P,R,A,2250,EUR,N,2001-12,5.89,E,F,,,P1M,,A,,,,,,,,,,4,,DE2,Bank interest rates - loans to households for house purchase with an interest rate fixation period of over ten years (new business) ,"Germany, Annualised agreed rate (AAR) / Narrowly defined effective rate (NDER), Credit and other institutions (MFI except MMFs and central banks) reporting sector - Lending for house purchase excluding revolving loans and overdrafts, convenience and extended credit card debt, Over 10 years initial rate fixation, New business coverage, Households and non-profit institutions serving households (S.14 and S.15) sector, denominated in Euro",PCPA,0
MIR.M.DE.B.A2C.P.R.A.2250.EUR.N,M,DE,B,A2C,P,R,A,2250,EUR,N,2002-01,5.97,E,F,,,P1M,,A,,,,,,,,,,4,,DE2,Bank interest rates - loans to households for house purchase with an interest rate fixation period of over ten years (new business) ,"Germany, Annualised agreed rate (AAR) / Narrowly defined effective rate (NDER), Credit and other institutions (MFI except MMFs and central banks) reporting sector - Lending for house purchase excluding revolving loans and overdrafts, convenience and extended credit card debt, Over 10 years initial rate fixation, New business coverage, Households and non-profit institutions serving households (S.14 and S.15) sector, denominated in Euro",PCPA,0
MIR.M.DE.B.A2C.P.R.A.2250.EUR.N,M,DE,B,A2C,P,R,A,2250,EUR,N,2002-02,6.07,E,F,,,P1M,,A,,,,,,,,,,4,,DE2,Bank interest rates - loans to households for house purchase with an interest rate fixation period of over ten years (new business) ,"Germany, Annualised agreed rate (AAR) / Narrowly defined effective rate (NDER), Credit and other institutions (MFI except MMFs and central banks) reporting sector - Lending for house purchase excluding revolving loans and overdrafts, convenience and extended credit card debt, Over 10 years initial rate fixation, New business coverage, Households and non-profit institutions serving households (S.14 and S.15) sector, denominated in Euro",PCPA,0
MIR.M.DE.B.A2C.P.R.A.2250.EUR.N,M,DE,B,A2C,P,R,A,2250,EUR,N,2002-03,6.28,E,F,,,P1M,,A,,,,,,,,,,4,,DE2,Bank interest rates - loans to households for house purchase with an interest rate fixation period of over ten years (new business) ,"Germany, Annualised agreed rate (AAR) / Narrowly defined effective rate (NDER), Credit and other institutions (MFI except MMFs and central banks) reporting sector - Lending for house purchase excluding revolving loans and overdrafts, convenience and extended credit card debt, Over 10 years initial rate fixation, New business coverage, Households and non-profit institutions serving households (S.14 and S.15) sector, denominated in Euro",PCPA,0
MIR.M.DE.B.A2C.P.R.A.2250.EUR.N,M,DE,B,A2C,P,R,A,2250,EUR,N,2002-04,6.32,E,F,,,P1M,,A,,,,,,,,,,4,,DE2,Bank interest rates - loans to households for house purchase with an interest rate fixation period of over ten years (new business) ,"Germany, Annualised agreed rate (AAR) / Narrowly defined effective rate (NDER), Credit and other institutions (MFI except MMFs and central banks) reporting sector - Lending for house purchase excluding revolving loans and overdrafts, convenience and extended credit card debt, Over 10 years initial rate fixation, New business coverage, Households and non-profit institutions serving households (S.14 and S.15) sector, denominated in Euro",PCPA,0
MIR.M.DE.B.A2C.P.R.A.2250.EUR.N,M,DE,B,A2C,P,R,A,2250,EUR,N,2002-05,6.32,E,F,,,P1M,,A,,,,,,,,,,4,,DE2,Bank interest rates - loans to households for house purchase with an interest rate fixation period of over ten years (new business) ,"Germany, Annualised agreed rate (AAR) / Narrowly defined effective rate (NDER), Credit and other institutions (MFI except MMFs and central banks) reporting sector - Lending for house purchase excluding revolving loans and overdrafts, convenience and extended credit card debt, Over 10 years initial rate fixation, New business coverage, Households and non-profit institutions serving households (S.14 and S.15) sector, denominated in Euro",PCPA,0
MIR.M.DE.B.A2C.P.R.A.2250.EUR.N,M,DE,B,A2C,P,R,A,2250,EUR,N,2002-06,6.23,E,F,,,P1M,,A,,,,,,,,,,4,,DE2,Bank interest rates - loans to households for house purchase with an interest rate fixation period of over ten years (new business) ,"Germany, Annualised agreed rate (AAR) / Narrowly defined effective rate (NDER), Credit and other institutions (MFI except MMFs and central banks) reporting sector - Lending for house purchase excluding revolving loans and overdrafts, convenience and extended credit card debt, Over 10 years initial rate fixation, New business coverage, Households and non-profit institutions serving households (S.14 and S.15) sector, denominated in Euro",PCPA,0
MIR.M.DE.B.A2C.P.R.A.2250.EUR.N,M,DE,B,A2C,P,R,A,2250,EUR,N,2002-07,6.12,E,F,,,P1M,,A,,,,,,,,,,4,,DE2,Bank interest rates - loans to households for house purchase with an interest rate fixation period of over ten years (new business) ,"Germany, Annualised agreed rate (AAR) / Narrowly defined effective rate (NDER), Credit and other institutions (MFI except MMFs and central banks) reporting sector - Lending for house purchase excluding revolving loans and overdrafts, convenience and extended credit card debt, Over 10 years initial rate fixation, New business coverage, Households and non-profit institutions serving households (S.14 and S.15) sector, denominated in Euro",PCPA,0
MIR.M.DE.B.A2C.P.R.A.2250.EUR.N,M,DE,B,A2C,P,R,A,2250,EUR,N,2002-08,5.86,E,F,,,P1M,,A,,,,,,,,,,4,,DE2,Bank interest rates - loans to households for house purchase with an interest rate fixation period of over ten years (new business) ,"Germany, Annualised agreed rate (AAR) / Narrowly defined effective rate (NDER), Credit and other institutions (MFI except MMFs and central banks) reporting sector - Lending for house purchase excluding revolving loans and overdrafts, convenience and extended credit card debt, Over 10 years initial rate fixation, New business coverage, Households and non-profit institutions serving households (S.14 and S.15) sector, denominated in Euro",PCPA,0
MIR.M.DE.B.A2C.P.R.A.2250.EUR.N,M,DE,B,A2C,P,R,A,2250,EUR,N,2002-09,5.71,E,F,,,P1M,,A,,,,,,,,,,4,,DE2,Bank interest rates - loans to households for house purchase with an interest rate fixation period of over ten years (new business) ,"Germany, Annualised agreed rate (AAR) / Narrowly defined effective rate (NDER), Credit and other institutions (MFI except MMFs and central banks) reporting sector - Lending for house purchase excluding revolving loans and overdrafts, convenience and extended credit card debt, Over 10 years initial rate fixation, New business coverage, Households and non-profit institutions serving households (S.14 and S.15) sector, denominated in Euro",PCPA,0
MIR.M.DE.B.A2C.P.R.A.2250.EUR.N,M,DE,B,A2C,P,R,A,2250,EUR,N,2002-10,5.69,E,F,,,P1M,,A,,,,,,,,,,4,,DE2,Bank interest rates - loans to households for house purchase with an interest rate fixation period of over ten years (new business) ,"Germany, Annualised agreed rate (AAR) / Narrowly defined effective rate (NDER), Credit and other institutions (MFI except MMFs and central banks) reporting sector - Lending for house purchase excluding revolving loans and overdrafts, convenience and extended credit card debt, Over 10 years initial rate fixation, New business coverage, Households and non-profit institutions serving households (S.14 and S.15) sector, denominated in Euro",PCPA,0
MIR.M.DE.B.A2C.P.R.A.2250.EUR.N,M,DE,B,A2C,P,R,A,2250,EUR,N,2002-11,5.64,E,F,,,P1M,,A,,,,,,,,,,4,,DE2,Bank interest rates - loans to households for house purchase with an interest rate fixation period of over ten years (new business) ,"Germany, Annualised agreed rate (AAR) / Narrowly defined effective rate (NDER), Credit and other institutions (MFI except MMFs and central banks) reporting sector - Lending for house purchase excluding revolving loans and overdrafts, convenience and extended credit card debt, Over 10 years initial rate fixation, New business coverage, Households and non-profit institutions serving households (S.14 and S.15) sector, denominated in Euro",PCPA,0
MIR.M.DE.B.A2C.P.R.A.2250.EUR.N,M,DE,B,A2C,P,R,A,2250,EUR,N,2002-12,5.54,E,F,,,P1M,,A,,,,,,,,,,4,,DE2,Bank interest rates - loans to households for house purchase with an interest rate fixation period of over ten years (new business) ,"Germany, Annualised agreed rate (AAR) / Narrowly defined effective rate (NDER), Credit and other institutions (MFI except MMFs and central banks) reporting sector - Lending for house purchase excluding revolving loans and overdrafts, convenience and extended credit card debt, Over 10 years initial rate fixation, New business coverage, Households and non-profit institutions serving households (S.14 and S.15) sector, denominated in Euro",PCPA,0
MIR.M.DE.B.A2C.P.R.A.2250.EUR.N,M,DE,B,A2C,P,R,A,2250,EUR,N,2003-01,5.38,A,F,,,P1M,,A,,,,,,,,,,4,,DE2,Bank interest rates - loans to households for house purchase with an interest rate fixation period of over ten years (new business) ,"Germany, Annualised agreed rate (AAR) / Narrowly defined effective rate (NDER), Credit and other institutions (MFI except MMFs and central banks) reporting sector - Lending for house purchase excluding revolving loans and overdrafts, convenience and extended credit card debt, Over 10 years initial rate fixation, New business coverage, Households and non-profit institutions serving households (S.14 and S.15) sector, denominated in Euro",PCPA,0
MIR.M.DE.B.A2C.P.R.A.2250.EUR.N,M,DE,B,A2C,P,R,A,2250,EUR,N,2003-02,5.19,A,F,,,P1M,,A,,,,,,,,,,4,,DE2,Bank interest rates - loans to households for house purchase with an interest rate fixation period of over ten years (new business) ,"Germany, Annualised agreed rate (AAR) / Narrowly defined effective rate (NDER), Credit and other institutions (MFI except MMFs and central banks) reporting sector - Lending for house purchase excluding revolving loans and overdrafts, convenience and extended credit card debt, Over 10 years initial rate fixation, New business coverage, Households and non-profit institutions serving households (S.14 and S.15) sector, denominated in Euro",PCPA,0
MIR.M.DE.B.A2C.P.R.A.2250.EUR.N,M,DE,B,A2C,P,R,A,2250,EUR,N,2003-03,5.12,A,F,,,P1M,,A,,,,,,,,,,4,,DE2,Bank interest rates - loans to households for house purchase with an interest rate fixation period of over ten years (new business) ,"Germany, Annualised agreed rate (AAR) / Narrowly defined effective rate (NDER), Credit and other institutions (MFI except MMFs and central banks) reporting sector - Lending for house purchase excluding revolving loans and overdrafts, convenience and extended credit card debt, Over 10 years initial rate fixation, New business coverage, Households and non-profit institutions serving households (S.14 and S.15) sector, denominated in Euro",PCPA,0
MIR.M.DE.B.A2C.P.R.A.2250.EUR.N,M,DE,B,A2C,P,R,A,2250,EUR,N,2003-04,5.17,A,F,,,P1M,,A,,,,,,,,,,4,,DE2,Bank interest rates - loans to households for house purchase with an interest rate fixation period of over ten years (new business) ,"Germany, Annualised agreed rate (AAR) / Narrowly defined effective rate (NDER), Credit and other institutions (MFI except MMFs and central banks) reporting sector - Lending for house purchase excluding revolving loans and overdrafts, convenience and extended credit card debt, Over 10 years initial rate fixation, New business coverage, Households and non-profit institutions serving households (S.14 and S.15) sector, denominated in Euro",PCPA,0
MIR.M.DE.B.A2C.P.R.A.2250.EUR.N,M,DE,B,A2C,P,R,A,2250,EUR,N,2003-05,5.03,A,F,,,P1M,,A,,,,,,,,,,4,,DE2,Bank interest rates - loans to households for house purchase with an interest rate fixation period of over ten years (new business) ,"Germany, Annualised agreed rate (AAR) / Narrowly defined effective rate (NDER), Credit and other institutions (MFI except MMFs and central banks) reporting sector - Lending for house purchase excluding revolving loans and overdrafts, convenience and extended credit card debt, Over 10 years initial rate fixation, New business coverage, Households and non-profit institutions serving households (S.14 and S.15) sector, denominated in Euro",PCPA,0
MIR.M.DE.B.A2C.P.R.A.2250.EUR.N,M,DE,B,A2C,P,R,A,2250,EUR,N,2003-06,4.85,A,F,,,P1M,,A,,,,,,,,,,4,,DE2,Bank interest rates - loans to households for house purchase with an interest rate fixation period of over ten years (new business) ,"Germany, Annualised agreed rate (AAR) / Narrowly defined effective rate (NDER), Credit and other institutions (MFI except MMFs and central banks) reporting sector - Lending for house purchase excluding revolving loans and overdrafts, convenience and extended credit card debt, Over 10 years initial rate fixation, New business coverage, Households and non-profit institutions serving households (S.14 and S.15) sector, denominated in Euro",PCPA,0
MIR.M.DE.B.A2C.P.R.A.2250.EUR.N,M,DE,B,A2C,P,R,A,2250,EUR,N,2003-07,4.85,A,F,,,P1M,,A,,,,,,,,,,4,,DE2,Bank interest rates - loans to households for house purchase with an interest rate fixation period of over ten years (new business) ,"Germany, Annualised agreed rate (AAR) / Narrowly defined effective rate (NDER), Credit and other institutions (MFI except MMFs and central banks) reporting sector - Lending for house purchase excluding revolving loans and overdrafts, convenience and extended credit card debt, Over 10 years initial rate fixation, New business coverage, Households and non-profit institutions serving households (S.14 and S.15) sector, denominated in Euro",PCPA,0
MIR.M.DE.B.A2C.P.R.A.2250.EUR.N,M,DE,B,A2C,P,R,A,2250,EUR,N,2003-08,4.91,A,F,,,P1M,,A,,,,,,,,,,4,,DE2,Bank interest rates - loans to households for house purchase with an interest rate fixation period of over ten years (new business) ,"Germany, Annualised agreed rate (AAR) / Narrowly defined effective rate (NDER), Credit and other institutions (MFI except MMFs and central banks) reporting sector - Lending for house purchase excluding revolving loans and overdrafts, convenience and extended credit card debt, Over 10 years initial rate fixation, New business coverage, Households and non-profit institutions serving households (S.14 and S.15) sector, denominated in Euro",PCPA,0
MIR.M.DE.B.A2C.P.R.A.2250.EUR.N,M,DE,B,A2C,P,R,A,2250,EUR,N,2003-09,5.03,A,F,,,P1M,,A,,,,,,,,,,4,,DE2,Bank interest rates - loans to households for house purchase with an interest rate fixation period of over ten years (new business) ,"Germany, Annualised agreed rate (AAR) / Narrowly defined effective rate (NDER), Credit and other institutions (MFI except MMFs and central banks) reporting sector - Lending for house purchase excluding revolving loans and overdrafts, convenience and extended credit card debt, Over 10 years initial rate fixation, New business coverage, Households and non-profit institutions serving households (S.14 and S.15) sector, denominated in Euro",PCPA,0
MIR.M.DE.B.A2C.P.R.A.2250.EUR.N,M,DE,B,A2C,P,R,A,2250,EUR,N,2003-10,5.08,A,F,,,P1M,,A,,,,,,,,,,4,,DE2,Bank interest rates - loans to households for house purchase with an interest rate fixation period of over ten years (new business) ,"Germany, Annualised agreed rate (AAR) / Narrowly defined effective rate (NDER), Credit and other institutions (MFI except MMFs and central banks) reporting sector - Lending for house purchase excluding revolving loans and overdrafts, convenience and extended credit card debt, Over 10 years initial rate fixation, New business coverage, Households and non-profit institutions serving households (S.14 and S.15) sector, denominated in Euro",PCPA,0
MIR.M.DE.B.A2C.P.R.A.2250.EUR.N,M,DE,B,A2C,P,R,A,2250,EUR,N,2003-11,5.12,A,F,,,P1M,,A,,,,,,,,,,4,,DE2,Bank interest rates - loans to households for house purchase with an interest rate fixation period of over ten years (new business) ,"Germany, Annualised agreed rate (AAR) / Narrowly defined effective rate (NDER), Credit and other institutions (MFI except MMFs and central banks) reporting sector - Lending for house purchase excluding revolving loans and overdrafts, convenience and extended credit card debt, Over 10 years initial rate fixation, New business coverage, Households and non-profit institutions serving households (S.14 and S.15) sector, denominated in Euro",PCPA,0
MIR.M.DE.B.A2C.P.R.A.2250.EUR.N,M,DE,B,A2C,P,R,A,2250,EUR,N,2003-12,5.19,A,F,,,P1M,,A,,,,,,,,,,4,,DE2,Bank interest rates - loans to households for house purchase with an interest rate fixation period of over ten years (new business) ,"Germany, Annualised agreed rate (AAR) / Narrowly defined effective rate (NDER), Credit and other institutions (MFI except MMFs and central banks) reporting sector - Lending for house purchase excluding revolving loans and overdrafts, convenience and extended credit card debt, Over 10 years initial rate fixation, New business coverage, Households and non-profit institutions serving households (S.14 and S.15) sector, denominated in Euro",PCPA,0
MIR.M.DE.B.A2C.P.R.A.2250.EUR.N,M,DE,B,A2C,P,R,A,2250,EUR,N,2004-01,5.19,A,F,,,P1M,,A,,,,,,,,,,4,,DE2,Bank interest rates - loans to households for house purchase with an interest rate fixation period of over ten years (new business) ,"Germany, Annualised agreed rate (AAR) / Narrowly defined effective rate (NDER), Credit and other institutions (MFI except MMFs and central banks) reporting sector - Lending for house purchase excluding revolving loans and overdrafts, convenience and extended credit card debt, Over 10 years initial rate fixation, New business coverage, Households and non-profit institutions serving households (S.14 and S.15) sector, denominated in Euro",PCPA,0
MIR.M.DE.B.A2C.P.R.A.2250.EUR.N,M,DE,B,A2C,P,R,A,2250,EUR,N,2004-02,5.03,A,F,,,P1M,,A,,,,,,,,,,4,,DE2,Bank interest rates - loans to households for house purchase with an interest rate fixation period of over ten years (new business) ,"Germany, Annualised agreed rate (AAR) / Narrowly defined effective rate (NDER), Credit and other institutions (MFI except MMFs and central banks) reporting sector - Lending for house purchase excluding revolving loans and overdrafts, convenience and extended credit card debt, Over 10 years initial rate fixation, New business coverage, Households and non-profit institutions serving households (S.14 and S.15) sector, denominated in Euro",PCPA,0
MIR.M.DE.B.A2C.P.R.A.2250.EUR.N,M,DE,B,A2C,P,R,A,2250,EUR,N,2004-03,4.98,A,F,,,P1M,,A,,,,,,,,,,4,,DE2,Bank interest rates - loans to households for house purchase with an interest rate fixation period of over ten years (new business) ,"Germany, Annualised agreed rate (AAR) / Narrowly defined effective rate (NDER), Credit and other institutions (MFI except MMFs and central banks) reporting sector - Lending for house purchase excluding revolving loans and overdrafts, convenience and extended credit card debt, Over 10 years initial rate fixation, New business coverage, Households and non-profit institutions serving households (S.14 and S.15) sector, denominated in Euro",PCPA,0
MIR.M.DE.B.A2C.P.R.A.2250.EUR.N,M,DE,B,A2C,P,R,A,2250,EUR,N,2004-04,4.95,A,F,,,P1M,,A,,,,,,,,,,4,,DE2,Bank interest rates - loans to households for house purchase with an interest rate fixation period of over ten years (new business) ,"Germany, Annualised agreed rate (AAR) / Narrowly defined effective rate (NDER), Credit and other institutions (MFI except MMFs and central banks) reporting sector - Lending for house purchase excluding revolving loans and overdrafts, convenience and extended credit card debt, Over 10 years initial rate fixation, New business coverage, Households and non-profit institutions serving households (S.14 and S.15) sector, denominated in Euro",PCPA,0
MIR.M.DE.B.A2C.P.R.A.2250.EUR.N,M,DE,B,A2C,P,R,A,2250,EUR,N,2004-05,4.94,A,F,,,P1M,,A,,,,,,,,,,4,,DE2,Bank interest rates - loans to households for house purchase with an interest rate fixation period of over ten years (new business) ,"Germany, Annualised agreed rate (AAR) / Narrowly defined effective rate (NDER), Credit and other institutions (MFI except MMFs and central banks) reporting sector - Lending for house purchase excluding revolving loans and overdrafts, convenience and extended credit card debt, Over 10 years initial rate fixation, New business coverage, Households and non-profit institutions serving households (S.14 and S.15) sector, denominated in Euro",PCPA,0
MIR.M.DE.B.A2C.P.R.A.2250.EUR.N,M,DE,B,A2C,P,R,A,2250,EUR,N,2004-06,5.09,A,F,,,P1M,,A,,,,,,,,,,4,,DE2,Bank interest rates - loans to households for house purchase with an interest rate fixation period of over ten years (new business) ,"Germany, Annualised agreed rate (AAR) / Narrowly defined effective rate (NDER), Credit and other institutions (MFI except MMFs and central banks) reporting sector - Lending for house purchase excluding revolving loans and overdrafts, convenience and extended credit card debt, Over 10 years initial rate fixation, New business coverage, Households and non-profit institutions serving households (S.14 and S.15) sector, denominated in Euro",PCPA,0
MIR.M.DE.B.A2C.P.R.A.2250.EUR.N,M,DE,B,A2C,P,R,A,2250,EUR,N,2004-07,5.11,A,F,,,P1M,,A,,,,,,,,,,4,,DE2,Bank interest rates - loans to households for house purchase with an interest rate fixation period of over ten years (new business) ,"Germany, Annualised agreed rate (AAR) / Narrowly defined effective rate (NDER), Credit and other institutions (MFI except MMFs and central banks) reporting sector - Lending for house purchase excluding revolving loans and overdrafts, convenience and extended credit card debt, Over 10 years initial rate fixation, New business coverage, Households and non-profit institutions serving households (S.14 and S.15) sector, denominated in Euro",PCPA,0
MIR.M.DE.B.A2C.P.R.A.2250.EUR.N,M,DE,B,A2C,P,R,A,2250,EUR,N,2004-08,4.99,A,F,,,P1M,,A,,,,,,,,,,4,,DE2,Bank interest rates - loans to households for house purchase with an interest rate fixation period of over ten years (new business) ,"Germany, Annualised agreed rate (AAR) / Narrowly defined effective rate (NDER), Credit and other institutions (MFI except MMFs and central banks) reporting sector - Lending for house purchase excluding revolving loans and overdrafts, convenience and extended credit card debt, Over 10 years initial rate fixation, New business coverage, Households and non-profit institutions serving households (S.14 and S.15) sector, denominated in Euro",PCPA,0
MIR.M.DE.B.A2C.P.R.A.2250.EUR.N,M,DE,B,A2C,P,R,A,2250,EUR,N,2004-09,4.97,A,F,,,P1M,,A,,,,,,,,,,4,,DE2,Bank interest rates - loans to households for house purchase with an interest rate fixation period of over ten years (new business) ,"Germany, Annualised agreed rate (AAR) / Narrowly defined effective rate (NDER), Credit and other institutions (MFI except MMFs and central banks) reporting sector - Lending for house purchase excluding revolving loans and overdrafts, convenience and extended credit card debt, Over 10 years initial rate fixation, New business coverage, Households and non-profit institutions serving households (S.14 and S.15) sector, denominated in Euro",PCPA,0
MIR.M.DE.B.A2C.P.R.A.2250.EUR.N,M,DE,B,A2C,P,R,A,2250,EUR,N,2004-10,4.88,A,F,,,P1M,,A,,,,,,,,,,4,,DE2,Bank interest rates - loans to households for house purchase with an interest rate fixation period of over ten years (new business) ,"Germany, Annualised agreed rate (AAR) / Narrowly defined effective rate (NDER), Credit and other institutions (MFI except MMFs and central banks) reporting sector - Lending for house purchase excluding revolving loans and overdrafts, convenience and extended credit card debt, Over 10 years initial rate fixation, New business coverage, Households and non-profit institutions serving households (S.14 and S.15) sector, denominated in Euro",PCPA,0
MIR.M.DE.B.A2C.P.R.A.2250.EUR.N,M,DE,B,A2C,P,R,A,2250,EUR,N,2004-11,4.76,A,F,,,P1M,,A,,,,,,,,,,4,,DE2,Bank interest rates - loans to households for house purchase with an interest rate fixation period of over ten years (new business) ,"Germany, Annualised agreed rate (AAR) / Narrowly defined effective rate (NDER), Credit and other institutions (MFI except MMFs and central banks) reporting sector - Lending for house purchase excluding revolving loans and overdrafts, convenience and extended credit card debt, Over 10 years initial rate fixation, New business coverage, Households and non-profit institutions serving households (S.14 and S.15) sector, denominated in Euro",PCPA,0
MIR.M.DE.B.A2C.P.R.A.2250.EUR.N,M,DE,B,A2C,P,R,A,2250,EUR,N,2004-12,4.67,A,F,,,P1M,,A,,,,,,,,,,4,,DE2,Bank interest rates - loans to households for house purchase with an interest rate fixation period of over ten years (new business) ,"Germany, Annualised agreed rate (AAR) / Narrowly defined effective rate (NDER), Credit and other institutions (MFI except MMFs and central banks) reporting sector - Lending for house purchase excluding revolving loans and overdrafts, convenience and extended credit card debt, Over 10 years initial rate fixation, New business coverage, Households and non-profit institutions serving households (S.14 and S.15) sector, denominated in Euro",PCPA,0
MIR.M.DE.B.A2C.P.R.A.2250.EUR.N,M,DE,B,A2C,P,R,A,2250,EUR,N,2005-01,4.62,A,F,,,P1M,,A,,,,,,,,,,4,,DE2,Bank interest rates - loans to households for house purchase with an interest rate fixation period of over ten years (new business) ,"Germany, Annualised agreed rate (AAR) / Narrowly defined effective rate (NDER), Credit and other institutions (MFI except MMFs and central banks) reporting sector - Lending for house purchase excluding revolving loans and overdrafts, convenience and extended credit card debt, Over 10 years initial rate fixation, New business coverage, Households and non-profit institutions serving households (S.14 and S.15) sector, denominated in Euro",PCPA,0
MIR.M.DE.B.A2C.P.R.A.2250.EUR.N,M,DE,B,A2C,P,R,A,2250,EUR,N,2005-02,4.48,A,F,,,P1M,,A,,,,,,,,,,4,,DE2,Bank interest rates - loans to households for house purchase with an interest rate fixation period of over ten years (new business) ,"Germany, Annualised agreed rate (AAR) / Narrowly defined effective rate (NDER), Credit and other institutions (MFI except MMFs and central banks) reporting sector - Lending for house purchase excluding revolving loans and overdrafts, convenience and extended credit card debt, Over 10 years initial rate fixation, New business coverage, Households and non-profit institutions serving households (S.14 and S.15) sector, denominated in Euro",PCPA,0
MIR.M.DE.B.A2C.P.R.A.2250.EUR.N,M,DE,B,A2C,P,R,A,2250,EUR,N,2005-03,4.52,A,F,,,P1M,,A,,,,,,,,,,4,,DE2,Bank interest rates - loans to households for house purchase with an interest rate fixation period of over ten years (new business) ,"Germany, Annualised agreed rate (AAR) / Narrowly defined effective rate (NDER), Credit and other institutions (MFI except MMFs and central banks) reporting sector - Lending for house purchase excluding revolving loans and overdrafts, convenience and extended credit card debt, Over 10 years initial rate fixation, New business coverage, Households and non-profit institutions serving households (S.14 and S.15) sector, denominated in Euro",PCPA,0
MIR.M.DE.B.A2C.P.R.A.2250.EUR.N,M,DE,B,A2C,P,R,A,2250,EUR,N,2005-04,4.58,A,F,,,P1M,,A,,,,,,,,,,4,,DE2,Bank interest rates - loans to households for house purchase with an interest rate fixation period of over ten years (new business) ,"Germany, Annualised agreed rate (AAR) / Narrowly defined effective rate (NDER), Credit and other institutions (MFI except MMFs and central banks) reporting sector - Lending for house purchase excluding revolving loans and overdrafts, convenience and extended credit card debt, Over 10 years initial rate fixation, New business coverage, Households and non-profit institutions serving households (S.14 and S.15) sector, denominated in Euro",PCPA,0
MIR.M.DE.B.A2C.P.R.A.2250.EUR.N,M,DE,B,A2C,P,R,A,2250,EUR,N,2005-05,4.4,A,F,,,P1M,,A,,,,,,,,,,4,,DE2,Bank interest rates - loans to households for house purchase with an interest rate fixation period of over ten years (new business) ,"Germany, Annualised agreed rate (AAR) / Narrowly defined effective rate (NDER), Credit and other institutions (MFI except MMFs and central banks) reporting sector - Lending for house purchase excluding revolving loans and overdrafts, convenience and extended credit card debt, Over 10 years initial rate fixation, New business coverage, Households and non-profit institutions serving households (S.14 and S.15) sector, denominated in Euro",PCPA,0
MIR.M.DE.B.A2C.P.R.A.2250.EUR.N,M,DE,B,A2C,P,R,A,2250,EUR,N,2005-06,4.26,A,F,,,P1M,,A,,,,,,,,,,4,,DE2,Bank interest rates - loans to households for house purchase with an interest rate fixation period of over ten years (new business) ,"Germany, Annualised agreed rate (AAR) / Narrowly defined effective rate (NDER), Credit and other institutions (MFI except MMFs and central banks) reporting sector - Lending for house purchase excluding revolving loans and overdrafts, convenience and extended credit card debt, Over 10 years initial rate fixation, New business coverage, Households and non-profit institutions serving households (S.14 and S.15) sector, denominated in Euro",PCPA,0
MIR.M.DE.B.A2C.P.R.A.2250.EUR.N,M,DE,B,A2C,P,R,A,2250,EUR,N,2005-07,4.23,A,F,,,P1M,,A,,,,,,,,,,4,,DE2,Bank interest rates - loans to households for house purchase with an interest rate fixation period of over ten years (new business) ,"Germany, Annualised agreed rate (AAR) / Narrowly defined effective rate (NDER), Credit and other institutions (MFI except MMFs and central banks) reporting sector - Lending for house purchase excluding revolving loans and overdrafts, convenience and extended credit card debt, Over 10 years initial rate fixation, New business coverage, Households and non-profit institutions serving households (S.14 and S.15) sector, denominated in Euro",PCPA,0
MIR.M.DE.B.A2C.P.R.A.2250.EUR.N,M,DE,B,A2C,P,R,A,2250,EUR,N,2005-08,4.19,A,F,,,P1M,,A,,,,,,,,,,4,,DE2,Bank interest rates - loans to households for house purchase with an interest rate fixation period of over ten years (new business) ,"Germany, Annualised agreed rate (AAR) / Narrowly defined effective rate (NDER), Credit and other institutions (MFI except MMFs and central banks) reporting sector - Lending for house purchase excluding revolving loans and overdrafts, convenience and extended credit card debt, Over 10 years initial rate fixation, New business coverage, Households and non-profit institutions serving households (S.14 and S.15) sector, denominated in Euro",PCPA,0
MIR.M.DE.B.A2C.P.R.A.2250.EUR.N,M,DE,B,A2C,P,R,A,2250,EUR,N,2005-09,4.16,A,F,,,P1M,,A,,,,,,,,,,4,,DE2,Bank interest rates - loans to households for house purchase with an interest rate fixation period of over ten years (new business) ,"Germany, Annualised agreed rate (AAR) / Narrowly defined effective rate (NDER), Credit and other institutions (MFI except MMFs and central banks) reporting sector - Lending for house purchase excluding revolving loans and overdrafts, convenience and extended credit card debt, Over 10 years initial rate fixation, New business coverage, Households and non-profit institutions serving households (S.14 and S.15) sector, denominated in Euro",PCPA,0
MIR.M.DE.B.A2C.P.R.A.2250.EUR.N,M,DE,B,A2C,P,R,A,2250,EUR,N,2005-10,4.18,A,F,,,P1M,,A,,,,,,,,,,4,,DE2,Bank interest rates - loans to households for house purchase with an interest rate fixation period of over ten years (new business) ,"Germany, Annualised agreed rate (AAR) / Narrowly defined effective rate (NDER), Credit and other institutions (MFI except MMFs and central banks) reporting sector - Lending for house purchase excluding revolving loans and overdrafts, convenience and extended credit card debt, Over 10 years initial rate fixation, New business coverage, Households and non-profit institutions serving households (S.14 and S.15) sector, denominated in Euro",PCPA,0
MIR.M.DE.B.A2C.P.R.A.2250.EUR.N,M,DE,B,A2C,P,R,A,2250,EUR,N,2005-11,4.25,A,F,,,P1M,,A,,,,,,,,,,4,,DE2,Bank interest rates - loans to households for house purchase with an interest rate fixation period of over ten years (new business) ,"Germany, Annualised agreed rate (AAR) / Narrowly defined effective rate (NDER), Credit and other institutions (MFI except MMFs and central banks) reporting sector - Lending for house purchase excluding revolving loans and overdrafts, convenience and extended credit card debt, Over 10 years initial rate fixation, New business coverage, Households and non-profit institutions serving households (S.14 and S.15) sector, denominated in Euro",PCPA,0
MIR.M.DE.B.A2C.P.R.A.2250.EUR.N,M,DE,B,A2C,P,R,A,2250,EUR,N,2005-12,4.32,A,F,,,P1M,,A,,,,,,,,,,4,,DE2,Bank interest rates - loans to households for house purchase with an interest rate fixation period of over ten years (new business) ,"Germany, Annualised agreed rate (AAR) / Narrowly defined effective rate (NDER), Credit and other institutions (MFI except MMFs and central banks) reporting sector - Lending for house purchase excluding revolving loans and overdrafts, convenience and extended credit card debt, Over 10 years initial rate fixation, New business coverage, Households and non-profit institutions serving households (S.14 and S.15) sector, denominated in Euro",PCPA,0
MIR.M.DE.B.A2C.P.R.A.2250.EUR.N,M,DE,B,A2C,P,R,A,2250,EUR,N,2006-01,4.35,A,F,,,P1M,,A,,,,,,,,,,4,,DE2,Bank interest rates - loans to households for house purchase with an interest rate fixation period of over ten years (new business) ,"Germany, Annualised agreed rate (AAR) / Narrowly defined effective rate (NDER), Credit and other institutions (MFI except MMFs and central banks) reporting sector - Lending for house purchase excluding revolving loans and overdrafts, convenience and extended credit card debt, Over 10 years initial rate fixation, New business coverage, Households and non-profit institutions serving households (S.14 and S.15) sector, denominated in Euro",PCPA,0
MIR.M.DE.B.A2C.P.R.A.2250.EUR.N,M,DE,B,A2C,P,R,A,2250,EUR,N,2006-02,4.31,A,F,,,P1M,,A,,,,,,,,,,4,,DE2,Bank interest rates - loans to households for house purchase with an interest rate fixation period of over ten years (new business) ,"Germany, Annualised agreed rate (AAR) / Narrowly defined effective rate (NDER), Credit and other institutions (MFI except MMFs and central banks) reporting sector - Lending for house purchase excluding revolving loans and overdrafts, convenience and extended credit card debt, Over 10 years initial rate fixation, New business coverage, Households and non-profit institutions serving households (S.14 and S.15) sector, denominated in Euro",PCPA,0
MIR.M.DE.B.A2C.P.R.A.2250.EUR.N,M,DE,B,A2C,P,R,A,2250,EUR,N,2006-03,4.39,A,F,,,P1M,,A,,,,,,,,,,4,,DE2,Bank interest rates - loans to households for house purchase with an interest rate fixation period of over ten years (new business) ,"Germany, Annualised agreed rate (AAR) / Narrowly defined effective rate (NDER), Credit and other institutions (MFI except MMFs and central banks) reporting sector - Lending for house purchase excluding revolving loans and overdrafts, convenience and extended credit card debt, Over 10 years initial rate fixation, New business coverage, Households and non-profit institutions serving households (S.14 and S.15) sector, denominated in Euro",PCPA,0
MIR.M.DE.B.A2C.P.R.A.2250.EUR.N,M,DE,B,A2C,P,R,A,2250,EUR,N,2006-04,4.56,A,F,,,P1M,,A,,,,,,,,,,4,,DE2,Bank interest rates - loans to households for house purchase with an interest rate fixation period of over ten years (new business) ,"Germany, Annualised agreed rate (AAR) / Narrowly defined effective rate (NDER), Credit and other institutions (MFI except MMFs and central banks) reporting sector - Lending for house purchase excluding revolving loans and overdrafts, convenience and extended credit card debt, Over 10 years initial rate fixation, New business coverage, Households and non-profit institutions serving households (S.14 and S.15) sector, denominated in Euro",PCPA,0
MIR.M.DE.B.A2C.P.R.A.2250.EUR.N,M,DE,B,A2C,P,R,A,2250,EUR,N,2006-05,4.56,A,F,,,P1M,,A,,,,,,,,,,4,,DE2,Bank interest rates - loans to households for house purchase with an interest rate fixation period of over ten years (new business) ,"Germany, Annualised agreed rate (AAR) / Narrowly defined effective rate (NDER), Credit and other institutions (MFI except MMFs and central banks) reporting sector - Lending for house purchase excluding revolving loans and overdrafts, convenience and extended credit card debt, Over 10 years initial rate fixation, New business coverage, Households and non-profit institutions serving households (S.14 and S.15) sector, denominated in Euro",PCPA,0
MIR.M.DE.B.A2C.P.R.A.2250.EUR.N,M,DE,B,A2C,P,R,A,2250,EUR,N,2006-06,4.63,A,F,,,P1M,,A,,,,,,,,,,4,,DE2,Bank interest rates - loans to households for house purchase with an interest rate fixation period of over ten years (new business) ,"Germany, Annualised agreed rate (AAR) / Narrowly defined effective rate (NDER), Credit and other institutions (MFI except MMFs and central banks) reporting sector - Lending for house purchase excluding revolving loans and overdrafts, convenience and extended credit card debt, Over 10 years initial rate fixation, New business coverage, Households and non-profit institutions serving households (S.14 and S.15) sector, denominated in Euro",PCPA,0
MIR.M.DE.B.A2C.P.R.A.2250.EUR.N,M,DE,B,A2C,P,R,A,2250,EUR,N,2006-07,4.8,A,F,,,P1M,,A,,,,,,,,,,4,,DE2,Bank interest rates - loans to households for house purchase with an interest rate fixation period of over ten years (new business) ,"Germany, Annualised agreed rate (AAR) / Narrowly defined effective rate (NDER), Credit and other institutions (MFI except MMFs and central banks) reporting sector - Lending for house purchase excluding revolving loans and overdrafts, convenience and extended credit card debt, Over 10 years initial rate fixation, New business coverage, Households and non-profit institutions serving households (S.14 and S.15) sector, denominated in Euro",PCPA,0
MIR.M.DE.B.A2C.P.R.A.2250.EUR.N,M,DE,B,A2C,P,R,A,2250,EUR,N,2006-08,4.76,A,F,,,P1M,,A,,,,,,,,,,4,,DE2,Bank interest rates - loans to households for house purchase with an interest rate fixation period of over ten years (new business) ,"Germany, Annualised agreed rate (AAR) / Narrowly defined effective rate (NDER), Credit and other institutions (MFI except MMFs and central banks) reporting sector - Lending for house purchase excluding revolving loans and overdrafts, convenience and extended credit card debt, Over 10 years initial rate fixation, New business coverage, Households and non-profit institutions serving households (S.14 and S.15) sector, denominated in Euro",PCPA,0
MIR.M.DE.B.A2C.P.R.A.2250.EUR.N,M,DE,B,A2C,P,R,A,2250,EUR,N,2006-09,4.69,A,F,,,P1M,,A,,,,,,,,,,4,,DE2,Bank interest rates - loans to households for house purchase with an interest rate fixation period of over ten years (new business) ,"Germany, Annualised agreed rate (AAR) / Narrowly defined effective rate (NDER), Credit and other institutions (MFI except MMFs and central banks) reporting sector - Lending for house purchase excluding revolving loans and overdrafts, convenience and extended credit card debt, Over 10 years initial rate fixation, New business coverage, Households and non-profit institutions serving households (S.14 and S.15) sector, denominated in Euro",PCPA,0
MIR.M.DE.B.A2C.P.R.A.2250.EUR.N,M,DE,B,A2C,P,R,A,2250,EUR,N,2006-10,4.65,A,F,,,P1M,,A,,,,,,,,,,4,,DE2,Bank interest rates - loans to households for house purchase with an interest rate fixation period of over ten years (new business) ,"Germany, Annualised agreed rate (AAR) / Narrowly defined effective rate (NDER), Credit and other institutions (MFI except MMFs and central banks) reporting sector - Lending for house purchase excluding revolving loans and overdrafts, convenience and extended credit card debt, Over 10 years initial rate fixation, New business coverage, Households and non-profit institutions serving households (S.14 and S.15) sector, denominated in Euro",PCPA,0
MIR.M.DE.B.A2C.P.R.A.2250.EUR.N,M,DE,B,A2C,P,R,A,2250,EUR,N,2006-11,4.61,A,F,,,P1M,,A,,,,,,,,,,4,,DE2,Bank interest rates - loans to households for house purchase with an interest rate fixation period of over ten years (new business) ,"Germany, Annualised agreed rate (AAR) / Narrowly defined effective rate (NDER), Credit and other institutions (MFI except MMFs and central banks) reporting sector - Lending for house purchase excluding revolving loans and overdrafts, convenience and extended credit card debt, Over 10 years initial rate fixation, New business coverage, Households and non-profit institutions serving households (S.14 and S.15) sector, denominated in Euro",PCPA,0
MIR.M.DE.B.A2C.P.R.A.2250.EUR.N,M,DE,B,A2C,P,R,A,2250,EUR,N,2006-12,4.56,A,F,,,P1M,,A,,,,,,,,,,4,,DE2,Bank interest rates - loans to households for house purchase with an interest rate fixation period of over ten years (new business) ,"Germany, Annualised agreed rate (AAR) / Narrowly defined effective rate (NDER), Credit and other institutions (MFI except MMFs and central banks) reporting sector - Lending for house purchase excluding revolving loans and overdrafts, convenience and extended credit card debt, Over 10 years initial rate fixation, New business coverage, Households and non-profit institutions serving households (S.14 and S.15) sector, denominated in Euro",PCPA,0
MIR.M.DE.B.A2C.P.R.A.2250.EUR.N,M,DE,B,A2C,P,R,A,2250,EUR,N,2007-01,4.67,A,F,,,P1M,,A,,,,,,,,,,4,,DE2,Bank interest rates - loans to households for house purchase with an interest rate fixation period of over ten years (new business) ,"Germany, Annualised agreed rate (AAR) / Narrowly defined effective rate (NDER), Credit and other institutions (MFI except MMFs and central banks) reporting sector - Lending for house purchase excluding revolving loans and overdrafts, convenience and extended credit card debt, Over 10 years initial rate fixation, New business coverage, Households and non-profit institutions serving households (S.14 and S.15) sector, denominated in Euro",PCPA,0
MIR.M.DE.B.A2C.P.R.A.2250.EUR.N,M,DE,B,A2C,P,R,A,2250,EUR,N,2007-02,4.78,A,F,,,P1M,,A,,,,,,,,,,4,,DE2,Bank interest rates - loans to households for house purchase with an interest rate fixation period of over ten years (new business) ,"Germany, Annualised agreed rate (AAR) / Narrowly defined effective rate (NDER), Credit and other institutions (MFI except MMFs and central banks) reporting sector - Lending for house purchase excluding revolving loans and overdrafts, convenience and extended credit card debt, Over 10 years initial rate fixation, New business coverage, Households and non-profit institutions serving households (S.14 and S.15) sector, denominated in Euro",PCPA,0
MIR.M.DE.B.A2C.P.R.A.2250.EUR.N,M,DE,B,A2C,P,R,A,2250,EUR,N,2007-03,4.76,A,F,,,P1M,,A,,,,,,,,,,4,,DE2,Bank interest rates - loans to households for house purchase with an interest rate fixation period of over ten years (new business) ,"Germany, Annualised agreed rate (AAR) / Narrowly defined effective rate (NDER), Credit and other institutions (MFI except MMFs and central banks) reporting sector - Lending for house purchase excluding revolving loans and overdrafts, convenience and extended credit card debt, Over 10 years initial rate fixation, New business coverage, Households and non-profit institutions serving households (S.14 and S.15) sector, denominated in Euro",PCPA,0
MIR.M.DE.B.A2C.P.R.A.2250.EUR.N,M,DE,B,A2C,P,R,A,2250,EUR,N,2007-04,4.81,A,F,,,P1M,,A,,,,,,,,,,4,,DE2,Bank interest rates - loans to households for house purchase with an interest rate fixation period of over ten years (new business) ,"Germany, Annualised agreed rate (AAR) / Narrowly defined effective rate (NDER), Credit and other institutions (MFI except MMFs and central banks) reporting sector - Lending for house purchase excluding revolving loans and overdrafts, convenience and extended credit card debt, Over 10 years initial rate fixation, New business coverage, Households and non-profit institutions serving households (S.14 and S.15) sector, denominated in Euro",PCPA,0
MIR.M.DE.B.A2C.P.R.A.2250.EUR.N,M,DE,B,A2C,P,R,A,2250,EUR,N,2007-05,4.85,A,F,,,P1M,,A,,,,,,,,,,4,,DE2,Bank interest rates - loans to households for house purchase with an interest rate fixation period of over ten years (new business) ,"Germany, Annualised agreed rate (AAR) / Narrowly defined effective rate (NDER), Credit and other institutions (MFI except MMFs and central banks) reporting sector - Lending for house purchase excluding revolving loans and overdrafts, convenience and extended credit card debt, Over 10 years initial rate fixation, New business coverage, Households and non-profit institutions serving households (S.14 and S.15) sector, denominated in Euro",PCPA,0
MIR.M.DE.B.A2C.P.R.A.2250.EUR.N,M,DE,B,A2C,P,R,A,2250,EUR,N,2007-06,5.03,A,F,,,P1M,,A,,,,,,,,,,4,,DE2,Bank interest rates - loans to households for house purchase with an interest rate fixation period of over ten years (new business) ,"Germany, Annualised agreed rate (AAR) / Narrowly defined effective rate (NDER), Credit and other institutions (MFI except MMFs and central banks) reporting sector - Lending for house purchase excluding revolving loans and overdrafts, convenience and extended credit card debt, Over 10 years initial rate fixation, New business coverage, Households and non-profit institutions serving households (S.14 and S.15) sector, denominated in Euro",PCPA,0
MIR.M.DE.B.A2C.P.R.A.2250.EUR.N,M,DE,B,A2C,P,R,A,2250,EUR,N,2007-07,5.16,A,F,,,P1M,,A,,,,,,,,,,4,,DE2,Bank interest rates - loans to households for house purchase with an interest rate fixation period of over ten years (new business) ,"Germany, Annualised agreed rate (AAR) / Narrowly defined effective rate (NDER), Credit and other institutions (MFI except MMFs and central banks) reporting sector - Lending for house purchase excluding revolving loans and overdrafts, convenience and extended credit card debt, Over 10 years initial rate fixation, New business coverage, Households and non-profit institutions serving households (S.14 and S.15) sector, denominated in Euro",PCPA,0
MIR.M.DE.B.A2C.P.R.A.2250.EUR.N,M,DE,B,A2C,P,R,A,2250,EUR,N,2007-08,5.16,A,F,,,P1M,,A,,,,,,,,,,4,,DE2,Bank interest rates - loans to households for house purchase with an interest rate fixation period of over ten years (new business) ,"Germany, Annualised agreed rate (AAR) / Narrowly defined effective rate (NDER), Credit and other institutions (MFI except MMFs and central banks) reporting sector - Lending for house purchase excluding revolving loans and overdrafts, convenience and extended credit card debt, Over 10 years initial rate fixation, New business coverage, Households and non-profit institutions serving households (S.14 and S.15) sector, denominated in Euro",PCPA,0
MIR.M.DE.B.A2C.P.R.A.2250.EUR.N,M,DE,B,A2C,P,R,A,2250,EUR,N,2007-09,5.08,A,F,,,P1M,,A,,,,,,,,,,4,,DE2,Bank interest rates - loans to households for house purchase with an interest rate fixation period of over ten years (new business) ,"Germany, Annualised agreed rate (AAR) / Narrowly defined effective rate (NDER), Credit and other institutions (MFI except MMFs and central banks) reporting sector - Lending for house purchase excluding revolving loans and overdrafts, convenience and extended credit card debt, Over 10 years initial rate fixation, New business coverage, Households and non-profit institutions serving households (S.14 and S.15) sector, denominated in Euro",PCPA,0
MIR.M.DE.B.A2C.P.R.A.2250.EUR.N,M,DE,B,A2C,P,R,A,2250,EUR,N,2007-10,5.08,A,F,,,P1M,,A,,,,,,,,,,4,,DE2,Bank interest rates - loans to households for house purchase with an interest rate fixation period of over ten years (new business) ,"Germany, Annualised agreed rate (AAR) / Narrowly defined effective rate (NDER), Credit and other institutions (MFI except MMFs and central banks) reporting sector - Lending for house purchase excluding revolving loans and overdrafts, convenience and extended credit card debt, Over 10 years initial rate fixation, New business coverage, Households and non-profit institutions serving households (S.14 and S.15) sector, denominated in Euro",PCPA,0
MIR.M.DE.B.A2C.P.R.A.2250.EUR.N,M,DE,B,A2C,P,R,A,2250,EUR,N,2007-11,5.02,A,F,,,P1M,,A,,,,,,,,,,4,,DE2,Bank interest rates - loans to households for house purchase with an interest rate fixation period of over ten years (new business) ,"Germany, Annualised agreed rate (AAR) / Narrowly defined effective rate (NDER), Credit and other institutions (MFI except MMFs and central banks) reporting sector - Lending for house purchase excluding revolving loans and overdrafts, convenience and extended credit card debt, Over 10 years initial rate fixation, New business coverage, Households and non-profit institutions serving households (S.14 and S.15) sector, denominated in Euro",PCPA,0
MIR.M.DE.B.A2C.P.R.A.2250.EUR.N,M,DE,B,A2C,P,R,A,2250,EUR,N,2007-12,5.01,A,F,,,P1M,,A,,,,,,,,,,4,,DE2,Bank interest rates - loans to households for house purchase with an interest rate fixation period of over ten years (new business) ,"Germany, Annualised agreed rate (AAR) / Narrowly defined effective rate (NDER), Credit and other institutions (MFI except MMFs and central banks) reporting sector - Lending for house purchase excluding revolving loans and overdrafts, convenience and extended credit card debt, Over 10 years initial rate fixation, New business coverage, Households and non-profit institutions serving households (S.14 and S.15) sector, denominated in Euro",PCPA,0
MIR.M.DE.B.A2C.P.R.A.2250.EUR.N,M,DE,B,A2C,P,R,A,2250,EUR,N,2008-01,5.06,A,F,,,P1M,,A,,,,,,,,,,4,,DE2,Bank interest rates - loans to households for house purchase with an interest rate fixation period of over ten years (new business) ,"Germany, Annualised agreed rate (AAR) / Narrowly defined effective rate (NDER), Credit and other institutions (MFI except MMFs and central banks) reporting sector - Lending for house purchase excluding revolving loans and overdrafts, convenience and extended credit card debt, Over 10 years initial rate fixation, New business coverage, Households and non-profit institutions serving households (S.14 and S.15) sector, denominated in Euro",PCPA,0
MIR.M.DE.B.A2C.P.R.A.2250.EUR.N,M,DE,B,A2C,P,R,A,2250,EUR,N,2008-02,4.89,A,F,,,P1M,,A,,,,,,,,,,4,,DE2,Bank interest rates - loans to households for house purchase with an interest rate fixation period of over ten years (new business) ,"Germany, Annualised agreed rate (AAR) / Narrowly defined effective rate (NDER), Credit and other institutions (MFI except MMFs and central banks) reporting sector - Lending for house purchase excluding revolving loans and overdrafts, convenience and extended credit card debt, Over 10 years initial rate fixation, New business coverage, Households and non-profit institutions serving households (S.14 and S.15) sector, denominated in Euro",PCPA,0
MIR.M.DE.B.A2C.P.R.A.2250.EUR.N,M,DE,B,A2C,P,R,A,2250,EUR,N,2008-03,4.88,A,F,,,P1M,,A,,,,,,,,,,4,,DE2,Bank interest rates - loans to households for house purchase with an interest rate fixation period of over ten years (new business) ,"Germany, Annualised agreed rate (AAR) / Narrowly defined effective rate (NDER), Credit and other institutions (MFI except MMFs and central banks) reporting sector - Lending for house purchase excluding revolving loans and overdrafts, convenience and extended credit card debt, Over 10 years initial rate fixation, New business coverage, Households and non-profit institutions serving households (S.14 and S.15) sector, denominated in Euro",PCPA,0
MIR.M.DE.B.A2C.P.R.A.2250.EUR.N,M,DE,B,A2C,P,R,A,2250,EUR,N,2008-04,4.97,A,F,,,P1M,,A,,,,,,,,,,4,,DE2,Bank interest rates - loans to households for house purchase with an interest rate fixation period of over ten years (new business) ,"Germany, Annualised agreed rate (AAR) / Narrowly defined effective rate (NDER), Credit and other institutions (MFI except MMFs and central banks) reporting sector - Lending for house purchase excluding revolving loans and overdrafts, convenience and extended credit card debt, Over 10 years initial rate fixation, New business coverage, Households and non-profit institutions serving households (S.14 and S.15) sector, denominated in Euro",PCPA,0
MIR.M.DE.B.A2C.P.R.A.2250.EUR.N,M,DE,B,A2C,P,R,A,2250,EUR,N,2008-05,4.97,A,F,,,P1M,,A,,,,,,,,,,4,,DE2,Bank interest rates - loans to households for house purchase with an interest rate fixation period of over ten years (new business) ,"Germany, Annualised agreed rate (AAR) / Narrowly defined effective rate (NDER), Credit and other institutions (MFI except MMFs and central banks) reporting sector - Lending for house purchase excluding revolving loans and overdrafts, convenience and extended credit card debt, Over 10 years initial rate fixation, New business coverage, Households and non-profit institutions serving households (S.14 and S.15) sector, denominated in Euro",PCPA,0
MIR.M.DE.B.A2C.P.R.A.2250.EUR.N,M,DE,B,A2C,P,R,A,2250,EUR,N,2008-06,5.09,A,F,,,P1M,,A,,,,,,,,,,4,,DE2,Bank interest rates - loans to households for house purchase with an interest rate fixation period of over ten years (new business) ,"Germany, Annualised agreed rate (AAR) / Narrowly defined effective rate (NDER), Credit and other institutions (MFI except MMFs and central banks) reporting sector - Lending for house purchase excluding revolving loans and overdrafts, convenience and extended credit card debt, Over 10 years initial rate fixation, New business coverage, Households and non-profit institutions serving households (S.14 and S.15) sector, denominated in Euro",PCPA,0
MIR.M.DE.B.A2C.P.R.A.2250.EUR.N,M,DE,B,A2C,P,R,A,2250,EUR,N,2008-07,5.28,A,F,,,P1M,,A,,,,,,,,,,4,,DE2,Bank interest rates - loans to households for house purchase with an interest rate fixation period of over ten years (new business) ,"Germany, Annualised agreed rate (AAR) / Narrowly defined effective rate (NDER), Credit and other institutions (MFI except MMFs and central banks) reporting sector - Lending for house purchase excluding revolving loans and overdrafts, convenience and extended credit card debt, Over 10 years initial rate fixation, New business coverage, Households and non-profit institutions serving households (S.14 and S.15) sector, denominated in Euro",PCPA,0
MIR.M.DE.B.A2C.P.R.A.2250.EUR.N,M,DE,B,A2C,P,R,A,2250,EUR,N,2008-08,5.3,A,F,,,P1M,,A,,,,,,,,,,4,,DE2,Bank interest rates - loans to households for house purchase with an interest rate fixation period of over ten years (new business) ,"Germany, Annualised agreed rate (AAR) / Narrowly defined effective rate (NDER), Credit and other institutions (MFI except MMFs and central banks) reporting sector - Lending for house purchase excluding revolving loans and overdrafts, convenience and extended credit card debt, Over 10 years initial rate fixation, New business coverage, Households and non-profit institutions serving households (S.14 and S.15) sector, denominated in Euro",PCPA,0
MIR.M.DE.B.A2C.P.R.A.2250.EUR.N,M,DE,B,A2C,P,R,A,2250,EUR,N,2008-09,5.21,A,F,,,P1M,,A,,,,,,,,,,4,,DE2,Bank interest rates - loans to households for house purchase with an interest rate fixation period of over ten years (new business) ,"Germany, Annualised agreed rate (AAR) / Narrowly defined effective rate (NDER), Credit and other institutions (MFI except MMFs and central banks) reporting sector - Lending for house purchase excluding revolving loans and overdrafts, convenience and extended credit card debt, Over 10 years initial rate fixation, New business coverage, Households and non-profit institutions serving households (S.14 and S.15) sector, denominated in Euro",PCPA,0
MIR.M.DE.B.A2C.P.R.A.2250.EUR.N,M,DE,B,A2C,P,R,A,2250,EUR,N,2008-10,5.12,A,F,,,P1M,,A,,,,,,,,,,4,,DE2,Bank interest rates - loans to households for house purchase with an interest rate fixation period of over ten years (new business) ,"Germany, Annualised agreed rate (AAR) / Narrowly defined effective rate (NDER), Credit and other institutions (MFI except MMFs and central banks) reporting sector - Lending for house purchase excluding revolving loans and overdrafts, convenience and extended credit card debt, Over 10 years initial rate fixation, New business coverage, Households and non-profit institutions serving households (S.14 and S.15) sector, denominated in Euro",PCPA,0
MIR.M.DE.B.A2C.P.R.A.2250.EUR.N,M,DE,B,A2C,P,R,A,2250,EUR,N,2008-11,5.01,A,F,,,P1M,,A,,,,,,,,,,4,,DE2,Bank interest rates - loans to households for house purchase with an interest rate fixation period of over ten years (new business) ,"Germany, Annualised agreed rate (AAR) / Narrowly defined effective rate (NDER), Credit and other institutions (MFI except MMFs and central banks) reporting sector - Lending for house purchase excluding revolving loans and overdrafts, convenience and extended credit card debt, Over 10 years initial rate fixation, New business coverage, Households and non-profit institutions serving households (S.14 and S.15) sector, denominated in Euro",PCPA,0
MIR.M.DE.B.A2C.P.R.A.2250.EUR.N,M,DE,B,A2C,P,R,A,2250,EUR,N,2008-12,4.73,A,F,,,P1M,,A,,,,,,,,,,4,,DE2,Bank interest rates - loans to households for house purchase with an interest rate fixation period of over ten years (new business) ,"Germany, Annualised agreed rate (AAR) / Narrowly defined effective rate (NDER), Credit and other institutions (MFI except MMFs and central banks) reporting sector - Lending for house purchase excluding revolving loans and overdrafts, convenience and extended credit card debt, Over 10 years initial rate fixation, New business coverage, Households and non-profit institutions serving households (S.14 and S.15) sector, denominated in Euro",PCPA,0
MIR.M.DE.B.A2C.P.R.A.2250.EUR.N,M,DE,B,A2C,P,R,A,2250,EUR,N,2009-01,4.77,A,F,,,P1M,,A,,,,,,,,,,4,,DE2,Bank interest rates - loans to households for house purchase with an interest rate fixation period of over ten years (new business) ,"Germany, Annualised agreed rate (AAR) / Narrowly defined effective rate (NDER), Credit and other institutions (MFI except MMFs and central banks) reporting sector - Lending for house purchase excluding revolving loans and overdrafts, convenience and extended credit card debt, Over 10 years initial rate fixation, New business coverage, Households and non-profit institutions serving households (S.14 and S.15) sector, denominated in Euro",PCPA,0
MIR.M.DE.B.A2C.P.R.A.2250.EUR.N,M,DE,B,A2C,P,R,A,2250,EUR,N,2009-02,4.6,A,F,,,P1M,,A,,,,,,,,,,4,,DE2,Bank interest rates - loans to households for house purchase with an interest rate fixation period of over ten years (new business) ,"Germany, Annualised agreed rate (AAR) / Narrowly defined effective rate (NDER), Credit and other institutions (MFI except MMFs and central banks) reporting sector - Lending for house purchase excluding revolving loans and overdrafts, convenience and extended credit card debt, Over 10 years initial rate fixation, New business coverage, Households and non-profit institutions serving households (S.14 and S.15) sector, denominated in Euro",PCPA,0
MIR.M.DE.B.A2C.P.R.A.2250.EUR.N,M,DE,B,A2C,P,R,A,2250,EUR,N,2009-03,4.49,A,F,,,P1M,,A,,,,,,,,,,4,,DE2,Bank interest rates - loans to households for house purchase with an interest rate fixation period of over ten years (new business) ,"Germany, Annualised agreed rate (AAR) / Narrowly defined effective rate (NDER), Credit and other institutions (MFI except MMFs and central banks) reporting sector - Lending for house purchase excluding revolving loans and overdrafts, convenience and extended credit card debt, Over 10 years initial rate fixation, New business coverage, Households and non-profit institutions serving households (S.14 and S.15) sector, denominated in Euro",PCPA,0
MIR.M.DE.B.A2C.P.R.A.2250.EUR.N,M,DE,B,A2C,P,R,A,2250,EUR,N,2009-04,4.54,A,F,,,P1M,,A,,,,,,,,,,4,,DE2,Bank interest rates - loans to households for house purchase with an interest rate fixation period of over ten years (new business) ,"Germany, Annualised agreed rate (AAR) / Narrowly defined effective rate (NDER), Credit and other institutions (MFI except MMFs and central banks) reporting sector - Lending for house purchase excluding revolving loans and overdrafts, convenience and extended credit card debt, Over 10 years initial rate fixation, New business coverage, Households and non-profit institutions serving households (S.14 and S.15) sector, denominated in Euro",PCPA,0
MIR.M.DE.B.A2C.P.R.A.2250.EUR.N,M,DE,B,A2C,P,R,A,2250,EUR,N,2009-05,4.47,A,F,,,P1M,,A,,,,,,,,,,4,,DE2,Bank interest rates - loans to households for house purchase with an interest rate fixation period of over ten years (new business) ,"Germany, Annualised agreed rate (AAR) / Narrowly defined effective rate (NDER), Credit and other institutions (MFI except MMFs and central banks) reporting sector - Lending for house purchase excluding revolving loans and overdrafts, convenience and extended credit card debt, Over 10 years initial rate fixation, New business coverage, Households and non-profit institutions serving households (S.14 and S.15) sector, denominated in Euro",PCPA,0
MIR.M.DE.B.A2C.P.R.A.2250.EUR.N,M,DE,B,A2C,P,R,A,2250,EUR,N,2009-06,4.53,A,F,,,P1M,,A,,,,,,,,,,4,,DE2,Bank interest rates - loans to households for house purchase with an interest rate fixation period of over ten years (new business) ,"Germany, Annualised agreed rate (AAR) / Narrowly defined effective rate (NDER), Credit and other institutions (MFI except MMFs and central banks) reporting sector - Lending for house purchase excluding revolving loans and overdrafts, convenience and extended credit card debt, Over 10 years initial rate fixation, New business coverage, Households and non-profit institutions serving households (S.14 and S.15) sector, denominated in Euro",PCPA,0
MIR.M.DE.B.A2C.P.R.A.2250.EUR.N,M,DE,B,A2C,P,R,A,2250,EUR,N,2009-07,4.54,A,F,,,P1M,,A,,,,,,,,,,4,,DE2,Bank interest rates - loans to households for house purchase with an interest rate fixation period of over ten years (new business) ,"Germany, Annualised agreed rate (AAR) / Narrowly defined effective rate (NDER), Credit and other institutions (MFI except MMFs and central banks) reporting sector - Lending for house purchase excluding revolving loans and overdrafts, convenience and extended credit card debt, Over 10 years initial rate fixation, New business coverage, Households and non-profit institutions serving households (S.14 and S.15) sector, denominated in Euro",PCPA,0
MIR.M.DE.B.A2C.P.R.A.2250.EUR.N,M,DE,B,A2C,P,R,A,2250,EUR,N,2009-08,4.51,A,F,,,P1M,,A,,,,,,,,,,4,,DE2,Bank interest rates - loans to households for house purchase with an interest rate fixation period of over ten years (new business) ,"Germany, Annualised agreed rate (AAR) / Narrowly defined effective rate (NDER), Credit and other institutions (MFI except MMFs and central banks) reporting sector - Lending for house purchase excluding revolving loans and overdrafts, convenience and extended credit card debt, Over 10 years initial rate fixation, New business coverage, Households and non-profit institutions serving households (S.14 and S.15) sector, denominated in Euro",PCPA,0
MIR.M.DE.B.A2C.P.R.A.2250.EUR.N,M,DE,B,A2C,P,R,A,2250,EUR,N,2009-09,4.45,A,F,,,P1M,,A,,,,,,,,,,4,,DE2,Bank interest rates - loans to households for house purchase with an interest rate fixation period of over ten years (new business) ,"Germany, Annualised agreed rate (AAR) / Narrowly defined effective rate (NDER), Credit and other institutions (MFI except MMFs and central banks) reporting sector - Lending for house purchase excluding revolving loans and overdrafts, convenience and extended credit card debt, Over 10 years initial rate fixation, New business coverage, Households and non-profit institutions serving households (S.14 and S.15) sector, denominated in Euro",PCPA,0
MIR.M.DE.B.A2C.P.R.A.2250.EUR.N,M,DE,B,A2C,P,R,A,2250,EUR,N,2009-10,4.41,A,F,,,P1M,,A,,,,,,,,,,4,,DE2,Bank interest rates - loans to households for house purchase with an interest rate fixation period of over ten years (new business) ,"Germany, Annualised agreed rate (AAR) / Narrowly defined effective rate (NDER), Credit and other institutions (MFI except MMFs and central banks) reporting sector - Lending for house purchase excluding revolving loans and overdrafts, convenience and extended credit card debt, Over 10 years initial rate fixation, New business coverage, Households and non-profit institutions serving households (S.14 and S.15) sector, denominated in Euro",PCPA,0
MIR.M.DE.B.A2C.P.R.A.2250.EUR.N,M,DE,B,A2C,P,R,A,2250,EUR,N,2009-11,4.32,A,F,,,P1M,,A,,,,,,,,,,4,,DE2,Bank interest rates - loans to households for house purchase with an interest rate fixation period of over ten years (new business) ,"Germany, Annualised agreed rate (AAR) / Narrowly defined effective rate (NDER), Credit and other institutions (MFI except MMFs and central banks) reporting sector - Lending for house purchase excluding revolving loans and overdrafts, convenience and extended credit card debt, Over 10 years initial rate fixation, New business coverage, Households and non-profit institutions serving households (S.14 and S.15) sector, denominated in Euro",PCPA,0
MIR.M.DE.B.A2C.P.R.A.2250.EUR.N,M,DE,B,A2C,P,R,A,2250,EUR,N,2009-12,4.38,A,F,,,P1M,,A,,,,,,,,,,4,,DE2,Bank interest rates - loans to households for house purchase with an interest rate fixation period of over ten years (new business) ,"Germany, Annualised agreed rate (AAR) / Narrowly defined effective rate (NDER), Credit and other institutions (MFI except MMFs and central banks) reporting sector - Lending for house purchase excluding revolving loans and overdrafts, convenience and extended credit card debt, Over 10 years initial rate fixation, New business coverage, Households and non-profit institutions serving households (S.14 and S.15) sector, denominated in Euro",PCPA,0
MIR.M.DE.B.A2C.P.R.A.2250.EUR.N,M,DE,B,A2C,P,R,A,2250,EUR,N,2010-01,4.49,A,F,,,P1M,,A,,,,,,,,,,4,,DE2,Bank interest rates - loans to households for house purchase with an interest rate fixation period of over ten years (new business) ,"Germany, Annualised agreed rate (AAR) / Narrowly defined effective rate (NDER), Credit and other institutions (MFI except MMFs and central banks) reporting sector - Lending for house purchase excluding revolving loans and overdrafts, convenience and extended credit card debt, Over 10 years initial rate fixation, New business coverage, Households and non-profit institutions serving households (S.14 and S.15) sector, denominated in Euro",PCPA,0
MIR.M.DE.B.A2C.P.R.A.2250.EUR.N,M,DE,B,A2C,P,R,A,2250,EUR,N,2010-02,4.34,A,F,,,P1M,,A,,,,,,,,,,4,,DE2,Bank interest rates - loans to households for house purchase with an interest rate fixation period of over ten years (new business) ,"Germany, Annualised agreed rate (AAR) / Narrowly defined effective rate (NDER), Credit and other institutions (MFI except MMFs and central banks) reporting sector - Lending for house purchase excluding revolving loans and overdrafts, convenience and extended credit card debt, Over 10 years initial rate fixation, New business coverage, Households and non-profit institutions serving households (S.14 and S.15) sector, denominated in Euro",PCPA,0
MIR.M.DE.B.A2C.P.R.A.2250.EUR.N,M,DE,B,A2C,P,R,A,2250,EUR,N,2010-03,4.3,A,F,,,P1M,,A,,,,,,,,,,4,,DE2,Bank interest rates - loans to households for house purchase with an interest rate fixation period of over ten years (new business) ,"Germany, Annualised agreed rate (AAR) / Narrowly defined effective rate (NDER), Credit and other institutions (MFI except MMFs and central banks) reporting sector - Lending for house purchase excluding revolving loans and overdrafts, convenience and extended credit card debt, Over 10 years initial rate fixation, New business coverage, Households and non-profit institutions serving households (S.14 and S.15) sector, denominated in Euro",PCPA,0
MIR.M.DE.B.A2C.P.R.A.2250.EUR.N,M,DE,B,A2C,P,R,A,2250,EUR,N,2010-04,4.36,A,F,,,P1M,,A,,,,,,,,,,4,,DE2,Bank interest rates - loans to households for house purchase with an interest rate fixation period of over ten years (new business) ,"Germany, Annualised agreed rate (AAR) / Narrowly defined effective rate (NDER), Credit and other institutions (MFI except MMFs and central banks) reporting sector - Lending for house purchase excluding revolving loans and overdrafts, convenience and extended credit card debt, Over 10 years initial rate fixation, New business coverage, Households and non-profit institutions serving households (S.14 and S.15) sector, denominated in Euro",PCPA,0
MIR.M.DE.B.A2C.P.R.A.2250.EUR.N,M,DE,B,A2C,P,R,A,2250,EUR,N,2010-05,4.1,A,F,,,P1M,,A,,,,,,,,,,4,,DE2,Bank interest rates - loans to households for house purchase with an interest rate fixation period of over ten years (new business) ,"Germany, Annualised agreed rate (AAR) / Narrowly defined effective rate (NDER), Credit and other institutions (MFI except MMFs and central banks) reporting sector - Lending for house purchase excluding revolving loans and overdrafts, convenience and extended credit card debt, Over 10 years initial rate fixation, New business coverage, Households and non-profit institutions serving households (S.14 and S.15) sector, denominated in Euro",PCPA,0
MIR.M.DE.B.A2C.P.R.A.2250.EUR.N,M,DE,B,A2C,P,R,A,2250,EUR,N,2010-06,3.88,A,F,,,P1M,,A,,,,,,,,,,4,,DE2,Bank interest rates - loans to households for house purchase with an interest rate fixation period of over ten years (new business) ,"Germany, Annualised agreed rate (AAR) / Narrowly defined effective rate (NDER), Credit and other institutions (MFI except MMFs and central banks) reporting sector - Lending for house purchase excluding revolving loans and overdrafts, convenience and extended credit card debt, Over 10 years initial rate fixation, New business coverage, Households and non-profit institutions serving households (S.14 and S.15) sector, denominated in Euro",PCPA,0
MIR.M.DE.B.A2C.P.R.A.2250.EUR.N,M,DE,B,A2C,P,R,A,2250,EUR,N,2010-07,3.77,A,F,,,P1M,,A,,,,,,,,,,4,,DE2,Bank interest rates - loans to households for house purchase with an interest rate fixation period of over ten years (new business) ,"Germany, Annualised agreed rate (AAR) / Narrowly defined effective rate (NDER), Credit and other institutions (MFI except MMFs and central banks) reporting sector - Lending for house purchase excluding revolving loans and overdrafts, convenience and extended credit card debt, Over 10 years initial rate fixation, New business coverage, Households and non-profit institutions serving households (S.14 and S.15) sector, denominated in Euro",PCPA,0
MIR.M.DE.B.A2C.P.R.A.2250.EUR.N,M,DE,B,A2C,P,R,A,2250,EUR,N,2010-08,3.8,A,F,,,P1M,,A,,,,,,,,,,4,,DE2,Bank interest rates - loans to households for house purchase with an interest rate fixation period of over ten years (new business) ,"Germany, Annualised agreed rate (AAR) / Narrowly defined effective rate (NDER), Credit and other institutions (MFI except MMFs and central banks) reporting sector - Lending for house purchase excluding revolving loans and overdrafts, convenience and extended credit card debt, Over 10 years initial rate fixation, New business coverage, Households and non-profit institutions serving households (S.14 and S.15) sector, denominated in Euro",PCPA,0
MIR.M.DE.B.A2C.P.R.A.2250.EUR.N,M,DE,B,A2C,P,R,A,2250,EUR,N,2010-09,3.62,A,F,,,P1M,,A,,,,,,,,,,4,,DE2,Bank interest rates - loans to households for house purchase with an interest rate fixation period of over ten years (new business) ,"Germany, Annualised agreed rate (AAR) / Narrowly defined effective rate (NDER), Credit and other institutions (MFI except MMFs and central banks) reporting sector - Lending for house purchase excluding revolving loans and overdrafts, convenience and extended credit card debt, Over 10 years initial rate fixation, New business coverage, Households and non-profit institutions serving households (S.14 and S.15) sector, denominated in Euro",PCPA,0
MIR.M.DE.B.A2C.P.R.A.2250.EUR.N,M,DE,B,A2C,P,R,A,2250,EUR,N,2010-10,3.61,A,F,,,P1M,,A,,,,,,,,,,4,,DE2,Bank interest rates - loans to households for house purchase with an interest rate fixation period of over ten years (new business) ,"Germany, Annualised agreed rate (AAR) / Narrowly defined effective rate (NDER), Credit and other institutions (MFI except MMFs and central banks) reporting sector - Lending for house purchase excluding revolving loans and overdrafts, convenience and extended credit card debt, Over 10 years initial rate fixation, New business coverage, Households and non-profit institutions serving households (S.14 and S.15) sector, denominated in Euro",PCPA,0
MIR.M.DE.B.A2C.P.R.A.2250.EUR.N,M,DE,B,A2C,P,R,A,2250,EUR,N,2010-11,3.66,A,F,,,P1M,,A,,,,,,,,,,4,,DE2,Bank interest rates - loans to households for house purchase with an interest rate fixation period of over ten years (new business) ,"Germany, Annualised agreed rate (AAR) / Narrowly defined effective rate (NDER), Credit and other institutions (MFI except MMFs and central banks) reporting sector - Lending for house purchase excluding revolving loans and overdrafts, convenience and extended credit card debt, Over 10 years initial rate fixation, New business coverage, Households and non-profit institutions serving households (S.14 and S.15) sector, denominated in Euro",PCPA,0
MIR.M.DE.B.A2C.P.R.A.2250.EUR.N,M,DE,B,A2C,P,R,A,2250,EUR,N,2010-12,3.79,A,F,,,P1M,,A,,,,,,,,,,4,,DE2,Bank interest rates - loans to households for house purchase with an interest rate fixation period of over ten years (new business) ,"Germany, Annualised agreed rate (AAR) / Narrowly defined effective rate (NDER), Credit and other institutions (MFI except MMFs and central banks) reporting sector - Lending for house purchase excluding revolving loans and overdrafts, convenience and extended credit card debt, Over 10 years initial rate fixation, New business coverage, Households and non-profit institutions serving households (S.14 and S.15) sector, denominated in Euro",PCPA,0
MIR.M.DE.B.A2C.P.R.A.2250.EUR.N,M,DE,B,A2C,P,R,A,2250,EUR,N,2011-01,4.05,A,F,,,P1M,,A,,,,,,,,,,4,,DE2,Bank interest rates - loans to households for house purchase with an interest rate fixation period of over ten years (new business) ,"Germany, Annualised agreed rate (AAR) / Narrowly defined effective rate (NDER), Credit and other institutions (MFI except MMFs and central banks) reporting sector - Lending for house purchase excluding revolving loans and overdrafts, convenience and extended credit card debt, Over 10 years initial rate fixation, New business coverage, Households and non-profit institutions serving households (S.14 and S.15) sector, denominated in Euro",PCPA,0
MIR.M.DE.B.A2C.P.R.A.2250.EUR.N,M,DE,B,A2C,P,R,A,2250,EUR,N,2011-02,4.15,A,F,,,P1M,,A,,,,,,,,,,4,,DE2,Bank interest rates - loans to households for house purchase with an interest rate fixation period of over ten years (new business) ,"Germany, Annualised agreed rate (AAR) / Narrowly defined effective rate (NDER), Credit and other institutions (MFI except MMFs and central banks) reporting sector - Lending for house purchase excluding revolving loans and overdrafts, convenience and extended credit card debt, Over 10 years initial rate fixation, New business coverage, Households and non-profit institutions serving households (S.14 and S.15) sector, denominated in Euro",PCPA,0
MIR.M.DE.B.A2C.P.R.A.2250.EUR.N,M,DE,B,A2C,P,R,A,2250,EUR,N,2011-03,4.26,A,F,,,P1M,,A,,,,,,,,,,4,,DE2,Bank interest rates - loans to households for house purchase with an interest rate fixation period of over ten years (new business) ,"Germany, Annualised agreed rate (AAR) / Narrowly defined effective rate (NDER), Credit and other institutions (MFI except MMFs and central banks) reporting sector - Lending for house purchase excluding revolving loans and overdrafts, convenience and extended credit card debt, Over 10 years initial rate fixation, New business coverage, Households and non-profit institutions serving households (S.14 and S.15) sector, denominated in Euro",PCPA,0
MIR.M.DE.B.A2C.P.R.A.2250.EUR.N,M,DE,B,A2C,P,R,A,2250,EUR,N,2011-04,4.48,A,F,,,P1M,,A,,,,,,,,,,4,,DE2,Bank interest rates - loans to households for house purchase with an interest rate fixation period of over ten years (new business) ,"Germany, Annualised agreed rate (AAR) / Narrowly defined effective rate (NDER), Credit and other institutions (MFI except MMFs and central banks) reporting sector - Lending for house purchase excluding revolving loans and overdrafts, convenience and extended credit card debt, Over 10 years initial rate fixation, New business coverage, Households and non-profit institutions serving households (S.14 and S.15) sector, denominated in Euro",PCPA,0
MIR.M.DE.B.A2C.P.R.A.2250.EUR.N,M,DE,B,A2C,P,R,A,2250,EUR,N,2011-05,4.4,A,F,,,P1M,,A,,,,,,,,,,4,,DE2,Bank interest rates - loans to households for house purchase with an interest rate fixation period of over ten years (new business) ,"Germany, Annualised agreed rate (AAR) / Narrowly defined effective rate (NDER), Credit and other institutions (MFI except MMFs and central banks) reporting sector - Lending for house purchase excluding revolving loans and overdrafts, convenience and extended credit card debt, Over 10 years initial rate fixation, New business coverage, Households and non-profit institutions serving households (S.14 and S.15) sector, denominated in Euro",PCPA,0
MIR.M.DE.B.A2C.P.R.A.2250.EUR.N,M,DE,B,A2C,P,R,A,2250,EUR,N,2011-06,4.31,A,F,,,P1M,,A,,,,,,,,,,4,,DE2,Bank interest rates - loans to households for house purchase with an interest rate fixation period of over ten years (new business) ,"Germany, Annualised agreed rate (AAR) / Narrowly defined effective rate (NDER), Credit and other institutions (MFI except MMFs and central banks) reporting sector - Lending for house purchase excluding revolving loans and overdrafts, convenience and extended credit card debt, Over 10 years initial rate fixation, New business coverage, Households and non-profit institutions serving households (S.14 and S.15) sector, denominated in Euro",PCPA,0
MIR.M.DE.B.A2C.P.R.A.2250.EUR.N,M,DE,B,A2C,P,R,A,2250,EUR,N,2011-07,4.24,A,F,,,P1M,,A,,,,,,,,,,4,,DE2,Bank interest rates - loans to households for house purchase with an interest rate fixation period of over ten years (new business) ,"Germany, Annualised agreed rate (AAR) / Narrowly defined effective rate (NDER), Credit and other institutions (MFI except MMFs and central banks) reporting sector - Lending for house purchase excluding revolving loans and overdrafts, convenience and extended credit card debt, Over 10 years initial rate fixation, New business coverage, Households and non-profit institutions serving households (S.14 and S.15) sector, denominated in Euro",PCPA,0
MIR.M.DE.B.A2C.P.R.A.2250.EUR.N,M,DE,B,A2C,P,R,A,2250,EUR,N,2011-08,4.1,A,F,,,P1M,,A,,,,,,,,,,4,,DE2,Bank interest rates - loans to households for house purchase with an interest rate fixation period of over ten years (new business) ,"Germany, Annualised agreed rate (AAR) / Narrowly defined effective rate (NDER), Credit and other institutions (MFI except MMFs and central banks) reporting sector - Lending for house purchase excluding revolving loans and overdrafts, convenience and extended credit card debt, Over 10 years initial rate fixation, New business coverage, Households and non-profit institutions serving households (S.14 and S.15) sector, denominated in Euro",PCPA,0
MIR.M.DE.B.A2C.P.R.A.2250.EUR.N,M,DE,B,A2C,P,R,A,2250,EUR,N,2011-09,3.78,A,F,,,P1M,,A,,,,,,,,,,4,,DE2,Bank interest rates - loans to households for house purchase with an interest rate fixation period of over ten years (new business) ,"Germany, Annualised agreed rate (AAR) / Narrowly defined effective rate (NDER), Credit and other institutions (MFI except MMFs and central banks) reporting sector - Lending for house purchase excluding revolving loans and overdrafts, convenience and extended credit card debt, Over 10 years initial rate fixation, New business coverage, Households and non-profit institutions serving households (S.14 and S.15) sector, denominated in Euro",PCPA,0
MIR.M.DE.B.A2C.P.R.A.2250.EUR.N,M,DE,B,A2C,P,R,A,2250,EUR,N,2011-10,3.64,A,F,,,P1M,,A,,,,,,,,,,4,,DE2,Bank interest rates - loans to households for house purchase with an interest rate fixation period of over ten years (new business) ,"Germany, Annualised agreed rate (AAR) / Narrowly defined effective rate (NDER), Credit and other institutions (MFI except MMFs and central banks) reporting sector - Lending for house purchase excluding revolving loans and overdrafts, convenience and extended credit card debt, Over 10 years initial rate fixation, New business coverage, Households and non-profit institutions serving households (S.14 and S.15) sector, denominated in Euro",PCPA,0
MIR.M.DE.B.A2C.P.R.A.2250.EUR.N,M,DE,B,A2C,P,R,A,2250,EUR,N,2011-11,3.54,A,F,,,P1M,,A,,,,,,,,,,4,,DE2,Bank interest rates - loans to households for house purchase with an interest rate fixation period of over ten years (new business) ,"Germany, Annualised agreed rate (AAR) / Narrowly defined effective rate (NDER), Credit and other institutions (MFI except MMFs and central banks) reporting sector - Lending for house purchase excluding revolving loans and overdrafts, convenience and extended credit card debt, Over 10 years initial rate fixation, New business coverage, Households and non-profit institutions serving households (S.14 and S.15) sector, denominated in Euro",PCPA,0
MIR.M.DE.B.A2C.P.R.A.2250.EUR.N,M,DE,B,A2C,P,R,A,2250,EUR,N,2011-12,3.49,A,F,,,P1M,,A,,,,,,,,,,4,,DE2,Bank interest rates - loans to households for house purchase with an interest rate fixation period of over ten years (new business) ,"Germany, Annualised agreed rate (AAR) / Narrowly defined effective rate (NDER), Credit and other institutions (MFI except MMFs and central banks) reporting sector - Lending for house purchase excluding revolving loans and overdrafts, convenience and extended credit card debt, Over 10 years initial rate fixation, New business coverage, Households and non-profit institutions serving households (S.14 and S.15) sector, denominated in Euro",PCPA,0
MIR.M.DE.B.A2C.P.R.A.2250.EUR.N,M,DE,B,A2C,P,R,A,2250,EUR,N,2012-01,3.59,A,F,,,P1M,,A,,,,,,,,,,4,,DE2,Bank interest rates - loans to households for house purchase with an interest rate fixation period of over ten years (new business) ,"Germany, Annualised agreed rate (AAR) / Narrowly defined effective rate (NDER), Credit and other institutions (MFI except MMFs and central banks) reporting sector - Lending for house purchase excluding revolving loans and overdrafts, convenience and extended credit card debt, Over 10 years initial rate fixation, New business coverage, Households and non-profit institutions serving households (S.14 and S.15) sector, denominated in Euro",PCPA,0
MIR.M.DE.B.A2C.P.R.A.2250.EUR.N,M,DE,B,A2C,P,R,A,2250,EUR,N,2012-02,3.49,A,F,,,P1M,,A,,,,,,,,,,4,,DE2,Bank interest rates - loans to households for house purchase with an interest rate fixation period of over ten years (new business) ,"Germany, Annualised agreed rate (AAR) / Narrowly defined effective rate (NDER), Credit and other institutions (MFI except MMFs and central banks) reporting sector - Lending for house purchase excluding revolving loans and overdrafts, convenience and extended credit card debt, Over 10 years initial rate fixation, New business coverage, Households and non-profit institutions serving households (S.14 and S.15) sector, denominated in Euro",PCPA,0
MIR.M.DE.B.A2C.P.R.A.2250.EUR.N,M,DE,B,A2C,P,R,A,2250,EUR,N,2012-03,3.42,A,F,,,P1M,,A,,,,,,,,,,4,,DE2,Bank interest rates - loans to households for house purchase with an interest rate fixation period of over ten years (new business) ,"Germany, Annualised agreed rate (AAR) / Narrowly defined effective rate (NDER), Credit and other institutions (MFI except MMFs and central banks) reporting sector - Lending for house purchase excluding revolving loans and overdrafts, convenience and extended credit card debt, Over 10 years initial rate fixation, New business coverage, Households and non-profit institutions serving households (S.14 and S.15) sector, denominated in Euro",PCPA,0
MIR.M.DE.B.A2C.P.R.A.2250.EUR.N,M,DE,B,A2C,P,R,A,2250,EUR,N,2012-04,3.58,A,F,,,P1M,,A,,,,,,,,,,4,,DE2,Bank interest rates - loans to households for house purchase with an interest rate fixation period of over ten years (new business) ,"Germany, Annualised agreed rate (AAR) / Narrowly defined effective rate (NDER), Credit and other institutions (MFI except MMFs and central banks) reporting sector - Lending for house purchase excluding revolving loans and overdrafts, convenience and extended credit card debt, Over 10 years initial rate fixation, New business coverage, Households and non-profit institutions serving households (S.14 and S.15) sector, denominated in Euro",PCPA,0
MIR.M.DE.B.A2C.P.R.A.2250.EUR.N,M,DE,B,A2C,P,R,A,2250,EUR,N,2012-05,3.34,A,F,,,P1M,,A,,,,,,,,,,4,,DE2,Bank interest rates - loans to households for house purchase with an interest rate fixation period of over ten years (new business) ,"Germany, Annualised agreed rate (AAR) / Narrowly defined effective rate (NDER), Credit and other institutions (MFI except MMFs and central banks) reporting sector - Lending for house purchase excluding revolving loans and overdrafts, convenience and extended credit card debt, Over 10 years initial rate fixation, New business coverage, Households and non-profit institutions serving households (S.14 and S.15) sector, denominated in Euro",PCPA,0
MIR.M.DE.B.A2C.P.R.A.2250.EUR.N,M,DE,B,A2C,P,R,A,2250,EUR,N,2012-06,3.12,A,F,,,P1M,,A,,,,,,,,,,4,,DE2,Bank interest rates - loans to households for house purchase with an interest rate fixation period of over ten years (new business) ,"Germany, Annualised agreed rate (AAR) / Narrowly defined effective rate (NDER), Credit and other institutions (MFI except MMFs and central banks) reporting sector - Lending for house purchase excluding revolving loans and overdrafts, convenience and extended credit card debt, Over 10 years initial rate fixation, New business coverage, Households and non-profit institutions serving households (S.14 and S.15) sector, denominated in Euro",PCPA,0
MIR.M.DE.B.A2C.P.R.A.2250.EUR.N,M,DE,B,A2C,P,R,A,2250,EUR,N,2012-07,3.05,A,F,,,P1M,,A,,,,,,,,,,4,,DE2,Bank interest rates - loans to households for house purchase with an interest rate fixation period of over ten years (new business) ,"Germany, Annualised agreed rate (AAR) / Narrowly defined effective rate (NDER), Credit and other institutions (MFI except MMFs and central banks) reporting sector - Lending for house purchase excluding revolving loans and overdrafts, convenience and extended credit card debt, Over 10 years initial rate fixation, New business coverage, Households and non-profit institutions serving households (S.14 and S.15) sector, denominated in Euro",PCPA,0
MIR.M.DE.B.A2C.P.R.A.2250.EUR.N,M,DE,B,A2C,P,R,A,2250,EUR,N,2012-08,3.03,A,F,,,P1M,,A,,,,,,,,,,4,,DE2,Bank interest rates - loans to households for house purchase with an interest rate fixation period of over ten years (new business) ,"Germany, Annualised agreed rate (AAR) / Narrowly defined effective rate (NDER), Credit and other institutions (MFI except MMFs and central banks) reporting sector - Lending for house purchase excluding revolving loans and overdrafts, convenience and extended credit card debt, Over 10 years initial rate fixation, New business coverage, Households and non-profit institutions serving households (S.14 and S.15) sector, denominated in Euro",PCPA,0
MIR.M.DE.B.A2C.P.R.A.2250.EUR.N,M,DE,B,A2C,P,R,A,2250,EUR,N,2012-09,2.98,A,F,,,P1M,,A,,,,,,,,,,4,,DE2,Bank interest rates - loans to households for house purchase with an interest rate fixation period of over ten years (new business) ,"Germany, Annualised agreed rate (AAR) / Narrowly defined effective rate (NDER), Credit and other institutions (MFI except MMFs and central banks) reporting sector - Lending for house purchase excluding revolving loans and overdrafts, convenience and extended credit card debt, Over 10 years initial rate fixation, New business coverage, Households and non-profit institutions serving households (S.14 and S.15) sector, denominated in Euro",PCPA,0
MIR.M.DE.B.A2C.P.R.A.2250.EUR.N,M,DE,B,A2C,P,R,A,2250,EUR,N,2012-10,3,A,F,,,P1M,,A,,,,,,,,,,4,,DE2,Bank interest rates - loans to households for house purchase with an interest rate fixation period of over ten years (new business) ,"Germany, Annualised agreed rate (AAR) / Narrowly defined effective rate (NDER), Credit and other institutions (MFI except MMFs and central banks) reporting sector - Lending for house purchase excluding revolving loans and overdrafts, convenience and extended credit card debt, Over 10 years initial rate fixation, New business coverage, Households and non-profit institutions serving households (S.14 and S.15) sector, denominated in Euro",PCPA,0
MIR.M.DE.B.A2C.P.R.A.2250.EUR.N,M,DE,B,A2C,P,R,A,2250,EUR,N,2012-11,2.94,A,F,,,P1M,,A,,,,,,,,,,4,,DE2,Bank interest rates - loans to households for house purchase with an interest rate fixation period of over ten years (new business) ,"Germany, Annualised agreed rate (AAR) / Narrowly defined effective rate (NDER), Credit and other institutions (MFI except MMFs and central banks) reporting sector - Lending for house purchase excluding revolving loans and overdrafts, convenience and extended credit card debt, Over 10 years initial rate fixation, New business coverage, Households and non-profit institutions serving households (S.14 and S.15) sector, denominated in Euro",PCPA,0
MIR.M.DE.B.A2C.P.R.A.2250.EUR.N,M,DE,B,A2C,P,R,A,2250,EUR,N,2012-12,2.9,A,F,,,P1M,,A,,,,,,,,,,4,,DE2,Bank interest rates - loans to households for house purchase with an interest rate fixation period of over ten years (new business) ,"Germany, Annualised agreed rate (AAR) / Narrowly defined effective rate (NDER), Credit and other institutions (MFI except MMFs and central banks) reporting sector - Lending for house purchase excluding revolving loans and overdrafts, convenience and extended credit card debt, Over 10 years initial rate fixation, New business coverage, Households and non-profit institutions serving households (S.14 and S.15) sector, denominated in Euro",PCPA,0
MIR.M.DE.B.A2C.P.R.A.2250.EUR.N,M,DE,B,A2C,P,R,A,2250,EUR,N,2013-01,2.96,A,F,,,P1M,,A,,,,,,,,,,4,,DE2,Bank interest rates - loans to households for house purchase with an interest rate fixation period of over ten years (new business) ,"Germany, Annualised agreed rate (AAR) / Narrowly defined effective rate (NDER), Credit and other institutions (MFI except MMFs and central banks) reporting sector - Lending for house purchase excluding revolving loans and overdrafts, convenience and extended credit card debt, Over 10 years initial rate fixation, New business coverage, Households and non-profit institutions serving households (S.14 and S.15) sector, denominated in Euro",PCPA,0
MIR.M.DE.B.A2C.P.R.A.2250.EUR.N,M,DE,B,A2C,P,R,A,2250,EUR,N,2013-02,2.96,A,F,,,P1M,,A,,,,,,,,,,4,,DE2,Bank interest rates - loans to households for house purchase with an interest rate fixation period of over ten years (new business) ,"Germany, Annualised agreed rate (AAR) / Narrowly defined effective rate (NDER), Credit and other institutions (MFI except MMFs and central banks) reporting sector - Lending for house purchase excluding revolving loans and overdrafts, convenience and extended credit card debt, Over 10 years initial rate fixation, New business coverage, Households and non-profit institutions serving households (S.14 and S.15) sector, denominated in Euro",PCPA,0
MIR.M.DE.B.A2C.P.R.A.2250.EUR.N,M,DE,B,A2C,P,R,A,2250,EUR,N,2013-03,2.94,A,F,,,P1M,,A,,,,,,,,,,4,,DE2,Bank interest rates - loans to households for house purchase with an interest rate fixation period of over ten years (new business) ,"Germany, Annualised agreed rate (AAR) / Narrowly defined effective rate (NDER), Credit and other institutions (MFI except MMFs and central banks) reporting sector - Lending for house purchase excluding revolving loans and overdrafts, convenience and extended credit card debt, Over 10 years initial rate fixation, New business coverage, Households and non-profit institutions serving households (S.14 and S.15) sector, denominated in Euro",PCPA,0
MIR.M.DE.B.A2C.P.R.A.2250.EUR.N,M,DE,B,A2C,P,R,A,2250,EUR,N,2013-04,3,A,F,,,P1M,,A,,,,,,,,,,4,,DE2,Bank interest rates - loans to households for house purchase with an interest rate fixation period of over ten years (new business) ,"Germany, Annualised agreed rate (AAR) / Narrowly defined effective rate (NDER), Credit and other institutions (MFI except MMFs and central banks) reporting sector - Lending for house purchase excluding revolving loans and overdrafts, convenience and extended credit card debt, Over 10 years initial rate fixation, New business coverage, Households and non-profit institutions serving households (S.14 and S.15) sector, denominated in Euro",PCPA,0
MIR.M.DE.B.A2C.P.R.A.2250.EUR.N,M,DE,B,A2C,P,R,A,2250,EUR,N,2013-05,2.8,A,F,,,P1M,,A,,,,,,,,,,4,,DE2,Bank interest rates - loans to households for house purchase with an interest rate fixation period of over ten years (new business) ,"Germany, Annualised agreed rate (AAR) / Narrowly defined effective rate (NDER), Credit and other institutions (MFI except MMFs and central banks) reporting sector - Lending for house purchase excluding revolving loans and overdrafts, convenience and extended credit card debt, Over 10 years initial rate fixation, New business coverage, Households and non-profit institutions serving households (S.14 and S.15) sector, denominated in Euro",PCPA,0
MIR.M.DE.B.A2C.P.R.A.2250.EUR.N,M,DE,B,A2C,P,R,A,2250,EUR,N,2013-06,2.75,A,F,,,P1M,,A,,,,,,,,,,4,,DE2,Bank interest rates - loans to households for house purchase with an interest rate fixation period of over ten years (new business) ,"Germany, Annualised agreed rate (AAR) / Narrowly defined effective rate (NDER), Credit and other institutions (MFI except MMFs and central banks) reporting sector - Lending for house purchase excluding revolving loans and overdrafts, convenience and extended credit card debt, Over 10 years initial rate fixation, New business coverage, Households and non-profit institutions serving households (S.14 and S.15) sector, denominated in Euro",PCPA,0
MIR.M.DE.B.A2C.P.R.A.2250.EUR.N,M,DE,B,A2C,P,R,A,2250,EUR,N,2013-07,2.82,A,F,,,P1M,,A,,,,,,,,,,4,,DE2,Bank interest rates - loans to households for house purchase with an interest rate fixation period of over ten years (new business) ,"Germany, Annualised agreed rate (AAR) / Narrowly defined effective rate (NDER), Credit and other institutions (MFI except MMFs and central banks) reporting sector - Lending for house purchase excluding revolving loans and overdrafts, convenience and extended credit card debt, Over 10 years initial rate fixation, New business coverage, Households and non-profit institutions serving households (S.14 and S.15) sector, denominated in Euro",PCPA,0
MIR.M.DE.B.A2C.P.R.A.2250.EUR.N,M,DE,B,A2C,P,R,A,2250,EUR,N,2013-08,2.94,A,F,,,P1M,,A,,,,,,,,,,4,,DE2,Bank interest rates - loans to households for house purchase with an interest rate fixation period of over ten years (new business) ,"Germany, Annualised agreed rate (AAR) / Narrowly defined effective rate (NDER), Credit and other institutions (MFI except MMFs and central banks) reporting sector - Lending for house purchase excluding revolving loans and overdrafts, convenience and extended credit card debt, Over 10 years initial rate fixation, New business coverage, Households and non-profit institutions serving households (S.14 and S.15) sector, denominated in Euro",PCPA,0
MIR.M.DE.B.A2C.P.R.A.2250.EUR.N,M,DE,B,A2C,P,R,A,2250,EUR,N,2013-09,3.03,A,F,,,P1M,,A,,,,,,,,,,4,,DE2,Bank interest rates - loans to households for house purchase with an interest rate fixation period of over ten years (new business) ,"Germany, Annualised agreed rate (AAR) / Narrowly defined effective rate (NDER), Credit and other institutions (MFI except MMFs and central banks) reporting sector - Lending for house purchase excluding revolving loans and overdrafts, convenience and extended credit card debt, Over 10 years initial rate fixation, New business coverage, Households and non-profit institutions serving households (S.14 and S.15) sector, denominated in Euro",PCPA,0
MIR.M.DE.B.A2C.P.R.A.2250.EUR.N,M,DE,B,A2C,P,R,A,2250,EUR,N,2013-10,3.09,A,F,,,P1M,,A,,,,,,,,,,4,,DE2,Bank interest rates - loans to households for house purchase with an interest rate fixation period of over ten years (new business) ,"Germany, Annualised agreed rate (AAR) / Narrowly defined effective rate (NDER), Credit and other institutions (MFI except MMFs and central banks) reporting sector - Lending for house purchase excluding revolving loans and overdrafts, convenience and extended credit card debt, Over 10 years initial rate fixation, New business coverage, Households and non-profit institutions serving households (S.14 and S.15) sector, denominated in Euro",PCPA,0
MIR.M.DE.B.A2C.P.R.A.2250.EUR.N,M,DE,B,A2C,P,R,A,2250,EUR,N,2013-11,3.06,A,F,,,P1M,,A,,,,,,,,,,4,,DE2,Bank interest rates - loans to households for house purchase with an interest rate fixation period of over ten years (new business) ,"Germany, Annualised agreed rate (AAR) / Narrowly defined effective rate (NDER), Credit and other institutions (MFI except MMFs and central banks) reporting sector - Lending for house purchase excluding revolving loans and overdrafts, convenience and extended credit card debt, Over 10 years initial rate fixation, New business coverage, Households and non-profit institutions serving households (S.14 and S.15) sector, denominated in Euro",PCPA,0
MIR.M.DE.B.A2C.P.R.A.2250.EUR.N,M,DE,B,A2C,P,R,A,2250,EUR,N,2013-12,3.02,A,F,,,P1M,,A,,,,,,,,,,4,,DE2,Bank interest rates - loans to households for house purchase with an interest rate fixation period of over ten years (new business) ,"Germany, Annualised agreed rate (AAR) / Narrowly defined effective rate (NDER), Credit and other institutions (MFI except MMFs and central banks) reporting sector - Lending for house purchase excluding revolving loans and overdrafts, convenience and extended credit card debt, Over 10 years initial rate fixation, New business coverage, Households and non-profit institutions serving households (S.14 and S.15) sector, denominated in Euro",PCPA,0
MIR.M.DE.B.A2C.P.R.A.2250.EUR.N,M,DE,B,A2C,P,R,A,2250,EUR,N,2014-01,3.04,A,F,,,P1M,,A,,,,,,,,,,4,,DE2,Bank interest rates - loans to households for house purchase with an interest rate fixation period of over ten years (new business) ,"Germany, Annualised agreed rate (AAR) / Narrowly defined effective rate (NDER), Credit and other institutions (MFI except MMFs and central banks) reporting sector - Lending for house purchase excluding revolving loans and overdrafts, convenience and extended credit card debt, Over 10 years initial rate fixation, New business coverage, Households and non-profit institutions serving households (S.14 and S.15) sector, denominated in Euro",PCPA,0
MIR.M.DE.B.A2C.P.R.A.2250.EUR.N,M,DE,B,A2C,P,R,A,2250,EUR,N,2014-02,2.99,A,F,,,P1M,,A,,,,,,,,,,4,,DE2,Bank interest rates - loans to households for house purchase with an interest rate fixation period of over ten years (new business) ,"Germany, Annualised agreed rate (AAR) / Narrowly defined effective rate (NDER), Credit and other institutions (MFI except MMFs and central banks) reporting sector - Lending for house purchase excluding revolving loans and overdrafts, convenience and extended credit card debt, Over 10 years initial rate fixation, New business coverage, Households and non-profit institutions serving households (S.14 and S.15) sector, denominated in Euro",PCPA,0
MIR.M.DE.B.A2C.P.R.A.2250.EUR.N,M,DE,B,A2C,P,R,A,2250,EUR,N,2014-03,2.9,A,F,,,P1M,,A,,,,,,,,,,4,,DE2,Bank interest rates - loans to households for house purchase with an interest rate fixation period of over ten years (new business) ,"Germany, Annualised agreed rate (AAR) / Narrowly defined effective rate (NDER), Credit and other institutions (MFI except MMFs and central banks) reporting sector - Lending for house purchase excluding revolving loans and overdrafts, convenience and extended credit card debt, Over 10 years initial rate fixation, New business coverage, Households and non-profit institutions serving households (S.14 and S.15) sector, denominated in Euro",PCPA,0
MIR.M.DE.B.A2C.P.R.A.2250.EUR.N,M,DE,B,A2C,P,R,A,2250,EUR,N,2014-04,2.95,A,F,,,P1M,,A,,,,,,,,,,4,,DE2,Bank interest rates - loans to households for house purchase with an interest rate fixation period of over ten years (new business) ,"Germany, Annualised agreed rate (AAR) / Narrowly defined effective rate (NDER), Credit and other institutions (MFI except MMFs and central banks) reporting sector - Lending for house purchase excluding revolving loans and overdrafts, convenience and extended credit card debt, Over 10 years initial rate fixation, New business coverage, Households and non-profit institutions serving households (S.14 and S.15) sector, denominated in Euro",PCPA,0
MIR.M.DE.B.A2C.P.R.A.2250.EUR.N,M,DE,B,A2C,P,R,A,2250,EUR,N,2014-05,2.79,A,F,,,P1M,,A,,,,,,,,,,4,,DE2,Bank interest rates - loans to households for house purchase with an interest rate fixation period of over ten years (new business) ,"Germany, Annualised agreed rate (AAR) / Narrowly defined effective rate (NDER), Credit and other institutions (MFI except MMFs and central banks) reporting sector - Lending for house purchase excluding revolving loans and overdrafts, convenience and extended credit card debt, Over 10 years initial rate fixation, New business coverage, Households and non-profit institutions serving households (S.14 and S.15) sector, denominated in Euro",PCPA,0
MIR.M.DE.B.A2C.P.R.A.2250.EUR.N,M,DE,B,A2C,P,R,A,2250,EUR,N,2014-06,2.73,A,F,,,P1M,,A,,,,,,,,,,4,,DE2,Bank interest rates - loans to households for house purchase with an interest rate fixation period of over ten years (new business) ,"Germany, Annualised agreed rate (AAR) / Narrowly defined effective rate (NDER), Credit and other institutions (MFI except MMFs and central banks) reporting sector - Lending for house purchase excluding revolving loans and overdrafts, convenience and extended credit card debt, Over 10 years initial rate fixation, New business coverage, Households and non-profit institutions serving households (S.14 and S.15) sector, denominated in Euro",PCPA,0
MIR.M.DE.B.A2C.P.R.A.2250.EUR.N,M,DE,B,A2C,P,R,A,2250,EUR,N,2014-07,2.61,A,F,,,P1M,,A,,,,,,,,,,4,,DE2,Bank interest rates - loans to households for house purchase with an interest rate fixation period of over ten years (new business) ,"Germany, Annualised agreed rate (AAR) / Narrowly defined effective rate (NDER), Credit and other institutions (MFI except MMFs and central banks) reporting sector - Lending for house purchase excluding revolving loans and overdrafts, convenience and extended credit card debt, Over 10 years initial rate fixation, New business coverage, Households and non-profit institutions serving households (S.14 and S.15) sector, denominated in Euro",PCPA,0
MIR.M.DE.B.A2C.P.R.A.2250.EUR.N,M,DE,B,A2C,P,R,A,2250,EUR,N,2014-08,2.5,A,F,,,P1M,,A,,,,,,,,,,4,,DE2,Bank interest rates - loans to households for house purchase with an interest rate fixation period of over ten years (new business) ,"Germany, Annualised agreed rate (AAR) / Narrowly defined effective rate (NDER), Credit and other institutions (MFI except MMFs and central banks) reporting sector - Lending for house purchase excluding revolving loans and overdrafts, convenience and extended credit card debt, Over 10 years initial rate fixation, New business coverage, Households and non-profit institutions serving households (S.14 and S.15) sector, denominated in Euro",PCPA,0
MIR.M.DE.B.A2C.P.R.A.2250.EUR.N,M,DE,B,A2C,P,R,A,2250,EUR,N,2014-09,2.39,A,F,,,P1M,,A,,,,,,,,,,4,,DE2,Bank interest rates - loans to households for house purchase with an interest rate fixation period of over ten years (new business) ,"Germany, Annualised agreed rate (AAR) / Narrowly defined effective rate (NDER), Credit and other institutions (MFI except MMFs and central banks) reporting sector - Lending for house purchase excluding revolving loans and overdrafts, convenience and extended credit card debt, Over 10 years initial rate fixation, New business coverage, Households and non-profit institutions serving households (S.14 and S.15) sector, denominated in Euro",PCPA,0
MIR.M.DE.B.A2C.P.R.A.2250.EUR.N,M,DE,B,A2C,P,R,A,2250,EUR,N,2014-10,2.35,A,F,,,P1M,,A,,,,,,,,,,4,,DE2,Bank interest rates - loans to households for house purchase with an interest rate fixation period of over ten years (new business) ,"Germany, Annualised agreed rate (AAR) / Narrowly defined effective rate (NDER), Credit and other institutions (MFI except MMFs and central banks) reporting sector - Lending for house purchase excluding revolving loans and overdrafts, convenience and extended credit card debt, Over 10 years initial rate fixation, New business coverage, Households and non-profit institutions serving households (S.14 and S.15) sector, denominated in Euro",PCPA,0
MIR.M.DE.B.A2C.P.R.A.2250.EUR.N,M,DE,B,A2C,P,R,A,2250,EUR,N,2014-11,2.28,A,F,,,P1M,,A,,,,,,,,,,4,,DE2,Bank interest rates - loans to households for house purchase with an interest rate fixation period of over ten years (new business) ,"Germany, Annualised agreed rate (AAR) / Narrowly defined effective rate (NDER), Credit and other institutions (MFI except MMFs and central banks) reporting sector - Lending for house purchase excluding revolving loans and overdrafts, convenience and extended credit card debt, Over 10 years initial rate fixation, New business coverage, Households and non-profit institutions serving households (S.14 and S.15) sector, denominated in Euro",PCPA,0
MIR.M.DE.B.A2C.P.R.A.2250.EUR.N,M,DE,B,A2C,P,R,A,2250,EUR,N,2014-12,2.19,A,F,,,P1M,,A,,,,,,,,,,4,,DE2,Bank interest rates - loans to households for house purchase with an interest rate fixation period of over ten years (new business) ,"Germany, Annualised agreed rate (AAR) / Narrowly defined effective rate (NDER), Credit and other institutions (MFI except MMFs and central banks) reporting sector - Lending for house purchase excluding revolving loans and overdrafts, convenience and extended credit card debt, Over 10 years initial rate fixation, New business coverage, Households and non-profit institutions serving households (S.14 and S.15) sector, denominated in Euro",PCPA,0
MIR.M.DE.B.A2C.P.R.A.2250.EUR.N,M,DE,B,A2C,P,R,A,2250,EUR,N,2015-01,1.83,A,F,,,P1M,,A,,,,,,,,,,4,,DE2,Bank interest rates - loans to households for house purchase with an interest rate fixation period of over ten years (new business) ,"Germany, Annualised agreed rate (AAR) / Narrowly defined effective rate (NDER), Credit and other institutions (MFI except MMFs and central banks) reporting sector - Lending for house purchase excluding revolving loans and overdrafts, convenience and extended credit card debt, Over 10 years initial rate fixation, New business coverage, Households and non-profit institutions serving households (S.14 and S.15) sector, denominated in Euro",PCPA,0
MIR.M.DE.B.A2C.P.R.A.2250.EUR.N,M,DE,B,A2C,P,R,A,2250,EUR,N,2015-02,1.99,A,F,,,P1M,,A,,,,,,,,,,4,,DE2,Bank interest rates - loans to households for house purchase with an interest rate fixation period of over ten years (new business) ,"Germany, Annualised agreed rate (AAR) / Narrowly defined effective rate (NDER), Credit and other institutions (MFI except MMFs and central banks) reporting sector - Lending for house purchase excluding revolving loans and overdrafts, convenience and extended credit card debt, Over 10 years initial rate fixation, New business coverage, Households and non-profit institutions serving households (S.14 and S.15) sector, denominated in Euro",PCPA,0
MIR.M.DE.B.A2C.P.R.A.2250.EUR.N,M,DE,B,A2C,P,R,A,2250,EUR,N,2015-03,1.88,A,F,,,P1M,,A,,,,,,,,,,4,,DE2,Bank interest rates - loans to households for house purchase with an interest rate fixation period of over ten years (new business) ,"Germany, Annualised agreed rate (AAR) / Narrowly defined effective rate (NDER), Credit and other institutions (MFI except MMFs and central banks) reporting sector - Lending for house purchase excluding revolving loans and overdrafts, convenience and extended credit card debt, Over 10 years initial rate fixation, New business coverage, Households and non-profit institutions serving households (S.14 and S.15) sector, denominated in Euro",PCPA,0
MIR.M.DE.B.A2C.P.R.A.2250.EUR.N,M,DE,B,A2C,P,R,A,2250,EUR,N,2015-04,1.95,A,F,,,P1M,,A,,,,,,,,,,4,,DE2,Bank interest rates - loans to households for house purchase with an interest rate fixation period of over ten years (new business) ,"Germany, Annualised agreed rate (AAR) / Narrowly defined effective rate (NDER), Credit and other institutions (MFI except MMFs and central banks) reporting sector - Lending for house purchase excluding revolving loans and overdrafts, convenience and extended credit card debt, Over 10 years initial rate fixation, New business coverage, Households and non-profit institutions serving households (S.14 and S.15) sector, denominated in Euro",PCPA,0
MIR.M.DE.B.A2C.P.R.A.2250.EUR.N,M,DE,B,A2C,P,R,A,2250,EUR,N,2015-05,1.78,A,F,,,P1M,,A,,,,,,,,,,4,,DE2,Bank interest rates - loans to households for house purchase with an interest rate fixation period of over ten years (new business) ,"Germany, Annualised agreed rate (AAR) / Narrowly defined effective rate (NDER), Credit and other institutions (MFI except MMFs and central banks) reporting sector - Lending for house purchase excluding revolving loans and overdrafts, convenience and extended credit card debt, Over 10 years initial rate fixation, New business coverage, Households and non-profit institutions serving households (S.14 and S.15) sector, denominated in Euro",PCPA,0
MIR.M.DE.B.A2C.P.R.A.2250.EUR.N,M,DE,B,A2C,P,R,A,2250,EUR,N,2015-06,1.92,A,F,,,P1M,,A,,,,,,,,,,4,,DE2,Bank interest rates - loans to households for house purchase with an interest rate fixation period of over ten years (new business) ,"Germany, Annualised agreed rate (AAR) / Narrowly defined effective rate (NDER), Credit and other institutions (MFI except MMFs and central banks) reporting sector - Lending for house purchase excluding revolving loans and overdrafts, convenience and extended credit card debt, Over 10 years initial rate fixation, New business coverage, Households and non-profit institutions serving households (S.14 and S.15) sector, denominated in Euro",PCPA,0
MIR.M.DE.B.A2C.P.R.A.2250.EUR.N,M,DE,B,A2C,P,R,A,2250,EUR,N,2015-07,2.1,A,F,,,P1M,,A,,,,,,,,,,4,,DE2,Bank interest rates - loans to households for house purchase with an interest rate fixation period of over ten years (new business) ,"Germany, Annualised agreed rate (AAR) / Narrowly defined effective rate (NDER), Credit and other institutions (MFI except MMFs and central banks) reporting sector - Lending for house purchase excluding revolving loans and overdrafts, convenience and extended credit card debt, Over 10 years initial rate fixation, New business coverage, Households and non-profit institutions serving households (S.14 and S.15) sector, denominated in Euro",PCPA,0
MIR.M.DE.B.A2C.P.R.A.2250.EUR.N,M,DE,B,A2C,P,R,A,2250,EUR,N,2015-08,2.15,A,F,,,P1M,,A,,,,,,,,,,4,,DE2,Bank interest rates - loans to households for house purchase with an interest rate fixation period of over ten years (new business) ,"Germany, Annualised agreed rate (AAR) / Narrowly defined effective rate (NDER), Credit and other institutions (MFI except MMFs and central banks) reporting sector - Lending for house purchase excluding revolving loans and overdrafts, convenience and extended credit card debt, Over 10 years initial rate fixation, New business coverage, Households and non-profit institutions serving households (S.14 and S.15) sector, denominated in Euro",PCPA,0
MIR.M.DE.B.A2C.P.R.A.2250.EUR.N,M,DE,B,A2C,P,R,A,2250,EUR,N,2015-09,2.12,A,F,,,P1M,,A,,,,,,,,,,4,,DE2,Bank interest rates - loans to households for house purchase with an interest rate fixation period of over ten years (new business) ,"Germany, Annualised agreed rate (AAR) / Narrowly defined effective rate (NDER), Credit and other institutions (MFI except MMFs and central banks) reporting sector - Lending for house purchase excluding revolving loans and overdrafts, convenience and extended credit card debt, Over 10 years initial rate fixation, New business coverage, Households and non-profit institutions serving households (S.14 and S.15) sector, denominated in Euro",PCPA,0
MIR.M.DE.B.A2C.P.R.A.2250.EUR.N,M,DE,B,A2C,P,R,A,2250,EUR,N,2015-10,2.14,A,F,,,P1M,,A,,,,,,,,,,4,,DE2,Bank interest rates - loans to households for house purchase with an interest rate fixation period of over ten years (new business) ,"Germany, Annualised agreed rate (AAR) / Narrowly defined effective rate (NDER), Credit and other institutions (MFI except MMFs and central banks) reporting sector - Lending for house purchase excluding revolving loans and overdrafts, convenience and extended credit card debt, Over 10 years initial rate fixation, New business coverage, Households and non-profit institutions serving households (S.14 and S.15) sector, denominated in Euro",PCPA,0
MIR.M.DE.B.A2C.P.R.A.2250.EUR.N,M,DE,B,A2C,P,R,A,2250,EUR,N,2015-11,2.09,A,F,,,P1M,,A,,,,,,,,,,4,,DE2,Bank interest rates - loans to households for house purchase with an interest rate fixation period of over ten years (new business) ,"Germany, Annualised agreed rate (AAR) / Narrowly defined effective rate (NDER), Credit and other institutions (MFI except MMFs and central banks) reporting sector - Lending for house purchase excluding revolving loans and overdrafts, convenience and extended credit card debt, Over 10 years initial rate fixation, New business coverage, Households and non-profit institutions serving households (S.14 and S.15) sector, denominated in Euro",PCPA,0
MIR.M.DE.B.A2C.P.R.A.2250.EUR.N,M,DE,B,A2C,P,R,A,2250,EUR,N,2015-12,2.01,A,F,,,P1M,,A,,,,,,,,,,4,,DE2,Bank interest rates - loans to households for house purchase with an interest rate fixation period of over ten years (new business) ,"Germany, Annualised agreed rate (AAR) / Narrowly defined effective rate (NDER), Credit and other institutions (MFI except MMFs and central banks) reporting sector - Lending for house purchase excluding revolving loans and overdrafts, convenience and extended credit card debt, Over 10 years initial rate fixation, New business coverage, Households and non-profit institutions serving households (S.14 and S.15) sector, denominated in Euro",PCPA,0
MIR.M.DE.B.A2C.P.R.A.2250.EUR.N,M,DE,B,A2C,P,R,A,2250,EUR,N,2016-01,2.05,A,F,,,P1M,,A,,,,,,,,,,4,,DE2,Bank interest rates - loans to households for house purchase with an interest rate fixation period of over ten years (new business) ,"Germany, Annualised agreed rate (AAR) / Narrowly defined effective rate (NDER), Credit and other institutions (MFI except MMFs and central banks) reporting sector - Lending for house purchase excluding revolving loans and overdrafts, convenience and extended credit card debt, Over 10 years initial rate fixation, New business coverage, Households and non-profit institutions serving households (S.14 and S.15) sector, denominated in Euro",PCPA,0
MIR.M.DE.B.A2C.P.R.A.2250.EUR.N,M,DE,B,A2C,P,R,A,2250,EUR,N,2016-02,1.97,A,F,,,P1M,,A,,,,,,,,,,4,,DE2,Bank interest rates - loans to households for house purchase with an interest rate fixation period of over ten years (new business) ,"Germany, Annualised agreed rate (AAR) / Narrowly defined effective rate (NDER), Credit and other institutions (MFI except MMFs and central banks) reporting sector - Lending for house purchase excluding revolving loans and overdrafts, convenience and extended credit card debt, Over 10 years initial rate fixation, New business coverage, Households and non-profit institutions serving households (S.14 and S.15) sector, denominated in Euro",PCPA,0
MIR.M.DE.B.A2C.P.R.A.2250.EUR.N,M,DE,B,A2C,P,R,A,2250,EUR,N,2016-03,1.86,A,F,,,P1M,,A,,,,,,,,,,4,,DE2,Bank interest rates - loans to households for house purchase with an interest rate fixation period of over ten years (new business) ,"Germany, Annualised agreed rate (AAR) / Narrowly defined effective rate (NDER), Credit and other institutions (MFI except MMFs and central banks) reporting sector - Lending for house purchase excluding revolving loans and overdrafts, convenience and extended credit card debt, Over 10 years initial rate fixation, New business coverage, Households and non-profit institutions serving households (S.14 and S.15) sector, denominated in Euro",PCPA,0
MIR.M.DE.B.A2C.P.R.A.2250.EUR.N,M,DE,B,A2C,P,R,A,2250,EUR,N,2016-04,1.97,A,F,,,P1M,,A,,,,,,,,,,4,,DE2,Bank interest rates - loans to households for house purchase with an interest rate fixation period of over ten years (new business) ,"Germany, Annualised agreed rate (AAR) / Narrowly defined effective rate (NDER), Credit and other institutions (MFI except MMFs and central banks) reporting sector - Lending for house purchase excluding revolving loans and overdrafts, convenience and extended credit card debt, Over 10 years initial rate fixation, New business coverage, Households and non-profit institutions serving households (S.14 and S.15) sector, denominated in Euro",PCPA,0
MIR.M.DE.B.A2C.P.R.A.2250.EUR.N,M,DE,B,A2C,P,R,A,2250,EUR,N,2016-05,1.83,A,F,,,P1M,,A,,,,,,,,,,4,,DE2,Bank interest rates - loans to households for house purchase with an interest rate fixation period of over ten years (new business) ,"Germany, Annualised agreed rate (AAR) / Narrowly defined effective rate (NDER), Credit and other institutions (MFI except MMFs and central banks) reporting sector - Lending for house purchase excluding revolving loans and overdrafts, convenience and extended credit card debt, Over 10 years initial rate fixation, New business coverage, Households and non-profit institutions serving households (S.14 and S.15) sector, denominated in Euro",PCPA,0
MIR.M.DE.B.A2C.P.R.A.2250.EUR.N,M,DE,B,A2C,P,R,A,2250,EUR,N,2016-06,1.79,A,F,,,P1M,,A,,,,,,,,,,4,,DE2,Bank interest rates - loans to households for house purchase with an interest rate fixation period of over ten years (new business) ,"Germany, Annualised agreed rate (AAR) / Narrowly defined effective rate (NDER), Credit and other institutions (MFI except MMFs and central banks) reporting sector - Lending for house purchase excluding revolving loans and overdrafts, convenience and extended credit card debt, Over 10 years initial rate fixation, New business coverage, Households and non-profit institutions serving households (S.14 and S.15) sector, denominated in Euro",PCPA,0
MIR.M.DE.B.A2C.P.R.A.2250.EUR.N,M,DE,B,A2C,P,R,A,2250,EUR,N,2016-07,1.75,A,F,,,P1M,,A,,,,,,,,,,4,,DE2,Bank interest rates - loans to households for house purchase with an interest rate fixation period of over ten years (new business) ,"Germany, Annualised agreed rate (AAR) / Narrowly defined effective rate (NDER), Credit and other institutions (MFI except MMFs and central banks) reporting sector - Lending for house purchase excluding revolving loans and overdrafts, convenience and extended credit card debt, Over 10 years initial rate fixation, New business coverage, Households and non-profit institutions serving households (S.14 and S.15) sector, denominated in Euro",PCPA,0
MIR.M.DE.B.A2C.P.R.A.2250.EUR.N,M,DE,B,A2C,P,R,A,2250,EUR,N,2016-08,1.69,A,F,,,P1M,,A,,,,,,,,,,4,,DE2,Bank interest rates - loans to households for house purchase with an interest rate fixation period of over ten years (new business) ,"Germany, Annualised agreed rate (AAR) / Narrowly defined effective rate (NDER), Credit and other institutions (MFI except MMFs and central banks) reporting sector - Lending for house purchase excluding revolving loans and overdrafts, convenience and extended credit card debt, Over 10 years initial rate fixation, New business coverage, Households and non-profit institutions serving households (S.14 and S.15) sector, denominated in Euro",PCPA,0
MIR.M.DE.B.A2C.P.R.A.2250.EUR.N,M,DE,B,A2C,P,R,A,2250,EUR,N,2016-09,1.66,A,F,,,P1M,,A,,,,,,,,,,4,,DE2,Bank interest rates - loans to households for house purchase with an interest rate fixation period of over ten years (new business) ,"Germany, Annualised agreed rate (AAR) / Narrowly defined effective rate (NDER), Credit and other institutions (MFI except MMFs and central banks) reporting sector - Lending for house purchase excluding revolving loans and overdrafts, convenience and extended credit card debt, Over 10 years initial rate fixation, New business coverage, Households and non-profit institutions serving households (S.14 and S.15) sector, denominated in Euro",PCPA,0
MIR.M.DE.B.A2C.P.R.A.2250.EUR.N,M,DE,B,A2C,P,R,A,2250,EUR,N,2016-10,1.66,A,F,,,P1M,,A,,,,,,,,,,4,,DE2,Bank interest rates - loans to households for house purchase with an interest rate fixation period of over ten years (new business) ,"Germany, Annualised agreed rate (AAR) / Narrowly defined effective rate (NDER), Credit and other institutions (MFI except MMFs and central banks) reporting sector - Lending for house purchase excluding revolving loans and overdrafts, convenience and extended credit card debt, Over 10 years initial rate fixation, New business coverage, Households and non-profit institutions serving households (S.14 and S.15) sector, denominated in Euro",PCPA,0
MIR.M.DE.B.A2C.P.R.A.2250.EUR.N,M,DE,B,A2C,P,R,A,2250,EUR,N,2016-11,1.68,A,F,,,P1M,,A,,,,,,,,,,4,,DE2,Bank interest rates - loans to households for house purchase with an interest rate fixation period of over ten years (new business) ,"Germany, Annualised agreed rate (AAR) / Narrowly defined effective rate (NDER), Credit and other institutions (MFI except MMFs and central banks) reporting sector - Lending for house purchase excluding revolving loans and overdrafts, convenience and extended credit card debt, Over 10 years initial rate fixation, New business coverage, Households and non-profit institutions serving households (S.14 and S.15) sector, denominated in Euro",PCPA,0
MIR.M.DE.B.A2C.P.R.A.2250.EUR.N,M,DE,B,A2C,P,R,A,2250,EUR,N,2016-12,1.73,A,F,,,P1M,,A,,,,,,,,,,4,,DE2,Bank interest rates - loans to households for house purchase with an interest rate fixation period of over ten years (new business) ,"Germany, Annualised agreed rate (AAR) / Narrowly defined effective rate (NDER), Credit and other institutions (MFI except MMFs and central banks) reporting sector - Lending for house purchase excluding revolving loans and overdrafts, convenience and extended credit card debt, Over 10 years initial rate fixation, New business coverage, Households and non-profit institutions serving households (S.14 and S.15) sector, denominated in Euro",PCPA,0
MIR.M.DE.B.A2C.P.R.A.2250.EUR.N,M,DE,B,A2C,P,R,A,2250,EUR,N,2017-01,1.86,A,F,,,P1M,,A,,,,,,,,,,4,,DE2,Bank interest rates - loans to households for house purchase with an interest rate fixation period of over ten years (new business) ,"Germany, Annualised agreed rate (AAR) / Narrowly defined effective rate (NDER), Credit and other institutions (MFI except MMFs and central banks) reporting sector - Lending for house purchase excluding revolving loans and overdrafts, convenience and extended credit card debt, Over 10 years initial rate fixation, New business coverage, Households and non-profit institutions serving households (S.14 and S.15) sector, denominated in Euro",PCPA,0
MIR.M.DE.B.A2C.P.R.A.2250.EUR.N,M,DE,B,A2C,P,R,A,2250,EUR,N,2017-02,1.9,A,F,,,P1M,,A,,,,,,,,,,4,,DE2,Bank interest rates - loans to households for house purchase with an interest rate fixation period of over ten years (new business) ,"Germany, Annualised agreed rate (AAR) / Narrowly defined effective rate (NDER), Credit and other institutions (MFI except MMFs and central banks) reporting sector - Lending for house purchase excluding revolving loans and overdrafts, convenience and extended credit card debt, Over 10 years initial rate fixation, New business coverage, Households and non-profit institutions serving households (S.14 and S.15) sector, denominated in Euro",PCPA,0
MIR.M.DE.B.A2C.P.R.A.2250.EUR.N,M,DE,B,A2C,P,R,A,2250,EUR,N,2017-03,1.89,A,F,,,P1M,,A,,,,,,,,,,4,,DE2,Bank interest rates - loans to households for house purchase with an interest rate fixation period of over ten years (new business) ,"Germany, Annualised agreed rate (AAR) / Narrowly defined effective rate (NDER), Credit and other institutions (MFI except MMFs and central banks) reporting sector - Lending for house purchase excluding revolving loans and overdrafts, convenience and extended credit card debt, Over 10 years initial rate fixation, New business coverage, Households and non-profit institutions serving households (S.14 and S.15) sector, denominated in Euro",PCPA,0
MIR.M.DE.B.A2C.P.R.A.2250.EUR.N,M,DE,B,A2C,P,R,A,2250,EUR,N,2017-04,1.92,A,F,,,P1M,,A,,,,,,,,,,4,,DE2,Bank interest rates - loans to households for house purchase with an interest rate fixation period of over ten years (new business) ,"Germany, Annualised agreed rate (AAR) / Narrowly defined effective rate (NDER), Credit and other institutions (MFI except MMFs and central banks) reporting sector - Lending for house purchase excluding revolving loans and overdrafts, convenience and extended credit card debt, Over 10 years initial rate fixation, New business coverage, Households and non-profit institutions serving households (S.14 and S.15) sector, denominated in Euro",PCPA,0
MIR.M.DE.B.A2C.P.R.A.2250.EUR.N,M,DE,B,A2C,P,R,A,2250,EUR,N,2017-05,1.88,A,F,,,P1M,,A,,,,,,,,,,4,,DE2,Bank interest rates - loans to households for house purchase with an interest rate fixation period of over ten years (new business) ,"Germany, Annualised agreed rate (AAR) / Narrowly defined effective rate (NDER), Credit and other institutions (MFI except MMFs and central banks) reporting sector - Lending for house purchase excluding revolving loans and overdrafts, convenience and extended credit card debt, Over 10 years initial rate fixation, New business coverage, Households and non-profit institutions serving households (S.14 and S.15) sector, denominated in Euro",PCPA,0
MIR.M.DE.B.A2C.P.R.A.2250.EUR.N,M,DE,B,A2C,P,R,A,2250,EUR,N,2017-06,1.89,A,F,,,P1M,,A,,,,,,,,,,4,,DE2,Bank interest rates - loans to households for house purchase with an interest rate fixation period of over ten years (new business) ,"Germany, Annualised agreed rate (AAR) / Narrowly defined effective rate (NDER), Credit and other institutions (MFI except MMFs and central banks) reporting sector - Lending for house purchase excluding revolving loans and overdrafts, convenience and extended credit card debt, Over 10 years initial rate fixation, New business coverage, Households and non-profit institutions serving households (S.14 and S.15) sector, denominated in Euro",PCPA,0
MIR.M.DE.B.A2C.P.R.A.2250.EUR.N,M,DE,B,A2C,P,R,A,2250,EUR,N,2017-07,1.92,A,F,,,P1M,,A,,,,,,,,,,4,,DE2,Bank interest rates - loans to households for house purchase with an interest rate fixation period of over ten years (new business) ,"Germany, Annualised agreed rate (AAR) / Narrowly defined effective rate (NDER), Credit and other institutions (MFI except MMFs and central banks) reporting sector - Lending for house purchase excluding revolving loans and overdrafts, convenience and extended credit card debt, Over 10 years initial rate fixation, New business coverage, Households and non-profit institutions serving households (S.14 and S.15) sector, denominated in Euro",PCPA,0
MIR.M.DE.B.A2C.P.R.A.2250.EUR.N,M,DE,B,A2C,P,R,A,2250,EUR,N,2017-08,1.98,A,F,,,P1M,,A,,,,,,,,,,4,,DE2,Bank interest rates - loans to households for house purchase with an interest rate fixation period of over ten years (new business) ,"Germany, Annualised agreed rate (AAR) / Narrowly defined effective rate (NDER), Credit and other institutions (MFI except MMFs and central banks) reporting sector - Lending for house purchase excluding revolving loans and overdrafts, convenience and extended credit card debt, Over 10 years initial rate fixation, New business coverage, Households and non-profit institutions serving households (S.14 and S.15) sector, denominated in Euro",PCPA,0
MIR.M.DE.B.A2C.P.R.A.2250.EUR.N,M,DE,B,A2C,P,R,A,2250,EUR,N,2017-09,1.96,A,F,,,P1M,,A,,,,,,,,,,4,,DE2,Bank interest rates - loans to households for house purchase with an interest rate fixation period of over ten years (new business) ,"Germany, Annualised agreed rate (AAR) / Narrowly defined effective rate (NDER), Credit and other institutions (MFI except MMFs and central banks) reporting sector - Lending for house purchase excluding revolving loans and overdrafts, convenience and extended credit card debt, Over 10 years initial rate fixation, New business coverage, Households and non-profit institutions serving households (S.14 and S.15) sector, denominated in Euro",PCPA,0
MIR.M.DE.B.A2C.P.R.A.2250.EUR.N,M,DE,B,A2C,P,R,A,2250,EUR,N,2017-10,1.96,A,F,,,P1M,,A,,,,,,,,,,4,,DE2,Bank interest rates - loans to households for house purchase with an interest rate fixation period of over ten years (new business) ,"Germany, Annualised agreed rate (AAR) / Narrowly defined effective rate (NDER), Credit and other institutions (MFI except MMFs and central banks) reporting sector - Lending for house purchase excluding revolving loans and overdrafts, convenience and extended credit card debt, Over 10 years initial rate fixation, New business coverage, Households and non-profit institutions serving households (S.14 and S.15) sector, denominated in Euro",PCPA,0
MIR.M.DE.B.A2C.P.R.A.2250.EUR.N,M,DE,B,A2C,P,R,A,2250,EUR,N,2017-11,1.94,A,F,,,P1M,,A,,,,,,,,,,4,,DE2,Bank interest rates - loans to households for house purchase with an interest rate fixation period of over ten years (new business) ,"Germany, Annualised agreed rate (AAR) / Narrowly defined effective rate (NDER), Credit and other institutions (MFI except MMFs and central banks) reporting sector - Lending for house purchase excluding revolving loans and overdrafts, convenience and extended credit card debt, Over 10 years initial rate fixation, New business coverage, Households and non-profit institutions serving households (S.14 and S.15) sector, denominated in Euro",PCPA,0
MIR.M.DE.B.A2C.P.R.A.2250.EUR.N,M,DE,B,A2C,P,R,A,2250,EUR,N,2017-12,1.86,A,F,,,P1M,,A,,,,,,,,,,4,,DE2,Bank interest rates - loans to households for house purchase with an interest rate fixation period of over ten years (new business) ,"Germany, Annualised agreed rate (AAR) / Narrowly defined effective rate (NDER), Credit and other institutions (MFI except MMFs and central banks) reporting sector - Lending for house purchase excluding revolving loans and overdrafts, convenience and extended credit card debt, Over 10 years initial rate fixation, New business coverage, Households and non-profit institutions serving households (S.14 and S.15) sector, denominated in Euro",PCPA,0
MIR.M.DE.B.A2C.P.R.A.2250.EUR.N,M,DE,B,A2C,P,R,A,2250,EUR,N,2018-01,1.92,A,F,,,P1M,,A,,,,,,,,,,4,,DE2,Bank interest rates - loans to households for house purchase with an interest rate fixation period of over ten years (new business) ,"Germany, Annualised agreed rate (AAR) / Narrowly defined effective rate (NDER), Credit and other institutions (MFI except MMFs and central banks) reporting sector - Lending for house purchase excluding revolving loans and overdrafts, convenience and extended credit card debt, Over 10 years initial rate fixation, New business coverage, Households and non-profit institutions serving households (S.14 and S.15) sector, denominated in Euro",PCPA,0
MIR.M.DE.B.A2C.P.R.A.2250.EUR.N,M,DE,B,A2C,P,R,A,2250,EUR,N,2018-02,1.92,A,F,,,P1M,,A,,,,,,,,,,4,,DE2,Bank interest rates - loans to households for house purchase with an interest rate fixation period of over ten years (new business) ,"Germany, Annualised agreed rate (AAR) / Narrowly defined effective rate (NDER), Credit and other institutions (MFI except MMFs and central banks) reporting sector - Lending for house purchase excluding revolving loans and overdrafts, convenience and extended credit card debt, Over 10 years initial rate fixation, New business coverage, Households and non-profit institutions serving households (S.14 and S.15) sector, denominated in Euro",PCPA,0
MIR.M.DE.B.A2C.P.R.A.2250.EUR.N,M,DE,B,A2C,P,R,A,2250,EUR,N,2018-03,1.98,A,F,,,P1M,,A,,,,,,,,,,4,,DE2,Bank interest rates - loans to households for house purchase with an interest rate fixation period of over ten years (new business) ,"Germany, Annualised agreed rate (AAR) / Narrowly defined effective rate (NDER), Credit and other institutions (MFI except MMFs and central banks) reporting sector - Lending for house purchase excluding revolving loans and overdrafts, convenience and extended credit card debt, Over 10 years initial rate fixation, New business coverage, Households and non-profit institutions serving households (S.14 and S.15) sector, denominated in Euro",PCPA,0
MIR.M.DE.B.A2C.P.R.A.2250.EUR.N,M,DE,B,A2C,P,R,A,2250,EUR,N,2018-04,1.96,A,F,,,P1M,,A,,,,,,,,,,4,,DE2,Bank interest rates - loans to households for house purchase with an interest rate fixation period of over ten years (new business) ,"Germany, Annualised agreed rate (AAR) / Narrowly defined effective rate (NDER), Credit and other institutions (MFI except MMFs and central banks) reporting sector - Lending for house purchase excluding revolving loans and overdrafts, convenience and extended credit card debt, Over 10 years initial rate fixation, New business coverage, Households and non-profit institutions serving households (S.14 and S.15) sector, denominated in Euro",PCPA,0
MIR.M.DE.B.A2C.P.R.A.2250.EUR.N,M,DE,B,A2C,P,R,A,2250,EUR,N,2018-05,2,A,F,,,P1M,,A,,,,,,,,,,4,,DE2,Bank interest rates - loans to households for house purchase with an interest rate fixation period of over ten years (new business) ,"Germany, Annualised agreed rate (AAR) / Narrowly defined effective rate (NDER), Credit and other institutions (MFI except MMFs and central banks) reporting sector - Lending for house purchase excluding revolving loans and overdrafts, convenience and extended credit card debt, Over 10 years initial rate fixation, New business coverage, Households and non-profit institutions serving households (S.14 and S.15) sector, denominated in Euro",PCPA,0
MIR.M.DE.B.A2C.P.R.A.2250.EUR.N,M,DE,B,A2C,P,R,A,2250,EUR,N,2018-06,1.97,A,F,,,P1M,,A,,,,,,,,,,4,,DE2,Bank interest rates - loans to households for house purchase with an interest rate fixation period of over ten years (new business) ,"Germany, Annualised agreed rate (AAR) / Narrowly defined effective rate (NDER), Credit and other institutions (MFI except MMFs and central banks) reporting sector - Lending for house purchase excluding revolving loans and overdrafts, convenience and extended credit card debt, Over 10 years initial rate fixation, New business coverage, Households and non-profit institutions serving households (S.14 and S.15) sector, denominated in Euro",PCPA,0
MIR.M.DE.B.A2C.P.R.A.2250.EUR.N,M,DE,B,A2C,P,R,A,2250,EUR,N,2018-07,1.95,A,F,,,P1M,,A,,,,,,,,,,4,,DE2,Bank interest rates - loans to households for house purchase with an interest rate fixation period of over ten years (new business) ,"Germany, Annualised agreed rate (AAR) / Narrowly defined effective rate (NDER), Credit and other institutions (MFI except MMFs and central banks) reporting sector - Lending for house purchase excluding revolving loans and overdrafts, convenience and extended credit card debt, Over 10 years initial rate fixation, New business coverage, Households and non-profit institutions serving households (S.14 and S.15) sector, denominated in Euro",PCPA,0
MIR.M.DE.B.A2C.P.R.A.2250.EUR.N,M,DE,B,A2C,P,R,A,2250,EUR,N,2018-08,1.97,A,F,,,P1M,,A,,,,,,,,,,4,,DE2,Bank interest rates - loans to households for house purchase with an interest rate fixation period of over ten years (new business) ,"Germany, Annualised agreed rate (AAR) / Narrowly defined effective rate (NDER), Credit and other institutions (MFI except MMFs and central banks) reporting sector - Lending for house purchase excluding revolving loans and overdrafts, convenience and extended credit card debt, Over 10 years initial rate fixation, New business coverage, Households and non-profit institutions serving households (S.14 and S.15) sector, denominated in Euro",PCPA,0
MIR.M.DE.B.A2C.P.R.A.2250.EUR.N,M,DE,B,A2C,P,R,A,2250,EUR,N,2018-09,1.94,A,F,,,P1M,,A,,,,,,,,,,4,,DE2,Bank interest rates - loans to households for house purchase with an interest rate fixation period of over ten years (new business) ,"Germany, Annualised agreed rate (AAR) / Narrowly defined effective rate (NDER), Credit and other institutions (MFI except MMFs and central banks) reporting sector - Lending for house purchase excluding revolving loans and overdrafts, convenience and extended credit card debt, Over 10 years initial rate fixation, New business coverage, Households and non-profit institutions serving households (S.14 and S.15) sector, denominated in Euro",PCPA,0
MIR.M.DE.B.A2C.P.R.A.2250.EUR.N,M,DE,B,A2C,P,R,A,2250,EUR,N,2018-10,1.97,A,F,,,P1M,,A,,,,,,,,,,4,,DE2,Bank interest rates - loans to households for house purchase with an interest rate fixation period of over ten years (new business) ,"Germany, Annualised agreed rate (AAR) / Narrowly defined effective rate (NDER), Credit and other institutions (MFI except MMFs and central banks) reporting sector - Lending for house purchase excluding revolving loans and overdrafts, convenience and extended credit card debt, Over 10 years initial rate fixation, New business coverage, Households and non-profit institutions serving households (S.14 and S.15) sector, denominated in Euro",PCPA,0
MIR.M.DE.B.A2C.P.R.A.2250.EUR.N,M,DE,B,A2C,P,R,A,2250,EUR,N,2018-11,1.98,A,F,,,P1M,,A,,,,,,,,,,4,,DE2,Bank interest rates - loans to households for house purchase with an interest rate fixation period of over ten years (new business) ,"Germany, Annualised agreed rate (AAR) / Narrowly defined effective rate (NDER), Credit and other institutions (MFI except MMFs and central banks) reporting sector - Lending for house purchase excluding revolving loans and overdrafts, convenience and extended credit card debt, Over 10 years initial rate fixation, New business coverage, Households and non-profit institutions serving households (S.14 and S.15) sector, denominated in Euro",PCPA,0
MIR.M.DE.B.A2C.P.R.A.2250.EUR.N,M,DE,B,A2C,P,R,A,2250,EUR,N,2018-12,1.94,A,F,,,P1M,,A,,,,,,,,,,4,,DE2,Bank interest rates - loans to households for house purchase with an interest rate fixation period of over ten years (new business) ,"Germany, Annualised agreed rate (AAR) / Narrowly defined effective rate (NDER), Credit and other institutions (MFI except MMFs and central banks) reporting sector - Lending for house purchase excluding revolving loans and overdrafts, convenience and extended credit card debt, Over 10 years initial rate fixation, New business coverage, Households and non-profit institutions serving households (S.14 and S.15) sector, denominated in Euro",PCPA,0
MIR.M.DE.B.A2C.P.R.A.2250.EUR.N,M,DE,B,A2C,P,R,A,2250,EUR,N,2019-01,1.95,A,F,,,P1M,,A,,,,,,,,,,4,,DE2,Bank interest rates - loans to households for house purchase with an interest rate fixation period of over ten years (new business) ,"Germany, Annualised agreed rate (AAR) / Narrowly defined effective rate (NDER), Credit and other institutions (MFI except MMFs and central banks) reporting sector - Lending for house purchase excluding revolving loans and overdrafts, convenience and extended credit card debt, Over 10 years initial rate fixation, New business coverage, Households and non-profit institutions serving households (S.14 and S.15) sector, denominated in Euro",PCPA,0
MIR.M.DE.B.A2C.P.R.A.2250.EUR.N,M,DE,B,A2C,P,R,A,2250,EUR,N,2019-02,1.85,A,F,,,P1M,,A,,,,,,,,,,4,,DE2,Bank interest rates - loans to households for house purchase with an interest rate fixation period of over ten years (new business) ,"Germany, Annualised agreed rate (AAR) / Narrowly defined effective rate (NDER), Credit and other institutions (MFI except MMFs and central banks) reporting sector - Lending for house purchase excluding revolving loans and overdrafts, convenience and extended credit card debt, Over 10 years initial rate fixation, New business coverage, Households and non-profit institutions serving households (S.14 and S.15) sector, denominated in Euro",PCPA,0
MIR.M.DE.B.A2C.P.R.A.2250.EUR.N,M,DE,B,A2C,P,R,A,2250,EUR,N,2019-03,1.79,A,F,,,P1M,,A,,,,,,,,,,4,,DE2,Bank interest rates - loans to households for house purchase with an interest rate fixation period of over ten years (new business) ,"Germany, Annualised agreed rate (AAR) / Narrowly defined effective rate (NDER), Credit and other institutions (MFI except MMFs and central banks) reporting sector - Lending for house purchase excluding revolving loans and overdrafts, convenience and extended credit card debt, Over 10 years initial rate fixation, New business coverage, Households and non-profit institutions serving households (S.14 and S.15) sector, denominated in Euro",PCPA,0
MIR.M.DE.B.A2C.P.R.A.2250.EUR.N,M,DE,B,A2C,P,R,A,2250,EUR,N,2019-04,1.72,A,F,,,P1M,,A,,,,,,,,,,4,,DE2,Bank interest rates - loans to households for house purchase with an interest rate fixation period of over ten years (new business) ,"Germany, Annualised agreed rate (AAR) / Narrowly defined effective rate (NDER), Credit and other institutions (MFI except MMFs and central banks) reporting sector - Lending for house purchase excluding revolving loans and overdrafts, convenience and extended credit card debt, Over 10 years initial rate fixation, New business coverage, Households and non-profit institutions serving households (S.14 and S.15) sector, denominated in Euro",PCPA,0
MIR.M.DE.B.A2C.P.R.A.2250.EUR.N,M,DE,B,A2C,P,R,A,2250,EUR,N,2019-05,1.67,A,F,,,P1M,,A,,,,,,,,,,4,,DE2,Bank interest rates - loans to households for house purchase with an interest rate fixation period of over ten years (new business) ,"Germany, Annualised agreed rate (AAR) / Narrowly defined effective rate (NDER), Credit and other institutions (MFI except MMFs and central banks) reporting sector - Lending for house purchase excluding revolving loans and overdrafts, convenience and extended credit card debt, Over 10 years initial rate fixation, New business coverage, Households and non-profit institutions serving households (S.14 and S.15) sector, denominated in Euro",PCPA,0
MIR.M.DE.B.A2C.P.R.A.2250.EUR.N,M,DE,B,A2C,P,R,A,2250,EUR,N,2019-06,1.61,A,F,,,P1M,,A,,,,,,,,,,4,,DE2,Bank interest rates - loans to households for house purchase with an interest rate fixation period of over ten years (new business) ,"Germany, Annualised agreed rate (AAR) / Narrowly defined effective rate (NDER), Credit and other institutions (MFI except MMFs and central banks) reporting sector - Lending for house purchase excluding revolving loans and overdrafts, convenience and extended credit card debt, Over 10 years initial rate fixation, New business coverage, Households and non-profit institutions serving households (S.14 and S.15) sector, denominated in Euro",PCPA,0
MIR.M.DE.B.A2C.P.R.A.2250.EUR.N,M,DE,B,A2C,P,R,A,2250,EUR,N,2019-07,1.49,A,F,,,P1M,,A,,,,,,,,,,4,,DE2,Bank interest rates - loans to households for house purchase with an interest rate fixation period of over ten years (new business) ,"Germany, Annualised agreed rate (AAR) / Narrowly defined effective rate (NDER), Credit and other institutions (MFI except MMFs and central banks) reporting sector - Lending for house purchase excluding revolving loans and overdrafts, convenience and extended credit card debt, Over 10 years initial rate fixation, New business coverage, Households and non-profit institutions serving households (S.14 and S.15) sector, denominated in Euro",PCPA,0
MIR.M.DE.B.A2C.P.R.A.2250.EUR.N,M,DE,B,A2C,P,R,A,2250,EUR,N,2019-08,1.36,A,F,,,P1M,,A,,,,,,,,,,4,,DE2,Bank interest rates - loans to households for house purchase with an interest rate fixation period of over ten years (new business) ,"Germany, Annualised agreed rate (AAR) / Narrowly defined effective rate (NDER), Credit and other institutions (MFI except MMFs and central banks) reporting sector - Lending for house purchase excluding revolving loans and overdrafts, convenience and extended credit card debt, Over 10 years initial rate fixation, New business coverage, Households and non-profit institutions serving households (S.14 and S.15) sector, denominated in Euro",PCPA,0
MIR.M.DE.B.A2C.P.R.A.2250.EUR.N,M,DE,B,A2C,P,R,A,2250,EUR,N,2019-09,1.24,A,F,,,P1M,,A,,,,,,,,,,4,,DE2,Bank interest rates - loans to households for house purchase with an interest rate fixation period of over ten years (new business) ,"Germany, Annualised agreed rate (AAR) / Narrowly defined effective rate (NDER), Credit and other institutions (MFI except MMFs and central banks) reporting sector - Lending for house purchase excluding revolving loans and overdrafts, convenience and extended credit card debt, Over 10 years initial rate fixation, New business coverage, Households and non-profit institutions serving households (S.14 and S.15) sector, denominated in Euro",PCPA,0
MIR.M.DE.B.A2C.P.R.A.2250.EUR.N,M,DE,B,A2C,P,R,A,2250,EUR,N,2019-10,1.22,A,F,,,P1M,,A,,,,,,,,,,4,,DE2,Bank interest rates - loans to households for house purchase with an interest rate fixation period of over ten years (new business) ,"Germany, Annualised agreed rate (AAR) / Narrowly defined effective rate (NDER), Credit and other institutions (MFI except MMFs and central banks) reporting sector - Lending for house purchase excluding revolving loans and overdrafts, convenience and extended credit card debt, Over 10 years initial rate fixation, New business coverage, Households and non-profit institutions serving households (S.14 and S.15) sector, denominated in Euro",PCPA,0
MIR.M.DE.B.A2C.P.R.A.2250.EUR.N,M,DE,B,A2C,P,R,A,2250,EUR,N,2019-11,1.25,A,F,,,P1M,,A,,,,,,,,,,4,,DE2,Bank interest rates - loans to households for house purchase with an interest rate fixation period of over ten years (new business) ,"Germany, Annualised agreed rate (AAR) / Narrowly defined effective rate (NDER), Credit and other institutions (MFI except MMFs and central banks) reporting sector - Lending for house purchase excluding revolving loans and overdrafts, convenience and extended credit card debt, Over 10 years initial rate fixation, New business coverage, Households and non-profit institutions serving households (S.14 and S.15) sector, denominated in Euro",PCPA,0
MIR.M.DE.B.A2C.P.R.A.2250.EUR.N,M,DE,B,A2C,P,R,A,2250,EUR,N,2019-12,1.27,A,F,,,P1M,,A,,,,,,,,,,4,,DE2,Bank interest rates - loans to households for house purchase with an interest rate fixation period of over ten years (new business) ,"Germany, Annualised agreed rate (AAR) / Narrowly defined effective rate (NDER), Credit and other institutions (MFI except MMFs and central banks) reporting sector - Lending for house purchase excluding revolving loans and overdrafts, convenience and extended credit card debt, Over 10 years initial rate fixation, New business coverage, Households and non-profit institutions serving households (S.14 and S.15) sector, denominated in Euro",PCPA,0
MIR.M.DE.B.A2C.P.R.A.2250.EUR.N,M,DE,B,A2C,P,R,A,2250,EUR,N,2020-01,1.35,A,F,,,P1M,,A,,,,,,,,,,4,,DE2,Bank interest rates - loans to households for house purchase with an interest rate fixation period of over ten years (new business) ,"Germany, Annualised agreed rate (AAR) / Narrowly defined effective rate (NDER), Credit and other institutions (MFI except MMFs and central banks) reporting sector - Lending for house purchase excluding revolving loans and overdrafts, convenience and extended credit card debt, Over 10 years initial rate fixation, New business coverage, Households and non-profit institutions serving households (S.14 and S.15) sector, denominated in Euro",PCPA,0
MIR.M.DE.B.A2C.P.R.A.2250.EUR.N,M,DE,B,A2C,P,R,A,2250,EUR,N,2020-02,1.26,A,F,,,P1M,,A,,,,,,,,,,4,,DE2,Bank interest rates - loans to households for house purchase with an interest rate fixation period of over ten years (new business) ,"Germany, Annualised agreed rate (AAR) / Narrowly defined effective rate (NDER), Credit and other institutions (MFI except MMFs and central banks) reporting sector - Lending for house purchase excluding revolving loans and overdrafts, convenience and extended credit card debt, Over 10 years initial rate fixation, New business coverage, Households and non-profit institutions serving households (S.14 and S.15) sector, denominated in Euro",PCPA,0
MIR.M.DE.B.A2C.P.R.A.2250.EUR.N,M,DE,B,A2C,P,R,A,2250,EUR,N,2020-03,1.18,A,F,,,P1M,,A,,,,,,,,,,4,,DE2,Bank interest rates - loans to households for house purchase with an interest rate fixation period of over ten years (new business) ,"Germany, Annualised agreed rate (AAR) / Narrowly defined effective rate (NDER), Credit and other institutions (MFI except MMFs and central banks) reporting sector - Lending for house purchase excluding revolving loans and overdrafts, convenience and extended credit card debt, Over 10 years initial rate fixation, New business coverage, Households and non-profit institutions serving households (S.14 and S.15) sector, denominated in Euro",PCPA,0
MIR.M.DE.B.A2C.P.R.A.2250.EUR.N,M,DE,B,A2C,P,R,A,2250,EUR,N,2020-04,1.22,A,F,,,P1M,,A,,,,,,,,,,4,,DE2,Bank interest rates - loans to households for house purchase with an interest rate fixation period of over ten years (new business) ,"Germany, Annualised agreed rate (AAR) / Narrowly defined effective rate (NDER), Credit and other institutions (MFI except MMFs and central banks) reporting sector - Lending for house purchase excluding revolving loans and overdrafts, convenience and extended credit card debt, Over 10 years initial rate fixation, New business coverage, Households and non-profit institutions serving households (S.14 and S.15) sector, denominated in Euro",PCPA,0
MIR.M.DE.B.A2C.P.R.A.2250.EUR.N,M,DE,B,A2C,P,R,A,2250,EUR,N,2020-05,1.27,A,F,,,P1M,,A,,,,,,,,,,4,,DE2,Bank interest rates - loans to households for house purchase with an interest rate fixation period of over ten years (new business) ,"Germany, Annualised agreed rate (AAR) / Narrowly defined effective rate (NDER), Credit and other institutions (MFI except MMFs and central banks) reporting sector - Lending for house purchase excluding revolving loans and overdrafts, convenience and extended credit card debt, Over 10 years initial rate fixation, New business coverage, Households and non-profit institutions serving households (S.14 and S.15) sector, denominated in Euro",PCPA,0
MIR.M.DE.B.A2C.P.R.A.2250.EUR.N,M,DE,B,A2C,P,R,A,2250,EUR,N,2020-06,1.28,A,F,,,P1M,,A,,,,,,,,,,4,,DE2,Bank interest rates - loans to households for house purchase with an interest rate fixation period of over ten years (new business) ,"Germany, Annualised agreed rate (AAR) / Narrowly defined effective rate (NDER), Credit and other institutions (MFI except MMFs and central banks) reporting sector - Lending for house purchase excluding revolving loans and overdrafts, convenience and extended credit card debt, Over 10 years initial rate fixation, New business coverage, Households and non-profit institutions serving households (S.14 and S.15) sector, denominated in Euro",PCPA,0
MIR.M.DE.B.A2C.P.R.A.2250.EUR.N,M,DE,B,A2C,P,R,A,2250,EUR,N,2020-07,1.24,A,F,,,P1M,,A,,,,,,,,,,4,,DE2,Bank interest rates - loans to households for house purchase with an interest rate fixation period of over ten years (new business) ,"Germany, Annualised agreed rate (AAR) / Narrowly defined effective rate (NDER), Credit and other institutions (MFI except MMFs and central banks) reporting sector - Lending for house purchase excluding revolving loans and overdrafts, convenience and extended credit card debt, Over 10 years initial rate fixation, New business coverage, Households and non-profit institutions serving households (S.14 and S.15) sector, denominated in Euro",PCPA,0
MIR.M.DE.B.A2C.P.R.A.2250.EUR.N,M,DE,B,A2C,P,R,A,2250,EUR,N,2020-08,1.2,A,F,,,P1M,,A,,,,,,,,,,4,,DE2,Bank interest rates - loans to households for house purchase with an interest rate fixation period of over ten years (new business) ,"Germany, Annualised agreed rate (AAR) / Narrowly defined effective rate (NDER), Credit and other institutions (MFI except MMFs and central banks) reporting sector - Lending for house purchase excluding revolving loans and overdrafts, convenience and extended credit card debt, Over 10 years initial rate fixation, New business coverage, Households and non-profit institutions serving households (S.14 and S.15) sector, denominated in Euro",PCPA,0
MIR.M.DE.B.A2C.P.R.A.2250.EUR.N,M,DE,B,A2C,P,R,A,2250,EUR,N,2020-09,1.17,A,F,,,P1M,,A,,,,,,,,,,4,,DE2,Bank interest rates - loans to households for house purchase with an interest rate fixation period of over ten years (new business) ,"Germany, Annualised agreed rate (AAR) / Narrowly defined effective rate (NDER), Credit and other institutions (MFI except MMFs and central banks) reporting sector - Lending for house purchase excluding revolving loans and overdrafts, convenience and extended credit card debt, Over 10 years initial rate fixation, New business coverage, Households and non-profit institutions serving households (S.14 and S.15) sector, denominated in Euro",PCPA,0
MIR.M.DE.B.A2C.P.R.A.2250.EUR.N,M,DE,B,A2C,P,R,A,2250,EUR,N,2020-10,1.17,A,F,,,P1M,,A,,,,,,,,,,4,,DE2,Bank interest rates - loans to households for house purchase with an interest rate fixation period of over ten years (new business) ,"Germany, Annualised agreed rate (AAR) / Narrowly defined effective rate (NDER), Credit and other institutions (MFI except MMFs and central banks) reporting sector - Lending for house purchase excluding revolving loans and overdrafts, convenience and extended credit card debt, Over 10 years initial rate fixation, New business coverage, Households and non-profit institutions serving households (S.14 and S.15) sector, denominated in Euro",PCPA,0
MIR.M.DE.B.A2C.P.R.A.2250.EUR.N,M,DE,B,A2C,P,R,A,2250,EUR,N,2020-11,1.14,A,F,,,P1M,,A,,,,,,,,,,4,,DE2,Bank interest rates - loans to households for house purchase with an interest rate fixation period of over ten years (new business) ,"Germany, Annualised agreed rate (AAR) / Narrowly defined effective rate (NDER), Credit and other institutions (MFI except MMFs and central banks) reporting sector - Lending for house purchase excluding revolving loans and overdrafts, convenience and extended credit card debt, Over 10 years initial rate fixation, New business coverage, Households and non-profit institutions serving households (S.14 and S.15) sector, denominated in Euro",PCPA,0
MIR.M.DE.B.A2C.P.R.A.2250.EUR.N,M,DE,B,A2C,P,R,A,2250,EUR,N,2020-12,1.11,A,F,,,P1M,,A,,,,,,,,,,4,,DE2,Bank interest rates - loans to households for house purchase with an interest rate fixation period of over ten years (new business) ,"Germany, Annualised agreed rate (AAR) / Narrowly defined effective rate (NDER), Credit and other institutions (MFI except MMFs and central banks) reporting sector - Lending for house purchase excluding revolving loans and overdrafts, convenience and extended credit card debt, Over 10 years initial rate fixation, New business coverage, Households and non-profit institutions serving households (S.14 and S.15) sector, denominated in Euro",PCPA,0
MIR.M.DE.B.A2C.P.R.A.2250.EUR.N,M,DE,B,A2C,P,R,A,2250,EUR,N,2021-01,1.15,A,F,,,P1M,,A,,,,,,,,,,4,,DE2,Bank interest rates - loans to households for house purchase with an interest rate fixation period of over ten years (new business) ,"Germany, Annualised agreed rate (AAR) / Narrowly defined effective rate (NDER), Credit and other institutions (MFI except MMFs and central banks) reporting sector - Lending for house purchase excluding revolving loans and overdrafts, convenience and extended credit card debt, Over 10 years initial rate fixation, New business coverage, Households and non-profit institutions serving households (S.14 and S.15) sector, denominated in Euro",PCPA,0
MIR.M.DE.B.A2C.P.R.A.2250.EUR.N,M,DE,B,A2C,P,R,A,2250,EUR,N,2021-02,1.14,A,F,,,P1M,,A,,,,,,,,,,4,,DE2,Bank interest rates - loans to households for house purchase with an interest rate fixation period of over ten years (new business) ,"Germany, Annualised agreed rate (AAR) / Narrowly defined effective rate (NDER), Credit and other institutions (MFI except MMFs and central banks) reporting sector - Lending for house purchase excluding revolving loans and overdrafts, convenience and extended credit card debt, Over 10 years initial rate fixation, New business coverage, Households and non-profit institutions serving households (S.14 and S.15) sector, denominated in Euro",PCPA,0
MIR.M.DE.B.A2C.P.R.A.2250.EUR.N,M,DE,B,A2C,P,R,A,2250,EUR,N,2021-03,1.17,A,F,,,P1M,,A,,,,,,,,,,4,,DE2,Bank interest rates - loans to households for house purchase with an interest rate fixation period of over ten years (new business) ,"Germany, Annualised agreed rate (AAR) / Narrowly defined effective rate (NDER), Credit and other institutions (MFI except MMFs and central banks) reporting sector - Lending for house purchase excluding revolving loans and overdrafts, convenience and extended credit card debt, Over 10 years initial rate fixation, New business coverage, Households and non-profit institutions serving households (S.14 and S.15) sector, denominated in Euro",PCPA,0
MIR.M.DE.B.A2C.P.R.A.2250.EUR.N,M,DE,B,A2C,P,R,A,2250,EUR,N,2021-04,1.23,A,F,,,P1M,,A,,,,,,,,,,4,,DE2,Bank interest rates - loans to households for house purchase with an interest rate fixation period of over ten years (new business) ,"Germany, Annualised agreed rate (AAR) / Narrowly defined effective rate (NDER), Credit and other institutions (MFI except MMFs and central banks) reporting sector - Lending for house purchase excluding revolving loans and overdrafts, convenience and extended credit card debt, Over 10 years initial rate fixation, New business coverage, Households and non-profit institutions serving households (S.14 and S.15) sector, denominated in Euro",PCPA,0
MIR.M.DE.B.A2C.P.R.A.2250.EUR.N,M,DE,B,A2C,P,R,A,2250,EUR,N,2021-05,1.29,A,F,,,P1M,,A,,,,,,,,,,4,,DE2,Bank interest rates - loans to households for house purchase with an interest rate fixation period of over ten years (new business) ,"Germany, Annualised agreed rate (AAR) / Narrowly defined effective rate (NDER), Credit and other institutions (MFI except MMFs and central banks) reporting sector - Lending for house purchase excluding revolving loans and overdrafts, convenience and extended credit card debt, Over 10 years initial rate fixation, New business coverage, Households and non-profit institutions serving households (S.14 and S.15) sector, denominated in Euro",PCPA,0
MIR.M.DE.B.A2C.P.R.A.2250.EUR.N,M,DE,B,A2C,P,R,A,2250,EUR,N,2021-06,1.33,A,F,,,P1M,,A,,,,,,,,,,4,,DE2,Bank interest rates - loans to households for house purchase with an interest rate fixation period of over ten years (new business) ,"Germany, Annualised agreed rate (AAR) / Narrowly defined effective rate (NDER), Credit and other institutions (MFI except MMFs and central banks) reporting sector - Lending for house purchase excluding revolving loans and overdrafts, convenience and extended credit card debt, Over 10 years initial rate fixation, New business coverage, Households and non-profit institutions serving households (S.14 and S.15) sector, denominated in Euro",PCPA,0
MIR.M.DE.B.A2C.P.R.A.2250.EUR.N,M,DE,B,A2C,P,R,A,2250,EUR,N,2021-07,1.34,A,F,,,P1M,,A,,,,,,,,,,4,,DE2,Bank interest rates - loans to households for house purchase with an interest rate fixation period of over ten years (new business) ,"Germany, Annualised agreed rate (AAR) / Narrowly defined effective rate (NDER), Credit and other institutions (MFI except MMFs and central banks) reporting sector - Lending for house purchase excluding revolving loans and overdrafts, convenience and extended credit card debt, Over 10 years initial rate fixation, New business coverage, Households and non-profit institutions serving households (S.14 and S.15) sector, denominated in Euro",PCPA,0
MIR.M.DE.B.A2C.P.R.A.2250.EUR.N,M,DE,B,A2C,P,R,A,2250,EUR,N,2021-08,1.28,A,F,,,P1M,,A,,,,,,,,,,4,,DE2,Bank interest rates - loans to households for house purchase with an interest rate fixation period of over ten years (new business) ,"Germany, Annualised agreed rate (AAR) / Narrowly defined effective rate (NDER), Credit and other institutions (MFI except MMFs and central banks) reporting sector - Lending for house purchase excluding revolving loans and overdrafts, convenience and extended credit card debt, Over 10 years initial rate fixation, New business coverage, Households and non-profit institutions serving households (S.14 and S.15) sector, denominated in Euro",PCPA,0
MIR.M.DE.B.A2C.P.R.A.2250.EUR.N,M,DE,B,A2C,P,R,A,2250,EUR,N,2021-09,1.27,A,F,,,P1M,,A,,,,,,,,,,4,,DE2,Bank interest rates - loans to households for house purchase with an interest rate fixation period of over ten years (new business) ,"Germany, Annualised agreed rate (AAR) / Narrowly defined effective rate (NDER), Credit and other institutions (MFI except MMFs and central banks) reporting sector - Lending for house purchase excluding revolving loans and overdrafts, convenience and extended credit card debt, Over 10 years initial rate fixation, New business coverage, Households and non-profit institutions serving households (S.14 and S.15) sector, denominated in Euro",PCPA,0
MIR.M.DE.B.A2C.P.R.A.2250.EUR.N,M,DE,B,A2C,P,R,A,2250,EUR,N,2021-10,1.29,A,F,,,P1M,,A,,,,,,,,,,4,,DE2,Bank interest rates - loans to households for house purchase with an interest rate fixation period of over ten years (new business) ,"Germany, Annualised agreed rate (AAR) / Narrowly defined effective rate (NDER), Credit and other institutions (MFI except MMFs and central banks) reporting sector - Lending for house purchase excluding revolving loans and overdrafts, convenience and extended credit card debt, Over 10 years initial rate fixation, New business coverage, Households and non-profit institutions serving households (S.14 and S.15) sector, denominated in Euro",PCPA,0
MIR.M.DE.B.A2C.P.R.A.2250.EUR.N,M,DE,B,A2C,P,R,A,2250,EUR,N,2021-11,1.33,A,F,,,P1M,,A,,,,,,,,,,4,,DE2,Bank interest rates - loans to households for house purchase with an interest rate fixation period of over ten years (new business) ,"Germany, Annualised agreed rate (AAR) / Narrowly defined effective rate (NDER), Credit and other institutions (MFI except MMFs and central banks) reporting sector - Lending for house purchase excluding revolving loans and overdrafts, convenience and extended credit card debt, Over 10 years initial rate fixation, New business coverage, Households and non-profit institutions serving households (S.14 and S.15) sector, denominated in Euro",PCPA,0
MIR.M.DE.B.A2C.P.R.A.2250.EUR.N,M,DE,B,A2C,P,R,A,2250,EUR,N,2021-12,1.34,A,F,,,P1M,,A,,,,,,,,,,4,,DE2,Bank interest rates - loans to households for house purchase with an interest rate fixation period of over ten years (new business) ,"Germany, Annualised agreed rate (AAR) / Narrowly defined effective rate (NDER), Credit and other institutions (MFI except MMFs and central banks) reporting sector - Lending for house purchase excluding revolving loans and overdrafts, convenience and extended credit card debt, Over 10 years initial rate fixation, New business coverage, Households and non-profit institutions serving households (S.14 and S.15) sector, denominated in Euro",PCPA,0
MIR.M.DE.B.A2C.P.R.A.2250.EUR.N,M,DE,B,A2C,P,R,A,2250,EUR,N,2022-01,1.37,A,F,,,P1M,,A,,,,,,,,,,4,,DE2,Bank interest rates - loans to households for house purchase with an interest rate fixation period of over ten years (new business) ,"Germany, Annualised agreed rate (AAR) / Narrowly defined effective rate (NDER), Credit and other institutions (MFI except MMFs and central banks) reporting sector - Lending for house purchase excluding revolving loans and overdrafts, convenience and extended credit card debt, Over 10 years initial rate fixation, New business coverage, Households and non-profit institutions serving households (S.14 and S.15) sector, denominated in Euro",PCPA,0
MIR.M.DE.B.A2C.P.R.A.2250.EUR.N,M,DE,B,A2C,P,R,A,2250,EUR,N,2022-02,1.48,A,F,,,P1M,,A,,,,,,,,,,4,,DE2,Bank interest rates - loans to households for house purchase with an interest rate fixation period of over ten years (new business) ,"Germany, Annualised agreed rate (AAR) / Narrowly defined effective rate (NDER), Credit and other institutions (MFI except MMFs and central banks) reporting sector - Lending for house purchase excluding revolving loans and overdrafts, convenience and extended credit card debt, Over 10 years initial rate fixation, New business coverage, Households and non-profit institutions serving households (S.14 and S.15) sector, denominated in Euro",PCPA,0
MIR.M.DE.B.A2C.P.R.A.2250.EUR.N,M,DE,B,A2C,P,R,A,2250,EUR,N,2022-03,1.71,A,F,,,P1M,,A,,,,,,,,,,4,,DE2,Bank interest rates - loans to households for house purchase with an interest rate fixation period of over ten years (new business) ,"Germany, Annualised agreed rate (AAR) / Narrowly defined effective rate (NDER), Credit and other institutions (MFI except MMFs and central banks) reporting sector - Lending for house purchase excluding revolving loans and overdrafts, convenience and extended credit card debt, Over 10 years initial rate fixation, New business coverage, Households and non-profit institutions serving households (S.14 and S.15) sector, denominated in Euro",PCPA,0
MIR.M.DE.B.A2C.P.R.A.2250.EUR.N,M,DE,B,A2C,P,R,A,2250,EUR,N,2022-04,2.04,A,F,,,P1M,,A,,,,,,,,,,4,,DE2,Bank interest rates - loans to households for house purchase with an interest rate fixation period of over ten years (new business) ,"Germany, Annualised agreed rate (AAR) / Narrowly defined effective rate (NDER), Credit and other institutions (MFI except MMFs and central banks) reporting sector - Lending for house purchase excluding revolving loans and overdrafts, convenience and extended credit card debt, Over 10 years initial rate fixation, New business coverage, Households and non-profit institutions serving households (S.14 and S.15) sector, denominated in Euro",PCPA,0
MIR.M.DE.B.A2C.P.R.A.2250.EUR.N,M,DE,B,A2C,P,R,A,2250,EUR,N,2022-05,2.42,A,F,,,P1M,,A,,,,,,,,,,4,,DE2,Bank interest rates - loans to households for house purchase with an interest rate fixation period of over ten years (new business) ,"Germany, Annualised agreed rate (AAR) / Narrowly defined effective rate (NDER), Credit and other institutions (MFI except MMFs and central banks) reporting sector - Lending for house purchase excluding revolving loans and overdrafts, convenience and extended credit card debt, Over 10 years initial rate fixation, New business coverage, Households and non-profit institutions serving households (S.14 and S.15) sector, denominated in Euro",PCPA,0
MIR.M.DE.B.A2C.P.R.A.2250.EUR.N,M,DE,B,A2C,P,R,A,2250,EUR,N,2022-06,2.77,A,F,,,P1M,,A,,,,,,,,,,4,,DE2,Bank interest rates - loans to households for house purchase with an interest rate fixation period of over ten years (new business) ,"Germany, Annualised agreed rate (AAR) / Narrowly defined effective rate (NDER), Credit and other institutions (MFI except MMFs and central banks) reporting sector - Lending for house purchase excluding revolving loans and overdrafts, convenience and extended credit card debt, Over 10 years initial rate fixation, New business coverage, Households and non-profit institutions serving households (S.14 and S.15) sector, denominated in Euro",PCPA,0
MIR.M.DE.B.A2C.P.R.A.2250.EUR.N,M,DE,B,A2C,P,R,A,2250,EUR,N,2022-07,3.04,A,F,,,P1M,,A,,,,,,,,,,4,,DE2,Bank interest rates - loans to households for house purchase with an interest rate fixation period of over ten years (new business) ,"Germany, Annualised agreed rate (AAR) / Narrowly defined effective rate (NDER), Credit and other institutions (MFI except MMFs and central banks) reporting sector - Lending for house purchase excluding revolving loans and overdrafts, convenience and extended credit card debt, Over 10 years initial rate fixation, New business coverage, Households and non-profit institutions serving households (S.14 and S.15) sector, denominated in Euro",PCPA,0
MIR.M.DE.B.A2C.P.R.A.2250.EUR.N,M,DE,B,A2C,P,R,A,2250,EUR,N,2022-08,3.04,A,F,,,P1M,,A,,,,,,,,,,4,,DE2,Bank interest rates - loans to households for house purchase with an interest rate fixation period of over ten years (new business) ,"Germany, Annualised agreed rate (AAR) / Narrowly defined effective rate (NDER), Credit and other institutions (MFI except MMFs and central banks) reporting sector - Lending for house purchase excluding revolving loans and overdrafts, convenience and extended credit card debt, Over 10 years initial rate fixation, New business coverage, Households and non-profit institutions serving households (S.14 and S.15) sector, denominated in Euro",PCPA,0
MIR.M.DE.B.A2C.P.R.A.2250.EUR.N,M,DE,B,A2C,P,R,A,2250,EUR,N,2022-09,3.18,A,F,,,P1M,,A,,,,,,,,,,4,,DE2,Bank interest rates - loans to households for house purchase with an interest rate fixation period of over ten years (new business) ,"Germany, Annualised agreed rate (AAR) / Narrowly defined effective rate (NDER), Credit and other institutions (MFI except MMFs and central banks) reporting sector - Lending for house purchase excluding revolving loans and overdrafts, convenience and extended credit card debt, Over 10 years initial rate fixation, New business coverage, Households and non-profit institutions serving households (S.14 and S.15) sector, denominated in Euro",PCPA,0
MIR.M.DE.B.A2C.P.R.A.2250.EUR.N,M,DE,B,A2C,P,R,A,2250,EUR,N,2022-10,3.48,A,F,,,P1M,,A,,,,,,,,,,4,,DE2,Bank interest rates - loans to households for house purchase with an interest rate fixation period of over ten years (new business) ,"Germany, Annualised agreed rate (AAR) / Narrowly defined effective rate (NDER), Credit and other institutions (MFI except MMFs and central banks) reporting sector - Lending for house purchase excluding revolving loans and overdrafts, convenience and extended credit card debt, Over 10 years initial rate fixation, New business coverage, Households and non-profit institutions serving households (S.14 and S.15) sector, denominated in Euro",PCPA,0
MIR.M.DE.B.A2C.P.R.A.2250.EUR.N,M,DE,B,A2C,P,R,A,2250,EUR,N,2022-11,3.75,A,F,,,P1M,,A,,,,,,,,,,4,,DE2,Bank interest rates - loans to households for house purchase with an interest rate fixation period of over ten years (new business) ,"Germany, Annualised agreed rate (AAR) / Narrowly defined effective rate (NDER), Credit and other institutions (MFI except MMFs and central banks) reporting sector - Lending for house purchase excluding revolving loans and overdrafts, convenience and extended credit card debt, Over 10 years initial rate fixation, New business coverage, Households and non-profit institutions serving households (S.14 and S.15) sector, denominated in Euro",PCPA,0
MIR.M.DE.B.A2C.P.R.A.2250.EUR.N,M,DE,B,A2C,P,R,A,2250,EUR,N,2022-12,3.55,A,F,,,P1M,,A,,,,,,,,,,4,,DE2,Bank interest rates - loans to households for house purchase with an interest rate fixation period of over ten years (new business) ,"Germany, Annualised agreed rate (AAR) / Narrowly defined effective rate (NDER), Credit and other institutions (MFI except MMFs and central banks) reporting sector - Lending for house purchase excluding revolving loans and overdrafts, convenience and extended credit card debt, Over 10 years initial rate fixation, New business coverage, Households and non-profit institutions serving households (S.14 and S.15) sector, denominated in Euro",PCPA,0
MIR.M.DE.B.A2C.P.R.A.2250.EUR.N,M,DE,B,A2C,P,R,A,2250,EUR,N,2023-01,3.7,A,F,,,P1M,,A,,,,,,,,,,4,,DE2,Bank interest rates - loans to households for house purchase with an interest rate fixation period of over ten years (new business) ,"Germany, Annualised agreed rate (AAR) / Narrowly defined effective rate (NDER), Credit and other institutions (MFI except MMFs and central banks) reporting sector - Lending for house purchase excluding revolving loans and overdrafts, convenience and extended credit card debt, Over 10 years initial rate fixation, New business coverage, Households and non-profit institutions serving households (S.14 and S.15) sector, denominated in Euro",PCPA,0
MIR.M.DE.B.A2C.P.R.A.2250.EUR.N,M,DE,B,A2C,P,R,A,2250,EUR,N,2023-02,3.74,A,F,,,P1M,,A,,,,,,,,,,4,,DE2,Bank interest rates - loans to households for house purchase with an interest rate fixation period of over ten years (new business) ,"Germany, Annualised agreed rate (AAR) / Narrowly defined effective rate (NDER), Credit and other institutions (MFI except MMFs and central banks) reporting sector - Lending for house purchase excluding revolving loans and overdrafts, convenience and extended credit card debt, Over 10 years initial rate fixation, New business coverage, Households and non-profit institutions serving households (S.14 and S.15) sector, denominated in Euro",PCPA,0
MIR.M.DE.B.A2C.P.R.A.2250.EUR.N,M,DE,B,A2C,P,R,A,2250,EUR,N,2023-03,3.8,A,F,,,P1M,,A,,,,,,,,,,4,,DE2,Bank interest rates - loans to households for house purchase with an interest rate fixation period of over ten years (new business) ,"Germany, Annualised agreed rate (AAR) / Narrowly defined effective rate (NDER), Credit and other institutions (MFI except MMFs and central banks) reporting sector - Lending for house purchase excluding revolving loans and overdrafts, convenience and extended credit card debt, Over 10 years initial rate fixation, New business coverage, Households and non-profit institutions serving households (S.14 and S.15) sector, denominated in Euro",PCPA,0
MIR.M.DE.B.A2C.P.R.A.2250.EUR.N,M,DE,B,A2C,P,R,A,2250,EUR,N,2023-04,3.77,A,F,,,P1M,,A,,,,,,,,,,4,,DE2,Bank interest rates - loans to households for house purchase with an interest rate fixation period of over ten years (new business) ,"Germany, Annualised agreed rate (AAR) / Narrowly defined effective rate (NDER), Credit and other institutions (MFI except MMFs and central banks) reporting sector - Lending for house purchase excluding revolving loans and overdrafts, convenience and extended credit card debt, Over 10 years initial rate fixation, New business coverage, Households and non-profit institutions serving households (S.14 and S.15) sector, denominated in Euro",PCPA,0
MIR.M.DE.B.A2C.P.R.A.2250.EUR.N,M,DE,B,A2C,P,R,A,2250,EUR,N,2023-05,3.76,A,F,,,P1M,,A,,,,,,,,,,4,,DE2,Bank interest rates - loans to households for house purchase with an interest rate fixation period of over ten years (new business) ,"Germany, Annualised agreed rate (AAR) / Narrowly defined effective rate (NDER), Credit and other institutions (MFI except MMFs and central banks) reporting sector - Lending for house purchase excluding revolving loans and overdrafts, convenience and extended credit card debt, Over 10 years initial rate fixation, New business coverage, Households and non-profit institutions serving households (S.14 and S.15) sector, denominated in Euro",PCPA,0
MIR.M.DE.B.A2C.P.R.A.2250.EUR.N,M,DE,B,A2C,P,R,A,2250,EUR,N,2023-06,3.84,A,F,,,P1M,,A,,,,,,,,,,4,,DE2,Bank interest rates - loans to households for house purchase with an interest rate fixation period of over ten years (new business) ,"Germany, Annualised agreed rate (AAR) / Narrowly defined effective rate (NDER), Credit and other institutions (MFI except MMFs and central banks) reporting sector - Lending for house purchase excluding revolving loans and overdrafts, convenience and extended credit card debt, Over 10 years initial rate fixation, New business coverage, Households and non-profit institutions serving households (S.14 and S.15) sector, denominated in Euro",PCPA,0
MIR.M.DE.B.A2C.P.R.A.2250.EUR.N,M,DE,B,A2C,P,R,A,2250,EUR,N,2023-07,3.82,A,F,,,P1M,,A,,,,,,,,,,4,,DE2,Bank interest rates - loans to households for house purchase with an interest rate fixation period of over ten years (new business) ,"Germany, Annualised agreed rate (AAR) / Narrowly defined effective rate (NDER), Credit and other institutions (MFI except MMFs and central banks) reporting sector - Lending for house purchase excluding revolving loans and overdrafts, convenience and extended credit card debt, Over 10 years initial rate fixation, New business coverage, Households and non-profit institutions serving households (S.14 and S.15) sector, denominated in Euro",PCPA,0
MIR.M.DE.B.A2C.P.R.A.2250.EUR.N,M,DE,B,A2C,P,R,A,2250,EUR,N,2023-08,3.89,A,F,,,P1M,,A,,,,,,,,,,4,,DE2,Bank interest rates - loans to households for house purchase with an interest rate fixation period of over ten years (new business) ,"Germany, Annualised agreed rate (AAR) / Narrowly defined effective rate (NDER), Credit and other institutions (MFI except MMFs and central banks) reporting sector - Lending for house purchase excluding revolving loans and overdrafts, convenience and extended credit card debt, Over 10 years initial rate fixation, New business coverage, Households and non-profit institutions serving households (S.14 and S.15) sector, denominated in Euro",PCPA,0
MIR.M.DE.B.A2C.P.R.A.2250.EUR.N,M,DE,B,A2C,P,R,A,2250,EUR,N,2023-09,3.85,A,F,,,P1M,,A,,,,,,,,,,4,,DE2,Bank interest rates - loans to households for house purchase with an interest rate fixation period of over ten years (new business) ,"Germany, Annualised agreed rate (AAR) / Narrowly defined effective rate (NDER), Credit and other institutions (MFI except MMFs and central banks) reporting sector - Lending for house purchase excluding revolving loans and overdrafts, convenience and extended credit card debt, Over 10 years initial rate fixation, New business coverage, Households and non-profit institutions serving households (S.14 and S.15) sector, denominated in Euro",PCPA,0
MIR.M.DE.B.A2C.P.R.A.2250.EUR.N,M,DE,B,A2C,P,R,A,2250,EUR,N,2023-10,3.9,A,F,,,P1M,,A,,,,,,,,,,4,,DE2,Bank interest rates - loans to households for house purchase with an interest rate fixation period of over ten years (new business) ,"Germany, Annualised agreed rate (AAR) / Narrowly defined effective rate (NDER), Credit and other institutions (MFI except MMFs and central banks) reporting sector - Lending for house purchase excluding revolving loans and overdrafts, convenience and extended credit card debt, Over 10 years initial rate fixation, New business coverage, Households and non-profit institutions serving households (S.14 and S.15) sector, denominated in Euro",PCPA,0
MIR.M.DE.B.A2C.P.R.A.2250.EUR.N,M,DE,B,A2C,P,R,A,2250,EUR,N,2023-11,3.92,A,F,,,P1M,,A,,,,,,,,,,4,,DE2,Bank interest rates - loans to households for house purchase with an interest rate fixation period of over ten years (new business) ,"Germany, Annualised agreed rate (AAR) / Narrowly defined effective rate (NDER), Credit and other institutions (MFI except MMFs and central banks) reporting sector - Lending for house purchase excluding revolving loans and overdrafts, convenience and extended credit card debt, Over 10 years initial rate fixation, New business coverage, Households and non-profit institutions serving households (S.14 and S.15) sector, denominated in Euro",PCPA,0
MIR.M.DE.B.A2C.P.R.A.2250.EUR.N,M,DE,B,A2C,P,R,A,2250,EUR,N,2023-12,3.65,A,F,,,P1M,,A,,,,,,,,,,4,,DE2,Bank interest rates - loans to households for house purchase with an interest rate fixation period of over ten years (new business) ,"Germany, Annualised agreed rate (AAR) / Narrowly defined effective rate (NDER), Credit and other institutions (MFI except MMFs and central banks) reporting sector - Lending for house purchase excluding revolving loans and overdrafts, convenience and extended credit card debt, Over 10 years initial rate fixation, New business coverage, Households and non-profit institutions serving households (S.14 and S.15) sector, denominated in Euro",PCPA,0
MIR.M.DE.B.A2C.P.R.A.2250.EUR.N,M,DE,B,A2C,P,R,A,2250,EUR,N,2024-01,3.55,A,F,,,P1M,,A,,,,,,,,,,4,,DE2,Bank interest rates - loans to households for house purchase with an interest rate fixation period of over ten years (new business) ,"Germany, Annualised agreed rate (AAR) / Narrowly defined effective rate (NDER), Credit and other institutions (MFI except MMFs and central banks) reporting sector - Lending for house purchase excluding revolving loans and overdrafts, convenience and extended credit card debt, Over 10 years initial rate fixation, New business coverage, Households and non-profit institutions serving households (S.14 and S.15) sector, denominated in Euro",PCPA,0
MIR.M.DE.B.A2C.P.R.A.2250.EUR.N,M,DE,B,A2C,P,R,A,2250,EUR,N,2024-02,3.61,A,F,,,P1M,,A,,,,,,,,,,4,,DE2,Bank interest rates - loans to households for house purchase with an interest rate fixation period of over ten years (new business) ,"Germany, Annualised agreed rate (AAR) / Narrowly defined effective rate (NDER), Credit and other institutions (MFI except MMFs and central banks) reporting sector - Lending for house purchase excluding revolving loans and overdrafts, convenience and extended credit card debt, Over 10 years initial rate fixation, New business coverage, Households and non-profit institutions serving households (S.14 and S.15) sector, denominated in Euro",PCPA,0
MIR.M.DE.B.A2C.P.R.A.2250.EUR.N,M,DE,B,A2C,P,R,A,2250,EUR,N,2024-03,3.61,A,F,,,P1M,,A,,,,,,,,,,4,,DE2,Bank interest rates - loans to households for house purchase with an interest rate fixation period of over ten years (new business) ,"Germany, Annualised agreed rate (AAR) / Narrowly defined effective rate (NDER), Credit and other institutions (MFI except MMFs and central banks) reporting sector - Lending for house purchase excluding revolving loans and overdrafts, convenience and extended credit card debt, Over 10 years initial rate fixation, New business coverage, Households and non-profit institutions serving households (S.14 and S.15) sector, denominated in Euro",PCPA,0
MIR.M.DE.B.A2C.P.R.A.2250.EUR.N,M,DE,B,A2C,P,R,A,2250,EUR,N,2024-04,3.64,A,F,,,P1M,,A,,,,,,,,,,4,,DE2,Bank interest rates - loans to households for house purchase with an interest rate fixation period of over ten years (new business) ,"Germany, Annualised agreed rate (AAR) / Narrowly defined effective rate (NDER), Credit and other institutions (MFI except MMFs and central banks) reporting sector - Lending for house purchase excluding revolving loans and overdrafts, convenience and extended credit card debt, Over 10 years initial rate fixation, New business coverage, Households and non-profit institutions serving households (S.14 and S.15) sector, denominated in Euro",PCPA,0
MIR.M.DE.B.A2C.P.R.A.2250.EUR.N,M,DE,B,A2C,P,R,A,2250,EUR,N,2024-05,3.69,A,F,,,P1M,,A,,,,,,,,,,4,,DE2,Bank interest rates - loans to households for house purchase with an interest rate fixation period of over ten years (new business) ,"Germany, Annualised agreed rate (AAR) / Narrowly defined effective rate (NDER), Credit and other institutions (MFI except MMFs and central banks) reporting sector - Lending for house purchase excluding revolving loans and overdrafts, convenience and extended credit card debt, Over 10 years initial rate fixation, New business coverage, Households and non-profit institutions serving households (S.14 and S.15) sector, denominated in Euro",PCPA,0
MIR.M.DE.B.A2C.P.R.A.2250.EUR.N,M,DE,B,A2C,P,R,A,2250,EUR,N,2024-06,3.68,A,F,,,P1M,,A,,,,,,,,,,4,,DE2,Bank interest rates - loans to households for house purchase with an interest rate fixation period of over ten years (new business) ,"Germany, Annualised agreed rate (AAR) / Narrowly defined effective rate (NDER), Credit and other institutions (MFI except MMFs and central banks) reporting sector - Lending for house purchase excluding revolving loans and overdrafts, convenience and extended credit card debt, Over 10 years initial rate fixation, New business coverage, Households and non-profit institutions serving households (S.14 and S.15) sector, denominated in Euro",PCPA,0
MIR.M.DE.B.A2C.P.R.A.2250.EUR.N,M,DE,B,A2C,P,R,A,2250,EUR,N,2024-07,3.71,A,F,,,P1M,,A,,,,,,,,,,4,,DE2,Bank interest rates - loans to households for house purchase with an interest rate fixation period of over ten years (new business) ,"Germany, Annualised agreed rate (AAR) / Narrowly defined effective rate (NDER), Credit and other institutions (MFI except MMFs and central banks) reporting sector - Lending for house purchase excluding revolving loans and overdrafts, convenience and extended credit card debt, Over 10 years initial rate fixation, New business coverage, Households and non-profit institutions serving households (S.14 and S.15) sector, denominated in Euro",PCPA,0
MIR.M.DE.B.A2C.P.R.A.2250.EUR.N,M,DE,B,A2C,P,R,A,2250,EUR,N,2024-08,3.6,A,F,,,P1M,,A,,,,,,,,,,4,,DE2,Bank interest rates - loans to households for house purchase with an interest rate fixation period of over ten years (new business) ,"Germany, Annualised agreed rate (AAR) / Narrowly defined effective rate (NDER), Credit and other institutions (MFI except MMFs and central banks) reporting sector - Lending for house purchase excluding revolving loans and overdrafts, convenience and extended credit card debt, Over 10 years initial rate fixation, New business coverage, Households and non-profit institutions serving households (S.14 and S.15) sector, denominated in Euro",PCPA,0
MIR.M.DE.B.A2C.P.R.A.2250.EUR.N,M,DE,B,A2C,P,R,A,2250,EUR,N,2024-09,3.5,A,F,,,P1M,,A,,,,,,,,,,4,,DE2,Bank interest rates - loans to households for house purchase with an interest rate fixation period of over ten years (new business) ,"Germany, Annualised agreed rate (AAR) / Narrowly defined effective rate (NDER), Credit and other institutions (MFI except MMFs and central banks) reporting sector - Lending for house purchase excluding revolving loans and overdrafts, convenience and extended credit card debt, Over 10 years initial rate fixation, New business coverage, Households and non-profit institutions serving households (S.14 and S.15) sector, denominated in Euro",PCPA,0
MIR.M.DE.B.A2C.P.R.A.2250.EUR.N,M,DE,B,A2C,P,R,A,2250,EUR,N,2024-10,3.45,A,F,,,P1M,,A,,,,,,,,,,4,,DE2,Bank interest rates - loans to households for house purchase with an interest rate fixation period of over ten years (new business) ,"Germany, Annualised agreed rate (AAR) / Narrowly defined effective rate (NDER), Credit and other institutions (MFI except MMFs and central banks) reporting sector - Lending for house purchase excluding revolving loans and overdrafts, convenience and extended credit card debt, Over 10 years initial rate fixation, New business coverage, Households and non-profit institutions serving households (S.14 and S.15) sector, denominated in Euro",PCPA,0
MIR.M.DE.B.A2C.P.R.A.2250.EUR.N,M,DE,B,A2C,P,R,A,2250,EUR,N,2024-11,3.39,A,F,,,P1M,,A,,,,,,,,,,4,,DE2,Bank interest rates - loans to households for house purchase with an interest rate fixation period of over ten years (new business) ,"Germany, Annualised agreed rate (AAR) / Narrowly defined effective rate (NDER), Credit and other institutions (MFI except MMFs and central banks) reporting sector - Lending for house purchase excluding revolving loans and overdrafts, convenience and extended credit card debt, Over 10 years initial rate fixation, New business coverage, Households and non-profit institutions serving households (S.14 and S.15) sector, denominated in Euro",PCPA,0
MIR.M.DE.B.A2C.P.R.A.2250.EUR.N,M,DE,B,A2C,P,R,A,2250,EUR,N,2024-12,3.34,A,F,,,P1M,,A,,,,,,,,,,4,,DE2,Bank interest rates - loans to households for house purchase with an interest rate fixation period of over ten years (new business) ,"Germany, Annualised agreed rate (AAR) / Narrowly defined effective rate (NDER), Credit and other institutions (MFI except MMFs and central banks) reporting sector - Lending for house purchase excluding revolving loans and overdrafts, convenience and extended credit card debt, Over 10 years initial rate fixation, New business coverage, Households and non-profit institutions serving households (S.14 and S.15) sector, denominated in Euro",PCPA,0
MIR.M.DE.B.A2C.P.R.A.2250.EUR.N,M,DE,B,A2C,P,R,A,2250,EUR,N,2025-01,3.41,A,F,,,P1M,,A,,,,,,,,,,4,,DE2,Bank interest rates - loans to households for house purchase with an interest rate fixation period of over ten years (new business) ,"Germany, Annualised agreed rate (AAR) / Narrowly defined effective rate (NDER), Credit and other institutions (MFI except MMFs and central banks) reporting sector - Lending for house purchase excluding revolving loans and overdrafts, convenience and extended credit card debt, Over 10 years initial rate fixation, New business coverage, Households and non-profit institutions serving households (S.14 and S.15) sector, denominated in Euro",PCPA,0
MIR.M.DE.B.A2C.P.R.A.2250.EUR.N,M,DE,B,A2C,P,R,A,2250,EUR,N,2025-02,3.48,A,F,,,P1M,,A,,,,,,,,,,4,,DE2,Bank interest rates - loans to households for house purchase with an interest rate fixation period of over ten years (new business) ,"Germany, Annualised agreed rate (AAR) / Narrowly defined effective rate (NDER), Credit and other institutions (MFI except MMFs and central banks) reporting sector - Lending for house purchase excluding revolving loans and overdrafts, convenience and extended credit card debt, Over 10 years initial rate fixation, New business coverage, Households and non-profit institutions serving households (S.14 and S.15) sector, denominated in Euro",PCPA,0
MIR.M.DE.B.A2C.P.R.A.2250.EUR.N,M,DE,B,A2C,P,R,A,2250,EUR,N,2025-03,3.54,A,F,,,P1M,,A,,,,,,,,,,4,,DE2,Bank interest rates - loans to households for house purchase with an interest rate fixation period of over ten years (new business) ,"Germany, Annualised agreed rate (AAR) / Narrowly defined effective rate (NDER), Credit and other institutions (MFI except MMFs and central banks) reporting sector - Lending for house purchase excluding revolving loans and overdrafts, convenience and extended credit card debt, Over 10 years initial rate fixation, New business coverage, Households and non-profit institutions serving households (S.14 and S.15) sector, denominated in Euro",PCPA,0
MIR.M.DE.B.A2C.P.R.A.2250.EUR.N,M,DE,B,A2C,P,R,A,2250,EUR,N,2025-04,3.65,A,F,,,P1M,,A,,,,,,,,,,4,,DE2,Bank interest rates - loans to households for house purchase with an interest rate fixation period of over ten years (new business) ,"Germany, Annualised agreed rate (AAR) / Narrowly defined effective rate (NDER), Credit and other institutions (MFI except MMFs and central banks) reporting sector - Lending for house purchase excluding revolving loans and overdrafts, convenience and extended credit card debt, Over 10 years initial rate fixation, New business coverage, Households and non-profit institutions serving households (S.14 and S.15) sector, denominated in Euro",PCPA,0
MIR.M.DE.B.A2C.P.R.A.2250.EUR.N,M,DE,B,A2C,P,R,A,2250,EUR,N,2025-05,3.63,A,F,,,P1M,,A,,,,,,,,,,4,,DE2,Bank interest rates - loans to households for house purchase with an interest rate fixation period of over ten years (new business) ,"Germany, Annualised agreed rate (AAR) / Narrowly defined effective rate (NDER), Credit and other institutions (MFI except MMFs and central banks) reporting sector - Lending for house purchase excluding revolving loans and overdrafts, convenience and extended credit card debt, Over 10 years initial rate fixation, New business coverage, Households and non-profit institutions serving households (S.14 and S.15) sector, denominated in Euro",PCPA,0
MIR.M.DE.B.A2C.P.R.A.2250.EUR.N,M,DE,B,A2C,P,R,A,2250,EUR,N,2025-06,3.68,A,F,,,P1M,,A,,,,,,,,,,4,,DE2,Bank interest rates - loans to households for house purchase with an interest rate fixation period of over ten years (new business) ,"Germany, Annualised agreed rate (AAR) / Narrowly defined effective rate (NDER), Credit and other institutions (MFI except MMFs and central banks) reporting sector - Lending for house purchase excluding revolving loans and overdrafts, convenience and extended credit card debt, Over 10 years initial rate fixation, New business coverage, Households and non-profit institutions serving households (S.14 and S.15) sector, denominated in Euro",PCPA,0
MIR.M.DE.B.A2C.P.R.A.2250.EUR.N,M,DE,B,A2C,P,R,A,2250,EUR,N,2025-07,3.69,A,F,,,P1M,,A,,,,,,,,,,4,,DE2,Bank interest rates - loans to households for house purchase with an interest rate fixation period of over ten years (new business) ,"Germany, Annualised agreed rate (AAR) / Narrowly defined effective rate (NDER), Credit and other institutions (MFI except MMFs and central banks) reporting sector - Lending for house purchase excluding revolving loans and overdrafts, convenience and extended credit card debt, Over 10 years initial rate fixation, New business coverage, Households and non-profit institutions serving households (S.14 and S.15) sector, denominated in Euro",PCPA,0
MIR.M.DE.B.A2C.P.R.A.2250.EUR.N,M,DE,B,A2C,P,R,A,2250,EUR,N,2025-08,3.73,A,F,,,P1M,,A,,,,,,,,,,4,,DE2,Bank interest rates - loans to households for house purchase with an interest rate fixation period of over ten years (new business) ,"Germany, Annualised agreed rate (AAR) / Narrowly defined effective rate (NDER), Credit and other institutions (MFI except MMFs and central banks) reporting sector - Lending for house purchase excluding revolving loans and overdrafts, convenience and extended credit card debt, Over 10 years initial rate fixation, New business coverage, Households and non-profit institutions serving households (S.14 and S.15) sector, denominated in Euro",PCPA,0
MIR.M.DE.B.A2C.P.R.A.2250.EUR.N,M,DE,B,A2C,P,R,A,2250,EUR,N,2025-09,3.79,A,F,,,P1M,,A,,,,,,,,,,4,,DE2,Bank interest rates - loans to households for house purchase with an interest rate fixation period of over ten years (new business) ,"Germany, Annualised agreed rate (AAR) / Narrowly defined effective rate (NDER), Credit and other institutions (MFI except MMFs and central banks) reporting sector - Lending for house purchase excluding revolving loans and overdrafts, convenience and extended credit card debt, Over 10 years initial rate fixation, New business coverage, Households and non-profit institutions serving households (S.14 and S.15) sector, denominated in Euro",PCPA,0
MIR.M.DE.B.A2C.P.R.A.2250.EUR.N,M,DE,B,A2C,P,R,A,2250,EUR,N,2025-10,3.71,A,F,,,P1M,,A,,,,,,,,,,4,,DE2,Bank interest rates - loans to households for house purchase with an interest rate fixation period of over ten years (new business) ,"Germany, Annualised agreed rate (AAR) / Narrowly defined effective rate (NDER), Credit and other institutions (MFI except MMFs and central banks) reporting sector - Lending for house purchase excluding revolving loans and overdrafts, convenience and extended credit card debt, Over 10 years initial rate fixation, New business coverage, Households and non-profit institutions serving households (S.14 and S.15) sector, denominated in Euro",PCPA,0
MIR.M.DE.B.A2C.P.R.A.2250.EUR.N,M,DE,B,A2C,P,R,A,2250,EUR,N,2025-11,3.72,A,F,,,P1M,,A,,,,,,,,,,4,,DE2,Bank interest rates - loans to households for house purchase with an interest rate fixation period of over ten years (new business) ,"Germany, Annualised agreed rate (AAR) / Narrowly defined effective rate (NDER), Credit and other institutions (MFI except MMFs and central banks) reporting sector - Lending for house purchase excluding revolving loans and overdrafts, convenience and extended credit card debt, Over 10 years initial rate fixation, New business coverage, Households and non-profit institutions serving households (S.14 and S.15) sector, denominated in Euro",PCPA,0
MIR.M.DE.B.A2C.P.R.A.2250.EUR.N,M,DE,B,A2C,P,R,A,2250,EUR,N,2025-12,3.73,A,F,,,P1M,,A,,,,,,,,,,4,,DE2,Bank interest rates - loans to households for house purchase with an interest rate fixation period of over ten years (new business) ,"Germany, Annualised agreed rate (AAR) / Narrowly defined effective rate (NDER), Credit and other institutions (MFI except MMFs and central banks) reporting sector - Lending for house purchase excluding revolving loans and overdrafts, convenience and extended credit card debt, Over 10 years initial rate fixation, New business coverage, Households and non-profit institutions serving households (S.14 and S.15) sector, denominated in Euro",PCPA,0
MIR.M.DE.B.A2C.P.R.A.2250.EUR.N,M,DE,B,A2C,P,R,A,2250,EUR,N,2026-01,3.84,A,F,,,P1M,,A,,,,,,,,,,4,,DE2,Bank interest rates - loans to households for house purchase with an interest rate fixation period of over ten years (new business) ,"Germany, Annualised agreed rate (AAR) / Narrowly defined effective rate (NDER), Credit and other institutions (MFI except MMFs and central banks) reporting sector - Lending for house purchase excluding revolving loans and overdrafts, convenience and extended credit card debt, Over 10 years initial rate fixation, New business coverage, Households and non-profit institutions serving households (S.14 and S.15) sector, denominated in Euro",PCPA,0
MIR.M.DE.B.A2C.P.R.A.2250.EUR.N,M,DE,B,A2C,P,R,A,2250,EUR,N,2026-02,3.82,A,F,,,P1M,,A,,,,,,,,,,4,,DE2,Bank interest rates - loans to households for house purchase with an interest rate fixation period of over ten years (new business) ,"Germany, Annualised agreed rate (AAR) / Narrowly defined effective rate (NDER), Credit and other institutions (MFI except MMFs and central banks) reporting sector - Lending for house purchase excluding revolving loans and overdrafts, convenience and extended credit card debt, Over 10 years initial rate fixation, New business coverage, Households and non-profit institutions serving households (S.14 and S.15) sector, denominated in Euro",PCPA,0
MIR.M.DE.B.A2C.P.R.A.2250.EUR.N,M,DE,B,A2C,P,R,A,2250,EUR,N,2026-03,3.74,A,F,,,P1M,,A,,,,,,,,,,4,,DE2,Bank interest rates - loans to households for house purchase with an interest rate fixation period of over ten years (new business) ,"Germany, Annualised agreed rate (AAR) / Narrowly defined effective rate (NDER), Credit and other institutions (MFI except MMFs and central banks) reporting sector - Lending for house purchase excluding revolving loans and overdrafts, convenience and extended credit card debt, Over 10 years initial rate fixation, New business coverage, Households and non-profit institutions serving households (S.14 and S.15) sector, denominated in Euro",PCPA,0
MIR.M.DE.B.A2C.P.R.A.2250.EUR.N,M,DE,B,A2C,P,R,A,2250,EUR,N,2026-04,3.91,A,F,,,P1M,,A,,,,,,,,,,4,,DE2,Bank interest rates - loans to households for house purchase with an interest rate fixation period of over ten years (new business) ,"Germany, Annualised agreed rate (AAR) / Narrowly defined effective rate (NDER), Credit and other institutions (MFI except MMFs and central banks) reporting sector - Lending for house purchase excluding revolving loans and overdrafts, convenience and extended credit card debt, Over 10 years initial rate fixation, New business coverage, Households and non-profit institutions serving households (S.14 and S.15) sector, denominated in Euro",PCPA,0
MIR.M.DE.B.A2C.P.R.A.2250.EUR.N,M,DE,B,A2C,P,R,A,2250,EUR,N,2026-05,3.97,A,F,,,P1M,,A,,,,,,,,,,4,,DE2,Bank interest rates - loans to households for house purchase with an interest rate fixation period of over ten years (new business) ,"Germany, Annualised agreed rate (AAR) / Narrowly defined effective rate (NDER), Credit and other institutions (MFI except MMFs and central banks) reporting sector - Lending for house purchase excluding revolving loans and overdrafts, convenience and extended credit card debt, Over 10 years initial rate fixation, New business coverage, Households and non-profit institutions serving households (S.14 and S.15) sector, denominated in Euro",PCPA,0
MIR.M.DE.B.A2C.P.R.A.2250.EUR.N,M,DE,B,A2C,P,R,A,2250,EUR,N,2026-06,3.98,A,F,,,P1M,,A,,,,,,,,,,4,,DE2,Bank interest rates - loans to households for house purchase with an interest rate fixation period of over ten years (new business) ,"Germany, Annualised agreed rate (AAR) / Narrowly defined effective rate (NDER), Credit and other institutions (MFI except MMFs and central banks) reporting sector - Lending for house purchase excluding revolving loans and overdrafts, convenience and extended credit card debt, Over 10 years initial rate fixation, New business coverage, Households and non-profit institutions serving households (S.14 and S.15) sector, denominated in Euro",PCPA,0
MIR.M.DE.B.A2C.P.R.A.2250.EUR.N,M,DE,B,A2C,P,R,A,2250,EUR,N,2026-07,3.92,A,F,,,P1M,,A,,,,,,,,,,4,,DE2,Bank interest rates - loans to households for house purchase with an interest rate fixation period of over ten years (new business) ,"Germany, Annualised agreed rate (AAR) / Narrowly defined effective rate (NDER), Credit and other institutions (MFI except MMFs and central banks) reporting sector - Lending for house purchase excluding revolving loans and overdrafts, convenience and extended credit card debt, Over 10 years initial rate fixation, New business coverage, Households and non-profit institutions serving households (S.14 and S.15) sector, denominated in Euro",PCPA,0
MIR.M.DE.B.A2C.P.R.A.2250.EUR.N,M,DE,B,A2C,P,R,A,2250,EUR,N,2026-08,4.04,P,F,,,P1M,,A,,,,,,,,,,4,,DE2,Bank interest rates - loans to households for house purchase with an interest rate fixation period of over ten years (new business) ,"Germany, Annualised agreed rate (AAR) / Narrowly defined effective rate (NDER), Credit and other institutions (MFI except MMFs and central banks) reporting sector - Lending for house purchase excluding revolving loans and overdrafts, convenience and extended credit card debt, Over 10 years initial rate fixation, New business coverage, Households and non-profit institutions serving households (S.14 and S.15) sector, denominated in Euro",PCPA,0
