KEY,FREQ,REF_AREA,BS_REP_SECTOR,BS_ITEM,MATURITY_NOT_IRATE,DATA_TYPE_MIR,AMOUNT_CAT,BS_COUNT_SECTOR,CURRENCY_TRANS,IR_BUS_COV,TIME_PERIOD,OBS_VALUE,OBS_STATUS,OBS_CONF,OBS_PRE_BREAK,OBS_COM,TIME_FORMAT,BREAKS,COLLECTION,COMPILING_ORG,DISS_ORG,DOM_SER_IDS,PUBL_ECB,PUBL_MU,PUBL_PUBLIC,UNIT_INDEX_BASE,COMPILATION,COVERAGE,DECIMALS,NAT_TITLE,SOURCE_AGENCY,TITLE,TITLE_COMPL,UNIT,UNIT_MULT
MIR.M.DE.B.A2C.I.R.A.2250.EUR.N,M,DE,B,A2C,I,R,A,2250,EUR,N,2000-01,6.48,E,F,,,P1M,,A,,,,,,,,,,4,,DE2,Bank interest rates - loans to households for house purchase with an interest rate fixation period of over one & up to five years (new business) ,"Germany, Annualised agreed rate (AAR) / Narrowly defined effective rate (NDER), Credit and other institutions (MFI except MMFs and central banks) reporting sector - Lending for house purchase excluding revolving loans and overdrafts, convenience and extended credit card debt, Over 1 and up to 5 years initial rate fixation, New business coverage, Households and non-profit institutions serving households (S.14 and S.15) sector, denominated in Euro",PCPA,0
MIR.M.DE.B.A2C.I.R.A.2250.EUR.N,M,DE,B,A2C,I,R,A,2250,EUR,N,2000-02,6.57,E,F,,,P1M,,A,,,,,,,,,,4,,DE2,Bank interest rates - loans to households for house purchase with an interest rate fixation period of over one & up to five years (new business) ,"Germany, Annualised agreed rate (AAR) / Narrowly defined effective rate (NDER), Credit and other institutions (MFI except MMFs and central banks) reporting sector - Lending for house purchase excluding revolving loans and overdrafts, convenience and extended credit card debt, Over 1 and up to 5 years initial rate fixation, New business coverage, Households and non-profit institutions serving households (S.14 and S.15) sector, denominated in Euro",PCPA,0
MIR.M.DE.B.A2C.I.R.A.2250.EUR.N,M,DE,B,A2C,I,R,A,2250,EUR,N,2000-03,6.6,E,F,,,P1M,,A,,,,,,,,,,4,,DE2,Bank interest rates - loans to households for house purchase with an interest rate fixation period of over one & up to five years (new business) ,"Germany, Annualised agreed rate (AAR) / Narrowly defined effective rate (NDER), Credit and other institutions (MFI except MMFs and central banks) reporting sector - Lending for house purchase excluding revolving loans and overdrafts, convenience and extended credit card debt, Over 1 and up to 5 years initial rate fixation, New business coverage, Households and non-profit institutions serving households (S.14 and S.15) sector, denominated in Euro",PCPA,0
MIR.M.DE.B.A2C.I.R.A.2250.EUR.N,M,DE,B,A2C,I,R,A,2250,EUR,N,2000-04,6.6,E,F,,,P1M,,A,,,,,,,,,,4,,DE2,Bank interest rates - loans to households for house purchase with an interest rate fixation period of over one & up to five years (new business) ,"Germany, Annualised agreed rate (AAR) / Narrowly defined effective rate (NDER), Credit and other institutions (MFI except MMFs and central banks) reporting sector - Lending for house purchase excluding revolving loans and overdrafts, convenience and extended credit card debt, Over 1 and up to 5 years initial rate fixation, New business coverage, Households and non-profit institutions serving households (S.14 and S.15) sector, denominated in Euro",PCPA,0
MIR.M.DE.B.A2C.I.R.A.2250.EUR.N,M,DE,B,A2C,I,R,A,2250,EUR,N,2000-05,7.02,E,F,,,P1M,,A,,,,,,,,,,4,,DE2,Bank interest rates - loans to households for house purchase with an interest rate fixation period of over one & up to five years (new business) ,"Germany, Annualised agreed rate (AAR) / Narrowly defined effective rate (NDER), Credit and other institutions (MFI except MMFs and central banks) reporting sector - Lending for house purchase excluding revolving loans and overdrafts, convenience and extended credit card debt, Over 1 and up to 5 years initial rate fixation, New business coverage, Households and non-profit institutions serving households (S.14 and S.15) sector, denominated in Euro",PCPA,0
MIR.M.DE.B.A2C.I.R.A.2250.EUR.N,M,DE,B,A2C,I,R,A,2250,EUR,N,2000-06,7.11,E,F,,,P1M,,A,,,,,,,,,,4,,DE2,Bank interest rates - loans to households for house purchase with an interest rate fixation period of over one & up to five years (new business) ,"Germany, Annualised agreed rate (AAR) / Narrowly defined effective rate (NDER), Credit and other institutions (MFI except MMFs and central banks) reporting sector - Lending for house purchase excluding revolving loans and overdrafts, convenience and extended credit card debt, Over 1 and up to 5 years initial rate fixation, New business coverage, Households and non-profit institutions serving households (S.14 and S.15) sector, denominated in Euro",PCPA,0
MIR.M.DE.B.A2C.I.R.A.2250.EUR.N,M,DE,B,A2C,I,R,A,2250,EUR,N,2000-07,7.22,E,F,,,P1M,,A,,,,,,,,,,4,,DE2,Bank interest rates - loans to households for house purchase with an interest rate fixation period of over one & up to five years (new business) ,"Germany, Annualised agreed rate (AAR) / Narrowly defined effective rate (NDER), Credit and other institutions (MFI except MMFs and central banks) reporting sector - Lending for house purchase excluding revolving loans and overdrafts, convenience and extended credit card debt, Over 1 and up to 5 years initial rate fixation, New business coverage, Households and non-profit institutions serving households (S.14 and S.15) sector, denominated in Euro",PCPA,0
MIR.M.DE.B.A2C.I.R.A.2250.EUR.N,M,DE,B,A2C,I,R,A,2250,EUR,N,2000-08,7.29,E,F,,,P1M,,A,,,,,,,,,,4,,DE2,Bank interest rates - loans to households for house purchase with an interest rate fixation period of over one & up to five years (new business) ,"Germany, Annualised agreed rate (AAR) / Narrowly defined effective rate (NDER), Credit and other institutions (MFI except MMFs and central banks) reporting sector - Lending for house purchase excluding revolving loans and overdrafts, convenience and extended credit card debt, Over 1 and up to 5 years initial rate fixation, New business coverage, Households and non-profit institutions serving households (S.14 and S.15) sector, denominated in Euro",PCPA,0
MIR.M.DE.B.A2C.I.R.A.2250.EUR.N,M,DE,B,A2C,I,R,A,2250,EUR,N,2000-09,7.31,E,F,,,P1M,,A,,,,,,,,,,4,,DE2,Bank interest rates - loans to households for house purchase with an interest rate fixation period of over one & up to five years (new business) ,"Germany, Annualised agreed rate (AAR) / Narrowly defined effective rate (NDER), Credit and other institutions (MFI except MMFs and central banks) reporting sector - Lending for house purchase excluding revolving loans and overdrafts, convenience and extended credit card debt, Over 1 and up to 5 years initial rate fixation, New business coverage, Households and non-profit institutions serving households (S.14 and S.15) sector, denominated in Euro",PCPA,0
MIR.M.DE.B.A2C.I.R.A.2250.EUR.N,M,DE,B,A2C,I,R,A,2250,EUR,N,2000-10,7.29,E,F,,,P1M,,A,,,,,,,,,,4,,DE2,Bank interest rates - loans to households for house purchase with an interest rate fixation period of over one & up to five years (new business) ,"Germany, Annualised agreed rate (AAR) / Narrowly defined effective rate (NDER), Credit and other institutions (MFI except MMFs and central banks) reporting sector - Lending for house purchase excluding revolving loans and overdrafts, convenience and extended credit card debt, Over 1 and up to 5 years initial rate fixation, New business coverage, Households and non-profit institutions serving households (S.14 and S.15) sector, denominated in Euro",PCPA,0
MIR.M.DE.B.A2C.I.R.A.2250.EUR.N,M,DE,B,A2C,I,R,A,2250,EUR,N,2000-11,7.25,E,F,,,P1M,,A,,,,,,,,,,4,,DE2,Bank interest rates - loans to households for house purchase with an interest rate fixation period of over one & up to five years (new business) ,"Germany, Annualised agreed rate (AAR) / Narrowly defined effective rate (NDER), Credit and other institutions (MFI except MMFs and central banks) reporting sector - Lending for house purchase excluding revolving loans and overdrafts, convenience and extended credit card debt, Over 1 and up to 5 years initial rate fixation, New business coverage, Households and non-profit institutions serving households (S.14 and S.15) sector, denominated in Euro",PCPA,0
MIR.M.DE.B.A2C.I.R.A.2250.EUR.N,M,DE,B,A2C,I,R,A,2250,EUR,N,2000-12,6.94,E,F,,,P1M,,A,,,,,,,,,,4,,DE2,Bank interest rates - loans to households for house purchase with an interest rate fixation period of over one & up to five years (new business) ,"Germany, Annualised agreed rate (AAR) / Narrowly defined effective rate (NDER), Credit and other institutions (MFI except MMFs and central banks) reporting sector - Lending for house purchase excluding revolving loans and overdrafts, convenience and extended credit card debt, Over 1 and up to 5 years initial rate fixation, New business coverage, Households and non-profit institutions serving households (S.14 and S.15) sector, denominated in Euro",PCPA,0
MIR.M.DE.B.A2C.I.R.A.2250.EUR.N,M,DE,B,A2C,I,R,A,2250,EUR,N,2001-01,6.66,E,F,,,P1M,,A,,,,,,,,,,4,,DE2,Bank interest rates - loans to households for house purchase with an interest rate fixation period of over one & up to five years (new business) ,"Germany, Annualised agreed rate (AAR) / Narrowly defined effective rate (NDER), Credit and other institutions (MFI except MMFs and central banks) reporting sector - Lending for house purchase excluding revolving loans and overdrafts, convenience and extended credit card debt, Over 1 and up to 5 years initial rate fixation, New business coverage, Households and non-profit institutions serving households (S.14 and S.15) sector, denominated in Euro",PCPA,0
MIR.M.DE.B.A2C.I.R.A.2250.EUR.N,M,DE,B,A2C,I,R,A,2250,EUR,N,2001-02,6.65,E,F,,,P1M,,A,,,,,,,,,,4,,DE2,Bank interest rates - loans to households for house purchase with an interest rate fixation period of over one & up to five years (new business) ,"Germany, Annualised agreed rate (AAR) / Narrowly defined effective rate (NDER), Credit and other institutions (MFI except MMFs and central banks) reporting sector - Lending for house purchase excluding revolving loans and overdrafts, convenience and extended credit card debt, Over 1 and up to 5 years initial rate fixation, New business coverage, Households and non-profit institutions serving households (S.14 and S.15) sector, denominated in Euro",PCPA,0
MIR.M.DE.B.A2C.I.R.A.2250.EUR.N,M,DE,B,A2C,I,R,A,2250,EUR,N,2001-03,6.55,E,F,,,P1M,,A,,,,,,,,,,4,,DE2,Bank interest rates - loans to households for house purchase with an interest rate fixation period of over one & up to five years (new business) ,"Germany, Annualised agreed rate (AAR) / Narrowly defined effective rate (NDER), Credit and other institutions (MFI except MMFs and central banks) reporting sector - Lending for house purchase excluding revolving loans and overdrafts, convenience and extended credit card debt, Over 1 and up to 5 years initial rate fixation, New business coverage, Households and non-profit institutions serving households (S.14 and S.15) sector, denominated in Euro",PCPA,0
MIR.M.DE.B.A2C.I.R.A.2250.EUR.N,M,DE,B,A2C,I,R,A,2250,EUR,N,2001-04,6.49,E,F,,,P1M,,A,,,,,,,,,,4,,DE2,Bank interest rates - loans to households for house purchase with an interest rate fixation period of over one & up to five years (new business) ,"Germany, Annualised agreed rate (AAR) / Narrowly defined effective rate (NDER), Credit and other institutions (MFI except MMFs and central banks) reporting sector - Lending for house purchase excluding revolving loans and overdrafts, convenience and extended credit card debt, Over 1 and up to 5 years initial rate fixation, New business coverage, Households and non-profit institutions serving households (S.14 and S.15) sector, denominated in Euro",PCPA,0
MIR.M.DE.B.A2C.I.R.A.2250.EUR.N,M,DE,B,A2C,I,R,A,2250,EUR,N,2001-05,6.58,E,F,,,P1M,,A,,,,,,,,,,4,,DE2,Bank interest rates - loans to households for house purchase with an interest rate fixation period of over one & up to five years (new business) ,"Germany, Annualised agreed rate (AAR) / Narrowly defined effective rate (NDER), Credit and other institutions (MFI except MMFs and central banks) reporting sector - Lending for house purchase excluding revolving loans and overdrafts, convenience and extended credit card debt, Over 1 and up to 5 years initial rate fixation, New business coverage, Households and non-profit institutions serving households (S.14 and S.15) sector, denominated in Euro",PCPA,0
MIR.M.DE.B.A2C.I.R.A.2250.EUR.N,M,DE,B,A2C,I,R,A,2250,EUR,N,2001-06,6.49,E,F,,,P1M,,A,,,,,,,,,,4,,DE2,Bank interest rates - loans to households for house purchase with an interest rate fixation period of over one & up to five years (new business) ,"Germany, Annualised agreed rate (AAR) / Narrowly defined effective rate (NDER), Credit and other institutions (MFI except MMFs and central banks) reporting sector - Lending for house purchase excluding revolving loans and overdrafts, convenience and extended credit card debt, Over 1 and up to 5 years initial rate fixation, New business coverage, Households and non-profit institutions serving households (S.14 and S.15) sector, denominated in Euro",PCPA,0
MIR.M.DE.B.A2C.I.R.A.2250.EUR.N,M,DE,B,A2C,I,R,A,2250,EUR,N,2001-07,6.47,E,F,,,P1M,,A,,,,,,,,,,4,,DE2,Bank interest rates - loans to households for house purchase with an interest rate fixation period of over one & up to five years (new business) ,"Germany, Annualised agreed rate (AAR) / Narrowly defined effective rate (NDER), Credit and other institutions (MFI except MMFs and central banks) reporting sector - Lending for house purchase excluding revolving loans and overdrafts, convenience and extended credit card debt, Over 1 and up to 5 years initial rate fixation, New business coverage, Households and non-profit institutions serving households (S.14 and S.15) sector, denominated in Euro",PCPA,0
MIR.M.DE.B.A2C.I.R.A.2250.EUR.N,M,DE,B,A2C,I,R,A,2250,EUR,N,2001-08,6.29,E,F,,,P1M,,A,,,,,,,,,,4,,DE2,Bank interest rates - loans to households for house purchase with an interest rate fixation period of over one & up to five years (new business) ,"Germany, Annualised agreed rate (AAR) / Narrowly defined effective rate (NDER), Credit and other institutions (MFI except MMFs and central banks) reporting sector - Lending for house purchase excluding revolving loans and overdrafts, convenience and extended credit card debt, Over 1 and up to 5 years initial rate fixation, New business coverage, Households and non-profit institutions serving households (S.14 and S.15) sector, denominated in Euro",PCPA,0
MIR.M.DE.B.A2C.I.R.A.2250.EUR.N,M,DE,B,A2C,I,R,A,2250,EUR,N,2001-09,6.06,E,F,,,P1M,,A,,,,,,,,,,4,,DE2,Bank interest rates - loans to households for house purchase with an interest rate fixation period of over one & up to five years (new business) ,"Germany, Annualised agreed rate (AAR) / Narrowly defined effective rate (NDER), Credit and other institutions (MFI except MMFs and central banks) reporting sector - Lending for house purchase excluding revolving loans and overdrafts, convenience and extended credit card debt, Over 1 and up to 5 years initial rate fixation, New business coverage, Households and non-profit institutions serving households (S.14 and S.15) sector, denominated in Euro",PCPA,0
MIR.M.DE.B.A2C.I.R.A.2250.EUR.N,M,DE,B,A2C,I,R,A,2250,EUR,N,2001-10,5.73,E,F,,,P1M,,A,,,,,,,,,,4,,DE2,Bank interest rates - loans to households for house purchase with an interest rate fixation period of over one & up to five years (new business) ,"Germany, Annualised agreed rate (AAR) / Narrowly defined effective rate (NDER), Credit and other institutions (MFI except MMFs and central banks) reporting sector - Lending for house purchase excluding revolving loans and overdrafts, convenience and extended credit card debt, Over 1 and up to 5 years initial rate fixation, New business coverage, Households and non-profit institutions serving households (S.14 and S.15) sector, denominated in Euro",PCPA,0
MIR.M.DE.B.A2C.I.R.A.2250.EUR.N,M,DE,B,A2C,I,R,A,2250,EUR,N,2001-11,5.54,E,F,,,P1M,,A,,,,,,,,,,4,,DE2,Bank interest rates - loans to households for house purchase with an interest rate fixation period of over one & up to five years (new business) ,"Germany, Annualised agreed rate (AAR) / Narrowly defined effective rate (NDER), Credit and other institutions (MFI except MMFs and central banks) reporting sector - Lending for house purchase excluding revolving loans and overdrafts, convenience and extended credit card debt, Over 1 and up to 5 years initial rate fixation, New business coverage, Households and non-profit institutions serving households (S.14 and S.15) sector, denominated in Euro",PCPA,0
MIR.M.DE.B.A2C.I.R.A.2250.EUR.N,M,DE,B,A2C,I,R,A,2250,EUR,N,2001-12,5.74,E,F,,,P1M,,A,,,,,,,,,,4,,DE2,Bank interest rates - loans to households for house purchase with an interest rate fixation period of over one & up to five years (new business) ,"Germany, Annualised agreed rate (AAR) / Narrowly defined effective rate (NDER), Credit and other institutions (MFI except MMFs and central banks) reporting sector - Lending for house purchase excluding revolving loans and overdrafts, convenience and extended credit card debt, Over 1 and up to 5 years initial rate fixation, New business coverage, Households and non-profit institutions serving households (S.14 and S.15) sector, denominated in Euro",PCPA,0
MIR.M.DE.B.A2C.I.R.A.2250.EUR.N,M,DE,B,A2C,I,R,A,2250,EUR,N,2002-01,5.81,E,F,,,P1M,,A,,,,,,,,,,4,,DE2,Bank interest rates - loans to households for house purchase with an interest rate fixation period of over one & up to five years (new business) ,"Germany, Annualised agreed rate (AAR) / Narrowly defined effective rate (NDER), Credit and other institutions (MFI except MMFs and central banks) reporting sector - Lending for house purchase excluding revolving loans and overdrafts, convenience and extended credit card debt, Over 1 and up to 5 years initial rate fixation, New business coverage, Households and non-profit institutions serving households (S.14 and S.15) sector, denominated in Euro",PCPA,0
MIR.M.DE.B.A2C.I.R.A.2250.EUR.N,M,DE,B,A2C,I,R,A,2250,EUR,N,2002-02,6.02,E,F,,,P1M,,A,,,,,,,,,,4,,DE2,Bank interest rates - loans to households for house purchase with an interest rate fixation period of over one & up to five years (new business) ,"Germany, Annualised agreed rate (AAR) / Narrowly defined effective rate (NDER), Credit and other institutions (MFI except MMFs and central banks) reporting sector - Lending for house purchase excluding revolving loans and overdrafts, convenience and extended credit card debt, Over 1 and up to 5 years initial rate fixation, New business coverage, Households and non-profit institutions serving households (S.14 and S.15) sector, denominated in Euro",PCPA,0
MIR.M.DE.B.A2C.I.R.A.2250.EUR.N,M,DE,B,A2C,I,R,A,2250,EUR,N,2002-03,6.28,E,F,,,P1M,,A,,,,,,,,,,4,,DE2,Bank interest rates - loans to households for house purchase with an interest rate fixation period of over one & up to five years (new business) ,"Germany, Annualised agreed rate (AAR) / Narrowly defined effective rate (NDER), Credit and other institutions (MFI except MMFs and central banks) reporting sector - Lending for house purchase excluding revolving loans and overdrafts, convenience and extended credit card debt, Over 1 and up to 5 years initial rate fixation, New business coverage, Households and non-profit institutions serving households (S.14 and S.15) sector, denominated in Euro",PCPA,0
MIR.M.DE.B.A2C.I.R.A.2250.EUR.N,M,DE,B,A2C,I,R,A,2250,EUR,N,2002-04,6.38,E,F,,,P1M,,A,,,,,,,,,,4,,DE2,Bank interest rates - loans to households for house purchase with an interest rate fixation period of over one & up to five years (new business) ,"Germany, Annualised agreed rate (AAR) / Narrowly defined effective rate (NDER), Credit and other institutions (MFI except MMFs and central banks) reporting sector - Lending for house purchase excluding revolving loans and overdrafts, convenience and extended credit card debt, Over 1 and up to 5 years initial rate fixation, New business coverage, Households and non-profit institutions serving households (S.14 and S.15) sector, denominated in Euro",PCPA,0
MIR.M.DE.B.A2C.I.R.A.2250.EUR.N,M,DE,B,A2C,I,R,A,2250,EUR,N,2002-05,6.41,E,F,,,P1M,,A,,,,,,,,,,4,,DE2,Bank interest rates - loans to households for house purchase with an interest rate fixation period of over one & up to five years (new business) ,"Germany, Annualised agreed rate (AAR) / Narrowly defined effective rate (NDER), Credit and other institutions (MFI except MMFs and central banks) reporting sector - Lending for house purchase excluding revolving loans and overdrafts, convenience and extended credit card debt, Over 1 and up to 5 years initial rate fixation, New business coverage, Households and non-profit institutions serving households (S.14 and S.15) sector, denominated in Euro",PCPA,0
MIR.M.DE.B.A2C.I.R.A.2250.EUR.N,M,DE,B,A2C,I,R,A,2250,EUR,N,2002-06,6.3,E,F,,,P1M,,A,,,,,,,,,,4,,DE2,Bank interest rates - loans to households for house purchase with an interest rate fixation period of over one & up to five years (new business) ,"Germany, Annualised agreed rate (AAR) / Narrowly defined effective rate (NDER), Credit and other institutions (MFI except MMFs and central banks) reporting sector - Lending for house purchase excluding revolving loans and overdrafts, convenience and extended credit card debt, Over 1 and up to 5 years initial rate fixation, New business coverage, Households and non-profit institutions serving households (S.14 and S.15) sector, denominated in Euro",PCPA,0
MIR.M.DE.B.A2C.I.R.A.2250.EUR.N,M,DE,B,A2C,I,R,A,2250,EUR,N,2002-07,6.12,E,F,,,P1M,,A,,,,,,,,,,4,,DE2,Bank interest rates - loans to households for house purchase with an interest rate fixation period of over one & up to five years (new business) ,"Germany, Annualised agreed rate (AAR) / Narrowly defined effective rate (NDER), Credit and other institutions (MFI except MMFs and central banks) reporting sector - Lending for house purchase excluding revolving loans and overdrafts, convenience and extended credit card debt, Over 1 and up to 5 years initial rate fixation, New business coverage, Households and non-profit institutions serving households (S.14 and S.15) sector, denominated in Euro",PCPA,0
MIR.M.DE.B.A2C.I.R.A.2250.EUR.N,M,DE,B,A2C,I,R,A,2250,EUR,N,2002-08,5.79,E,F,,,P1M,,A,,,,,,,,,,4,,DE2,Bank interest rates - loans to households for house purchase with an interest rate fixation period of over one & up to five years (new business) ,"Germany, Annualised agreed rate (AAR) / Narrowly defined effective rate (NDER), Credit and other institutions (MFI except MMFs and central banks) reporting sector - Lending for house purchase excluding revolving loans and overdrafts, convenience and extended credit card debt, Over 1 and up to 5 years initial rate fixation, New business coverage, Households and non-profit institutions serving households (S.14 and S.15) sector, denominated in Euro",PCPA,0
MIR.M.DE.B.A2C.I.R.A.2250.EUR.N,M,DE,B,A2C,I,R,A,2250,EUR,N,2002-09,5.54,E,F,,,P1M,,A,,,,,,,,,,4,,DE2,Bank interest rates - loans to households for house purchase with an interest rate fixation period of over one & up to five years (new business) ,"Germany, Annualised agreed rate (AAR) / Narrowly defined effective rate (NDER), Credit and other institutions (MFI except MMFs and central banks) reporting sector - Lending for house purchase excluding revolving loans and overdrafts, convenience and extended credit card debt, Over 1 and up to 5 years initial rate fixation, New business coverage, Households and non-profit institutions serving households (S.14 and S.15) sector, denominated in Euro",PCPA,0
MIR.M.DE.B.A2C.I.R.A.2250.EUR.N,M,DE,B,A2C,I,R,A,2250,EUR,N,2002-10,5.44,E,F,,,P1M,,A,,,,,,,,,,4,,DE2,Bank interest rates - loans to households for house purchase with an interest rate fixation period of over one & up to five years (new business) ,"Germany, Annualised agreed rate (AAR) / Narrowly defined effective rate (NDER), Credit and other institutions (MFI except MMFs and central banks) reporting sector - Lending for house purchase excluding revolving loans and overdrafts, convenience and extended credit card debt, Over 1 and up to 5 years initial rate fixation, New business coverage, Households and non-profit institutions serving households (S.14 and S.15) sector, denominated in Euro",PCPA,0
MIR.M.DE.B.A2C.I.R.A.2250.EUR.N,M,DE,B,A2C,I,R,A,2250,EUR,N,2002-11,5.33,E,F,,,P1M,,A,,,,,,,,,,4,,DE2,Bank interest rates - loans to households for house purchase with an interest rate fixation period of over one & up to five years (new business) ,"Germany, Annualised agreed rate (AAR) / Narrowly defined effective rate (NDER), Credit and other institutions (MFI except MMFs and central banks) reporting sector - Lending for house purchase excluding revolving loans and overdrafts, convenience and extended credit card debt, Over 1 and up to 5 years initial rate fixation, New business coverage, Households and non-profit institutions serving households (S.14 and S.15) sector, denominated in Euro",PCPA,0
MIR.M.DE.B.A2C.I.R.A.2250.EUR.N,M,DE,B,A2C,I,R,A,2250,EUR,N,2002-12,5.17,E,F,,,P1M,,A,,,,,,,,,,4,,DE2,Bank interest rates - loans to households for house purchase with an interest rate fixation period of over one & up to five years (new business) ,"Germany, Annualised agreed rate (AAR) / Narrowly defined effective rate (NDER), Credit and other institutions (MFI except MMFs and central banks) reporting sector - Lending for house purchase excluding revolving loans and overdrafts, convenience and extended credit card debt, Over 1 and up to 5 years initial rate fixation, New business coverage, Households and non-profit institutions serving households (S.14 and S.15) sector, denominated in Euro",PCPA,0
MIR.M.DE.B.A2C.I.R.A.2250.EUR.N,M,DE,B,A2C,I,R,A,2250,EUR,N,2003-01,4.94,A,F,,,P1M,,A,,,,,,,,,,4,,DE2,Bank interest rates - loans to households for house purchase with an interest rate fixation period of over one & up to five years (new business) ,"Germany, Annualised agreed rate (AAR) / Narrowly defined effective rate (NDER), Credit and other institutions (MFI except MMFs and central banks) reporting sector - Lending for house purchase excluding revolving loans and overdrafts, convenience and extended credit card debt, Over 1 and up to 5 years initial rate fixation, New business coverage, Households and non-profit institutions serving households (S.14 and S.15) sector, denominated in Euro",PCPA,0
MIR.M.DE.B.A2C.I.R.A.2250.EUR.N,M,DE,B,A2C,I,R,A,2250,EUR,N,2003-02,4.76,A,F,,,P1M,,A,,,,,,,,,,4,,DE2,Bank interest rates - loans to households for house purchase with an interest rate fixation period of over one & up to five years (new business) ,"Germany, Annualised agreed rate (AAR) / Narrowly defined effective rate (NDER), Credit and other institutions (MFI except MMFs and central banks) reporting sector - Lending for house purchase excluding revolving loans and overdrafts, convenience and extended credit card debt, Over 1 and up to 5 years initial rate fixation, New business coverage, Households and non-profit institutions serving households (S.14 and S.15) sector, denominated in Euro",PCPA,0
MIR.M.DE.B.A2C.I.R.A.2250.EUR.N,M,DE,B,A2C,I,R,A,2250,EUR,N,2003-03,4.6,A,F,,,P1M,,A,,,,,,,,,,4,,DE2,Bank interest rates - loans to households for house purchase with an interest rate fixation period of over one & up to five years (new business) ,"Germany, Annualised agreed rate (AAR) / Narrowly defined effective rate (NDER), Credit and other institutions (MFI except MMFs and central banks) reporting sector - Lending for house purchase excluding revolving loans and overdrafts, convenience and extended credit card debt, Over 1 and up to 5 years initial rate fixation, New business coverage, Households and non-profit institutions serving households (S.14 and S.15) sector, denominated in Euro",PCPA,0
MIR.M.DE.B.A2C.I.R.A.2250.EUR.N,M,DE,B,A2C,I,R,A,2250,EUR,N,2003-04,4.48,A,F,,,P1M,,A,,,,,,,,,,4,,DE2,Bank interest rates - loans to households for house purchase with an interest rate fixation period of over one & up to five years (new business) ,"Germany, Annualised agreed rate (AAR) / Narrowly defined effective rate (NDER), Credit and other institutions (MFI except MMFs and central banks) reporting sector - Lending for house purchase excluding revolving loans and overdrafts, convenience and extended credit card debt, Over 1 and up to 5 years initial rate fixation, New business coverage, Households and non-profit institutions serving households (S.14 and S.15) sector, denominated in Euro",PCPA,0
MIR.M.DE.B.A2C.I.R.A.2250.EUR.N,M,DE,B,A2C,I,R,A,2250,EUR,N,2003-05,4.46,A,F,,,P1M,,A,,,,,,,,,,4,,DE2,Bank interest rates - loans to households for house purchase with an interest rate fixation period of over one & up to five years (new business) ,"Germany, Annualised agreed rate (AAR) / Narrowly defined effective rate (NDER), Credit and other institutions (MFI except MMFs and central banks) reporting sector - Lending for house purchase excluding revolving loans and overdrafts, convenience and extended credit card debt, Over 1 and up to 5 years initial rate fixation, New business coverage, Households and non-profit institutions serving households (S.14 and S.15) sector, denominated in Euro",PCPA,0
MIR.M.DE.B.A2C.I.R.A.2250.EUR.N,M,DE,B,A2C,I,R,A,2250,EUR,N,2003-06,4.37,A,F,,,P1M,,A,,,,,,,,,,4,,DE2,Bank interest rates - loans to households for house purchase with an interest rate fixation period of over one & up to five years (new business) ,"Germany, Annualised agreed rate (AAR) / Narrowly defined effective rate (NDER), Credit and other institutions (MFI except MMFs and central banks) reporting sector - Lending for house purchase excluding revolving loans and overdrafts, convenience and extended credit card debt, Over 1 and up to 5 years initial rate fixation, New business coverage, Households and non-profit institutions serving households (S.14 and S.15) sector, denominated in Euro",PCPA,0
MIR.M.DE.B.A2C.I.R.A.2250.EUR.N,M,DE,B,A2C,I,R,A,2250,EUR,N,2003-07,4.16,A,F,,,P1M,,A,,,,,,,,,,4,,DE2,Bank interest rates - loans to households for house purchase with an interest rate fixation period of over one & up to five years (new business) ,"Germany, Annualised agreed rate (AAR) / Narrowly defined effective rate (NDER), Credit and other institutions (MFI except MMFs and central banks) reporting sector - Lending for house purchase excluding revolving loans and overdrafts, convenience and extended credit card debt, Over 1 and up to 5 years initial rate fixation, New business coverage, Households and non-profit institutions serving households (S.14 and S.15) sector, denominated in Euro",PCPA,0
MIR.M.DE.B.A2C.I.R.A.2250.EUR.N,M,DE,B,A2C,I,R,A,2250,EUR,N,2003-08,4.25,A,F,,,P1M,,A,,,,,,,,,,4,,DE2,Bank interest rates - loans to households for house purchase with an interest rate fixation period of over one & up to five years (new business) ,"Germany, Annualised agreed rate (AAR) / Narrowly defined effective rate (NDER), Credit and other institutions (MFI except MMFs and central banks) reporting sector - Lending for house purchase excluding revolving loans and overdrafts, convenience and extended credit card debt, Over 1 and up to 5 years initial rate fixation, New business coverage, Households and non-profit institutions serving households (S.14 and S.15) sector, denominated in Euro",PCPA,0
MIR.M.DE.B.A2C.I.R.A.2250.EUR.N,M,DE,B,A2C,I,R,A,2250,EUR,N,2003-09,4.52,A,F,,,P1M,,A,,,,,,,,,,4,,DE2,Bank interest rates - loans to households for house purchase with an interest rate fixation period of over one & up to five years (new business) ,"Germany, Annualised agreed rate (AAR) / Narrowly defined effective rate (NDER), Credit and other institutions (MFI except MMFs and central banks) reporting sector - Lending for house purchase excluding revolving loans and overdrafts, convenience and extended credit card debt, Over 1 and up to 5 years initial rate fixation, New business coverage, Households and non-profit institutions serving households (S.14 and S.15) sector, denominated in Euro",PCPA,0
MIR.M.DE.B.A2C.I.R.A.2250.EUR.N,M,DE,B,A2C,I,R,A,2250,EUR,N,2003-10,4.48,A,F,,,P1M,,A,,,,,,,,,,4,,DE2,Bank interest rates - loans to households for house purchase with an interest rate fixation period of over one & up to five years (new business) ,"Germany, Annualised agreed rate (AAR) / Narrowly defined effective rate (NDER), Credit and other institutions (MFI except MMFs and central banks) reporting sector - Lending for house purchase excluding revolving loans and overdrafts, convenience and extended credit card debt, Over 1 and up to 5 years initial rate fixation, New business coverage, Households and non-profit institutions serving households (S.14 and S.15) sector, denominated in Euro",PCPA,0
MIR.M.DE.B.A2C.I.R.A.2250.EUR.N,M,DE,B,A2C,I,R,A,2250,EUR,N,2003-11,4.62,A,F,,,P1M,,A,,,,,,,,,,4,,DE2,Bank interest rates - loans to households for house purchase with an interest rate fixation period of over one & up to five years (new business) ,"Germany, Annualised agreed rate (AAR) / Narrowly defined effective rate (NDER), Credit and other institutions (MFI except MMFs and central banks) reporting sector - Lending for house purchase excluding revolving loans and overdrafts, convenience and extended credit card debt, Over 1 and up to 5 years initial rate fixation, New business coverage, Households and non-profit institutions serving households (S.14 and S.15) sector, denominated in Euro",PCPA,0
MIR.M.DE.B.A2C.I.R.A.2250.EUR.N,M,DE,B,A2C,I,R,A,2250,EUR,N,2003-12,4.75,A,F,,,P1M,,A,,,,,,,,,,4,,DE2,Bank interest rates - loans to households for house purchase with an interest rate fixation period of over one & up to five years (new business) ,"Germany, Annualised agreed rate (AAR) / Narrowly defined effective rate (NDER), Credit and other institutions (MFI except MMFs and central banks) reporting sector - Lending for house purchase excluding revolving loans and overdrafts, convenience and extended credit card debt, Over 1 and up to 5 years initial rate fixation, New business coverage, Households and non-profit institutions serving households (S.14 and S.15) sector, denominated in Euro",PCPA,0
MIR.M.DE.B.A2C.I.R.A.2250.EUR.N,M,DE,B,A2C,I,R,A,2250,EUR,N,2004-01,4.65,A,F,,,P1M,,A,,,,,,,,,,4,,DE2,Bank interest rates - loans to households for house purchase with an interest rate fixation period of over one & up to five years (new business) ,"Germany, Annualised agreed rate (AAR) / Narrowly defined effective rate (NDER), Credit and other institutions (MFI except MMFs and central banks) reporting sector - Lending for house purchase excluding revolving loans and overdrafts, convenience and extended credit card debt, Over 1 and up to 5 years initial rate fixation, New business coverage, Households and non-profit institutions serving households (S.14 and S.15) sector, denominated in Euro",PCPA,0
MIR.M.DE.B.A2C.I.R.A.2250.EUR.N,M,DE,B,A2C,I,R,A,2250,EUR,N,2004-02,4.61,A,F,,,P1M,,A,,,,,,,,,,4,,DE2,Bank interest rates - loans to households for house purchase with an interest rate fixation period of over one & up to five years (new business) ,"Germany, Annualised agreed rate (AAR) / Narrowly defined effective rate (NDER), Credit and other institutions (MFI except MMFs and central banks) reporting sector - Lending for house purchase excluding revolving loans and overdrafts, convenience and extended credit card debt, Over 1 and up to 5 years initial rate fixation, New business coverage, Households and non-profit institutions serving households (S.14 and S.15) sector, denominated in Euro",PCPA,0
MIR.M.DE.B.A2C.I.R.A.2250.EUR.N,M,DE,B,A2C,I,R,A,2250,EUR,N,2004-03,4.48,A,F,,,P1M,,A,,,,,,,,,,4,,DE2,Bank interest rates - loans to households for house purchase with an interest rate fixation period of over one & up to five years (new business) ,"Germany, Annualised agreed rate (AAR) / Narrowly defined effective rate (NDER), Credit and other institutions (MFI except MMFs and central banks) reporting sector - Lending for house purchase excluding revolving loans and overdrafts, convenience and extended credit card debt, Over 1 and up to 5 years initial rate fixation, New business coverage, Households and non-profit institutions serving households (S.14 and S.15) sector, denominated in Euro",PCPA,0
MIR.M.DE.B.A2C.I.R.A.2250.EUR.N,M,DE,B,A2C,I,R,A,2250,EUR,N,2004-04,4.32,A,F,,,P1M,,A,,,,,,,,,,4,,DE2,Bank interest rates - loans to households for house purchase with an interest rate fixation period of over one & up to five years (new business) ,"Germany, Annualised agreed rate (AAR) / Narrowly defined effective rate (NDER), Credit and other institutions (MFI except MMFs and central banks) reporting sector - Lending for house purchase excluding revolving loans and overdrafts, convenience and extended credit card debt, Over 1 and up to 5 years initial rate fixation, New business coverage, Households and non-profit institutions serving households (S.14 and S.15) sector, denominated in Euro",PCPA,0
MIR.M.DE.B.A2C.I.R.A.2250.EUR.N,M,DE,B,A2C,I,R,A,2250,EUR,N,2004-05,4.37,A,F,,,P1M,,A,,,,,,,,,,4,,DE2,Bank interest rates - loans to households for house purchase with an interest rate fixation period of over one & up to five years (new business) ,"Germany, Annualised agreed rate (AAR) / Narrowly defined effective rate (NDER), Credit and other institutions (MFI except MMFs and central banks) reporting sector - Lending for house purchase excluding revolving loans and overdrafts, convenience and extended credit card debt, Over 1 and up to 5 years initial rate fixation, New business coverage, Households and non-profit institutions serving households (S.14 and S.15) sector, denominated in Euro",PCPA,0
MIR.M.DE.B.A2C.I.R.A.2250.EUR.N,M,DE,B,A2C,I,R,A,2250,EUR,N,2004-06,4.32,A,F,,,P1M,,A,,,,,,,,,,4,,DE2,Bank interest rates - loans to households for house purchase with an interest rate fixation period of over one & up to five years (new business) ,"Germany, Annualised agreed rate (AAR) / Narrowly defined effective rate (NDER), Credit and other institutions (MFI except MMFs and central banks) reporting sector - Lending for house purchase excluding revolving loans and overdrafts, convenience and extended credit card debt, Over 1 and up to 5 years initial rate fixation, New business coverage, Households and non-profit institutions serving households (S.14 and S.15) sector, denominated in Euro",PCPA,0
MIR.M.DE.B.A2C.I.R.A.2250.EUR.N,M,DE,B,A2C,I,R,A,2250,EUR,N,2004-07,4.51,A,F,,,P1M,,A,,,,,,,,,,4,,DE2,Bank interest rates - loans to households for house purchase with an interest rate fixation period of over one & up to five years (new business) ,"Germany, Annualised agreed rate (AAR) / Narrowly defined effective rate (NDER), Credit and other institutions (MFI except MMFs and central banks) reporting sector - Lending for house purchase excluding revolving loans and overdrafts, convenience and extended credit card debt, Over 1 and up to 5 years initial rate fixation, New business coverage, Households and non-profit institutions serving households (S.14 and S.15) sector, denominated in Euro",PCPA,0
MIR.M.DE.B.A2C.I.R.A.2250.EUR.N,M,DE,B,A2C,I,R,A,2250,EUR,N,2004-08,4.59,A,F,,,P1M,,A,,,,,,,,,,4,,DE2,Bank interest rates - loans to households for house purchase with an interest rate fixation period of over one & up to five years (new business) ,"Germany, Annualised agreed rate (AAR) / Narrowly defined effective rate (NDER), Credit and other institutions (MFI except MMFs and central banks) reporting sector - Lending for house purchase excluding revolving loans and overdrafts, convenience and extended credit card debt, Over 1 and up to 5 years initial rate fixation, New business coverage, Households and non-profit institutions serving households (S.14 and S.15) sector, denominated in Euro",PCPA,0
MIR.M.DE.B.A2C.I.R.A.2250.EUR.N,M,DE,B,A2C,I,R,A,2250,EUR,N,2004-09,4.53,A,F,,,P1M,,A,,,,,,,,,,4,,DE2,Bank interest rates - loans to households for house purchase with an interest rate fixation period of over one & up to five years (new business) ,"Germany, Annualised agreed rate (AAR) / Narrowly defined effective rate (NDER), Credit and other institutions (MFI except MMFs and central banks) reporting sector - Lending for house purchase excluding revolving loans and overdrafts, convenience and extended credit card debt, Over 1 and up to 5 years initial rate fixation, New business coverage, Households and non-profit institutions serving households (S.14 and S.15) sector, denominated in Euro",PCPA,0
MIR.M.DE.B.A2C.I.R.A.2250.EUR.N,M,DE,B,A2C,I,R,A,2250,EUR,N,2004-10,4.48,A,F,,,P1M,,A,,,,,,,,,,4,,DE2,Bank interest rates - loans to households for house purchase with an interest rate fixation period of over one & up to five years (new business) ,"Germany, Annualised agreed rate (AAR) / Narrowly defined effective rate (NDER), Credit and other institutions (MFI except MMFs and central banks) reporting sector - Lending for house purchase excluding revolving loans and overdrafts, convenience and extended credit card debt, Over 1 and up to 5 years initial rate fixation, New business coverage, Households and non-profit institutions serving households (S.14 and S.15) sector, denominated in Euro",PCPA,0
MIR.M.DE.B.A2C.I.R.A.2250.EUR.N,M,DE,B,A2C,I,R,A,2250,EUR,N,2004-11,4.4,A,F,,,P1M,,A,,,,,,,,,,4,,DE2,Bank interest rates - loans to households for house purchase with an interest rate fixation period of over one & up to five years (new business) ,"Germany, Annualised agreed rate (AAR) / Narrowly defined effective rate (NDER), Credit and other institutions (MFI except MMFs and central banks) reporting sector - Lending for house purchase excluding revolving loans and overdrafts, convenience and extended credit card debt, Over 1 and up to 5 years initial rate fixation, New business coverage, Households and non-profit institutions serving households (S.14 and S.15) sector, denominated in Euro",PCPA,0
MIR.M.DE.B.A2C.I.R.A.2250.EUR.N,M,DE,B,A2C,I,R,A,2250,EUR,N,2004-12,4.29,A,F,,,P1M,,A,,,,,,,,,,4,,DE2,Bank interest rates - loans to households for house purchase with an interest rate fixation period of over one & up to five years (new business) ,"Germany, Annualised agreed rate (AAR) / Narrowly defined effective rate (NDER), Credit and other institutions (MFI except MMFs and central banks) reporting sector - Lending for house purchase excluding revolving loans and overdrafts, convenience and extended credit card debt, Over 1 and up to 5 years initial rate fixation, New business coverage, Households and non-profit institutions serving households (S.14 and S.15) sector, denominated in Euro",PCPA,0
MIR.M.DE.B.A2C.I.R.A.2250.EUR.N,M,DE,B,A2C,I,R,A,2250,EUR,N,2005-01,4.2,A,F,,,P1M,,A,,,,,,,,,,4,,DE2,Bank interest rates - loans to households for house purchase with an interest rate fixation period of over one & up to five years (new business) ,"Germany, Annualised agreed rate (AAR) / Narrowly defined effective rate (NDER), Credit and other institutions (MFI except MMFs and central banks) reporting sector - Lending for house purchase excluding revolving loans and overdrafts, convenience and extended credit card debt, Over 1 and up to 5 years initial rate fixation, New business coverage, Households and non-profit institutions serving households (S.14 and S.15) sector, denominated in Euro",PCPA,0
MIR.M.DE.B.A2C.I.R.A.2250.EUR.N,M,DE,B,A2C,I,R,A,2250,EUR,N,2005-02,4.2,A,F,,,P1M,,A,,,,,,,,,,4,,DE2,Bank interest rates - loans to households for house purchase with an interest rate fixation period of over one & up to five years (new business) ,"Germany, Annualised agreed rate (AAR) / Narrowly defined effective rate (NDER), Credit and other institutions (MFI except MMFs and central banks) reporting sector - Lending for house purchase excluding revolving loans and overdrafts, convenience and extended credit card debt, Over 1 and up to 5 years initial rate fixation, New business coverage, Households and non-profit institutions serving households (S.14 and S.15) sector, denominated in Euro",PCPA,0
MIR.M.DE.B.A2C.I.R.A.2250.EUR.N,M,DE,B,A2C,I,R,A,2250,EUR,N,2005-03,4.13,A,F,,,P1M,,A,,,,,,,,,,4,,DE2,Bank interest rates - loans to households for house purchase with an interest rate fixation period of over one & up to five years (new business) ,"Germany, Annualised agreed rate (AAR) / Narrowly defined effective rate (NDER), Credit and other institutions (MFI except MMFs and central banks) reporting sector - Lending for house purchase excluding revolving loans and overdrafts, convenience and extended credit card debt, Over 1 and up to 5 years initial rate fixation, New business coverage, Households and non-profit institutions serving households (S.14 and S.15) sector, denominated in Euro",PCPA,0
MIR.M.DE.B.A2C.I.R.A.2250.EUR.N,M,DE,B,A2C,I,R,A,2250,EUR,N,2005-04,4.13,A,F,,,P1M,,A,,,,,,,,,,4,,DE2,Bank interest rates - loans to households for house purchase with an interest rate fixation period of over one & up to five years (new business) ,"Germany, Annualised agreed rate (AAR) / Narrowly defined effective rate (NDER), Credit and other institutions (MFI except MMFs and central banks) reporting sector - Lending for house purchase excluding revolving loans and overdrafts, convenience and extended credit card debt, Over 1 and up to 5 years initial rate fixation, New business coverage, Households and non-profit institutions serving households (S.14 and S.15) sector, denominated in Euro",PCPA,0
MIR.M.DE.B.A2C.I.R.A.2250.EUR.N,M,DE,B,A2C,I,R,A,2250,EUR,N,2005-05,4.08,A,F,,,P1M,,A,,,,,,,,,,4,,DE2,Bank interest rates - loans to households for house purchase with an interest rate fixation period of over one & up to five years (new business) ,"Germany, Annualised agreed rate (AAR) / Narrowly defined effective rate (NDER), Credit and other institutions (MFI except MMFs and central banks) reporting sector - Lending for house purchase excluding revolving loans and overdrafts, convenience and extended credit card debt, Over 1 and up to 5 years initial rate fixation, New business coverage, Households and non-profit institutions serving households (S.14 and S.15) sector, denominated in Euro",PCPA,0
MIR.M.DE.B.A2C.I.R.A.2250.EUR.N,M,DE,B,A2C,I,R,A,2250,EUR,N,2005-06,4.01,A,F,,,P1M,,A,,,,,,,,,,4,,DE2,Bank interest rates - loans to households for house purchase with an interest rate fixation period of over one & up to five years (new business) ,"Germany, Annualised agreed rate (AAR) / Narrowly defined effective rate (NDER), Credit and other institutions (MFI except MMFs and central banks) reporting sector - Lending for house purchase excluding revolving loans and overdrafts, convenience and extended credit card debt, Over 1 and up to 5 years initial rate fixation, New business coverage, Households and non-profit institutions serving households (S.14 and S.15) sector, denominated in Euro",PCPA,0
MIR.M.DE.B.A2C.I.R.A.2250.EUR.N,M,DE,B,A2C,I,R,A,2250,EUR,N,2005-07,3.94,A,F,,,P1M,,A,,,,,,,,,,4,,DE2,Bank interest rates - loans to households for house purchase with an interest rate fixation period of over one & up to five years (new business) ,"Germany, Annualised agreed rate (AAR) / Narrowly defined effective rate (NDER), Credit and other institutions (MFI except MMFs and central banks) reporting sector - Lending for house purchase excluding revolving loans and overdrafts, convenience and extended credit card debt, Over 1 and up to 5 years initial rate fixation, New business coverage, Households and non-profit institutions serving households (S.14 and S.15) sector, denominated in Euro",PCPA,0
MIR.M.DE.B.A2C.I.R.A.2250.EUR.N,M,DE,B,A2C,I,R,A,2250,EUR,N,2005-08,3.88,A,F,,,P1M,,A,,,,,,,,,,4,,DE2,Bank interest rates - loans to households for house purchase with an interest rate fixation period of over one & up to five years (new business) ,"Germany, Annualised agreed rate (AAR) / Narrowly defined effective rate (NDER), Credit and other institutions (MFI except MMFs and central banks) reporting sector - Lending for house purchase excluding revolving loans and overdrafts, convenience and extended credit card debt, Over 1 and up to 5 years initial rate fixation, New business coverage, Households and non-profit institutions serving households (S.14 and S.15) sector, denominated in Euro",PCPA,0
MIR.M.DE.B.A2C.I.R.A.2250.EUR.N,M,DE,B,A2C,I,R,A,2250,EUR,N,2005-09,3.95,A,F,,,P1M,,A,,,,,,,,,,4,,DE2,Bank interest rates - loans to households for house purchase with an interest rate fixation period of over one & up to five years (new business) ,"Germany, Annualised agreed rate (AAR) / Narrowly defined effective rate (NDER), Credit and other institutions (MFI except MMFs and central banks) reporting sector - Lending for house purchase excluding revolving loans and overdrafts, convenience and extended credit card debt, Over 1 and up to 5 years initial rate fixation, New business coverage, Households and non-profit institutions serving households (S.14 and S.15) sector, denominated in Euro",PCPA,0
MIR.M.DE.B.A2C.I.R.A.2250.EUR.N,M,DE,B,A2C,I,R,A,2250,EUR,N,2005-10,3.94,A,F,,,P1M,,A,,,,,,,,,,4,,DE2,Bank interest rates - loans to households for house purchase with an interest rate fixation period of over one & up to five years (new business) ,"Germany, Annualised agreed rate (AAR) / Narrowly defined effective rate (NDER), Credit and other institutions (MFI except MMFs and central banks) reporting sector - Lending for house purchase excluding revolving loans and overdrafts, convenience and extended credit card debt, Over 1 and up to 5 years initial rate fixation, New business coverage, Households and non-profit institutions serving households (S.14 and S.15) sector, denominated in Euro",PCPA,0
MIR.M.DE.B.A2C.I.R.A.2250.EUR.N,M,DE,B,A2C,I,R,A,2250,EUR,N,2005-11,4.05,A,F,,,P1M,,A,,,,,,,,,,4,,DE2,Bank interest rates - loans to households for house purchase with an interest rate fixation period of over one & up to five years (new business) ,"Germany, Annualised agreed rate (AAR) / Narrowly defined effective rate (NDER), Credit and other institutions (MFI except MMFs and central banks) reporting sector - Lending for house purchase excluding revolving loans and overdrafts, convenience and extended credit card debt, Over 1 and up to 5 years initial rate fixation, New business coverage, Households and non-profit institutions serving households (S.14 and S.15) sector, denominated in Euro",PCPA,0
MIR.M.DE.B.A2C.I.R.A.2250.EUR.N,M,DE,B,A2C,I,R,A,2250,EUR,N,2005-12,4.25,A,F,,,P1M,,A,,,,,,,,,,4,,DE2,Bank interest rates - loans to households for house purchase with an interest rate fixation period of over one & up to five years (new business) ,"Germany, Annualised agreed rate (AAR) / Narrowly defined effective rate (NDER), Credit and other institutions (MFI except MMFs and central banks) reporting sector - Lending for house purchase excluding revolving loans and overdrafts, convenience and extended credit card debt, Over 1 and up to 5 years initial rate fixation, New business coverage, Households and non-profit institutions serving households (S.14 and S.15) sector, denominated in Euro",PCPA,0
MIR.M.DE.B.A2C.I.R.A.2250.EUR.N,M,DE,B,A2C,I,R,A,2250,EUR,N,2006-01,4.27,A,F,,,P1M,,A,,,,,,,,,,4,,DE2,Bank interest rates - loans to households for house purchase with an interest rate fixation period of over one & up to five years (new business) ,"Germany, Annualised agreed rate (AAR) / Narrowly defined effective rate (NDER), Credit and other institutions (MFI except MMFs and central banks) reporting sector - Lending for house purchase excluding revolving loans and overdrafts, convenience and extended credit card debt, Over 1 and up to 5 years initial rate fixation, New business coverage, Households and non-profit institutions serving households (S.14 and S.15) sector, denominated in Euro",PCPA,0
MIR.M.DE.B.A2C.I.R.A.2250.EUR.N,M,DE,B,A2C,I,R,A,2250,EUR,N,2006-02,4.32,A,F,,,P1M,,A,,,,,,,,,,4,,DE2,Bank interest rates - loans to households for house purchase with an interest rate fixation period of over one & up to five years (new business) ,"Germany, Annualised agreed rate (AAR) / Narrowly defined effective rate (NDER), Credit and other institutions (MFI except MMFs and central banks) reporting sector - Lending for house purchase excluding revolving loans and overdrafts, convenience and extended credit card debt, Over 1 and up to 5 years initial rate fixation, New business coverage, Households and non-profit institutions serving households (S.14 and S.15) sector, denominated in Euro",PCPA,0
MIR.M.DE.B.A2C.I.R.A.2250.EUR.N,M,DE,B,A2C,I,R,A,2250,EUR,N,2006-03,4.37,A,F,,,P1M,,A,,,,,,,,,,4,,DE2,Bank interest rates - loans to households for house purchase with an interest rate fixation period of over one & up to five years (new business) ,"Germany, Annualised agreed rate (AAR) / Narrowly defined effective rate (NDER), Credit and other institutions (MFI except MMFs and central banks) reporting sector - Lending for house purchase excluding revolving loans and overdrafts, convenience and extended credit card debt, Over 1 and up to 5 years initial rate fixation, New business coverage, Households and non-profit institutions serving households (S.14 and S.15) sector, denominated in Euro",PCPA,0
MIR.M.DE.B.A2C.I.R.A.2250.EUR.N,M,DE,B,A2C,I,R,A,2250,EUR,N,2006-04,4.42,A,F,,,P1M,,A,,,,,,,,,,4,,DE2,Bank interest rates - loans to households for house purchase with an interest rate fixation period of over one & up to five years (new business) ,"Germany, Annualised agreed rate (AAR) / Narrowly defined effective rate (NDER), Credit and other institutions (MFI except MMFs and central banks) reporting sector - Lending for house purchase excluding revolving loans and overdrafts, convenience and extended credit card debt, Over 1 and up to 5 years initial rate fixation, New business coverage, Households and non-profit institutions serving households (S.14 and S.15) sector, denominated in Euro",PCPA,0
MIR.M.DE.B.A2C.I.R.A.2250.EUR.N,M,DE,B,A2C,I,R,A,2250,EUR,N,2006-05,4.58,A,F,,,P1M,,A,,,,,,,,,,4,,DE2,Bank interest rates - loans to households for house purchase with an interest rate fixation period of over one & up to five years (new business) ,"Germany, Annualised agreed rate (AAR) / Narrowly defined effective rate (NDER), Credit and other institutions (MFI except MMFs and central banks) reporting sector - Lending for house purchase excluding revolving loans and overdrafts, convenience and extended credit card debt, Over 1 and up to 5 years initial rate fixation, New business coverage, Households and non-profit institutions serving households (S.14 and S.15) sector, denominated in Euro",PCPA,0
MIR.M.DE.B.A2C.I.R.A.2250.EUR.N,M,DE,B,A2C,I,R,A,2250,EUR,N,2006-06,4.61,A,F,,,P1M,,A,,,,,,,,,,4,,DE2,Bank interest rates - loans to households for house purchase with an interest rate fixation period of over one & up to five years (new business) ,"Germany, Annualised agreed rate (AAR) / Narrowly defined effective rate (NDER), Credit and other institutions (MFI except MMFs and central banks) reporting sector - Lending for house purchase excluding revolving loans and overdrafts, convenience and extended credit card debt, Over 1 and up to 5 years initial rate fixation, New business coverage, Households and non-profit institutions serving households (S.14 and S.15) sector, denominated in Euro",PCPA,0
MIR.M.DE.B.A2C.I.R.A.2250.EUR.N,M,DE,B,A2C,I,R,A,2250,EUR,N,2006-07,4.66,A,F,,,P1M,,A,,,,,,,,,,4,,DE2,Bank interest rates - loans to households for house purchase with an interest rate fixation period of over one & up to five years (new business) ,"Germany, Annualised agreed rate (AAR) / Narrowly defined effective rate (NDER), Credit and other institutions (MFI except MMFs and central banks) reporting sector - Lending for house purchase excluding revolving loans and overdrafts, convenience and extended credit card debt, Over 1 and up to 5 years initial rate fixation, New business coverage, Households and non-profit institutions serving households (S.14 and S.15) sector, denominated in Euro",PCPA,0
MIR.M.DE.B.A2C.I.R.A.2250.EUR.N,M,DE,B,A2C,I,R,A,2250,EUR,N,2006-08,4.8,A,F,,,P1M,,A,,,,,,,,,,4,,DE2,Bank interest rates - loans to households for house purchase with an interest rate fixation period of over one & up to five years (new business) ,"Germany, Annualised agreed rate (AAR) / Narrowly defined effective rate (NDER), Credit and other institutions (MFI except MMFs and central banks) reporting sector - Lending for house purchase excluding revolving loans and overdrafts, convenience and extended credit card debt, Over 1 and up to 5 years initial rate fixation, New business coverage, Households and non-profit institutions serving households (S.14 and S.15) sector, denominated in Euro",PCPA,0
MIR.M.DE.B.A2C.I.R.A.2250.EUR.N,M,DE,B,A2C,I,R,A,2250,EUR,N,2006-09,4.8,A,F,,,P1M,,A,,,,,,,,,,4,,DE2,Bank interest rates - loans to households for house purchase with an interest rate fixation period of over one & up to five years (new business) ,"Germany, Annualised agreed rate (AAR) / Narrowly defined effective rate (NDER), Credit and other institutions (MFI except MMFs and central banks) reporting sector - Lending for house purchase excluding revolving loans and overdrafts, convenience and extended credit card debt, Over 1 and up to 5 years initial rate fixation, New business coverage, Households and non-profit institutions serving households (S.14 and S.15) sector, denominated in Euro",PCPA,0
MIR.M.DE.B.A2C.I.R.A.2250.EUR.N,M,DE,B,A2C,I,R,A,2250,EUR,N,2006-10,4.8,A,F,,,P1M,,A,,,,,,,,,,4,,DE2,Bank interest rates - loans to households for house purchase with an interest rate fixation period of over one & up to five years (new business) ,"Germany, Annualised agreed rate (AAR) / Narrowly defined effective rate (NDER), Credit and other institutions (MFI except MMFs and central banks) reporting sector - Lending for house purchase excluding revolving loans and overdrafts, convenience and extended credit card debt, Over 1 and up to 5 years initial rate fixation, New business coverage, Households and non-profit institutions serving households (S.14 and S.15) sector, denominated in Euro",PCPA,0
MIR.M.DE.B.A2C.I.R.A.2250.EUR.N,M,DE,B,A2C,I,R,A,2250,EUR,N,2006-11,4.84,A,F,,,P1M,,A,,,,,,,,,,4,,DE2,Bank interest rates - loans to households for house purchase with an interest rate fixation period of over one & up to five years (new business) ,"Germany, Annualised agreed rate (AAR) / Narrowly defined effective rate (NDER), Credit and other institutions (MFI except MMFs and central banks) reporting sector - Lending for house purchase excluding revolving loans and overdrafts, convenience and extended credit card debt, Over 1 and up to 5 years initial rate fixation, New business coverage, Households and non-profit institutions serving households (S.14 and S.15) sector, denominated in Euro",PCPA,0
MIR.M.DE.B.A2C.I.R.A.2250.EUR.N,M,DE,B,A2C,I,R,A,2250,EUR,N,2006-12,4.86,A,F,,,P1M,,A,,,,,,,,,,4,,DE2,Bank interest rates - loans to households for house purchase with an interest rate fixation period of over one & up to five years (new business) ,"Germany, Annualised agreed rate (AAR) / Narrowly defined effective rate (NDER), Credit and other institutions (MFI except MMFs and central banks) reporting sector - Lending for house purchase excluding revolving loans and overdrafts, convenience and extended credit card debt, Over 1 and up to 5 years initial rate fixation, New business coverage, Households and non-profit institutions serving households (S.14 and S.15) sector, denominated in Euro",PCPA,0
MIR.M.DE.B.A2C.I.R.A.2250.EUR.N,M,DE,B,A2C,I,R,A,2250,EUR,N,2007-01,4.87,A,F,,,P1M,,A,,,,,,,,,,4,,DE2,Bank interest rates - loans to households for house purchase with an interest rate fixation period of over one & up to five years (new business) ,"Germany, Annualised agreed rate (AAR) / Narrowly defined effective rate (NDER), Credit and other institutions (MFI except MMFs and central banks) reporting sector - Lending for house purchase excluding revolving loans and overdrafts, convenience and extended credit card debt, Over 1 and up to 5 years initial rate fixation, New business coverage, Households and non-profit institutions serving households (S.14 and S.15) sector, denominated in Euro",PCPA,0
MIR.M.DE.B.A2C.I.R.A.2250.EUR.N,M,DE,B,A2C,I,R,A,2250,EUR,N,2007-02,4.98,A,F,,,P1M,,A,,,,,,,,,,4,,DE2,Bank interest rates - loans to households for house purchase with an interest rate fixation period of over one & up to five years (new business) ,"Germany, Annualised agreed rate (AAR) / Narrowly defined effective rate (NDER), Credit and other institutions (MFI except MMFs and central banks) reporting sector - Lending for house purchase excluding revolving loans and overdrafts, convenience and extended credit card debt, Over 1 and up to 5 years initial rate fixation, New business coverage, Households and non-profit institutions serving households (S.14 and S.15) sector, denominated in Euro",PCPA,0
MIR.M.DE.B.A2C.I.R.A.2250.EUR.N,M,DE,B,A2C,I,R,A,2250,EUR,N,2007-03,4.99,A,F,,,P1M,,A,,,,,,,,,,4,,DE2,Bank interest rates - loans to households for house purchase with an interest rate fixation period of over one & up to five years (new business) ,"Germany, Annualised agreed rate (AAR) / Narrowly defined effective rate (NDER), Credit and other institutions (MFI except MMFs and central banks) reporting sector - Lending for house purchase excluding revolving loans and overdrafts, convenience and extended credit card debt, Over 1 and up to 5 years initial rate fixation, New business coverage, Households and non-profit institutions serving households (S.14 and S.15) sector, denominated in Euro",PCPA,0
MIR.M.DE.B.A2C.I.R.A.2250.EUR.N,M,DE,B,A2C,I,R,A,2250,EUR,N,2007-04,4.99,A,F,,,P1M,,A,,,,,,,,,,4,,DE2,Bank interest rates - loans to households for house purchase with an interest rate fixation period of over one & up to five years (new business) ,"Germany, Annualised agreed rate (AAR) / Narrowly defined effective rate (NDER), Credit and other institutions (MFI except MMFs and central banks) reporting sector - Lending for house purchase excluding revolving loans and overdrafts, convenience and extended credit card debt, Over 1 and up to 5 years initial rate fixation, New business coverage, Households and non-profit institutions serving households (S.14 and S.15) sector, denominated in Euro",PCPA,0
MIR.M.DE.B.A2C.I.R.A.2250.EUR.N,M,DE,B,A2C,I,R,A,2250,EUR,N,2007-05,5.06,A,F,,,P1M,,A,,,,,,,,,,4,,DE2,Bank interest rates - loans to households for house purchase with an interest rate fixation period of over one & up to five years (new business) ,"Germany, Annualised agreed rate (AAR) / Narrowly defined effective rate (NDER), Credit and other institutions (MFI except MMFs and central banks) reporting sector - Lending for house purchase excluding revolving loans and overdrafts, convenience and extended credit card debt, Over 1 and up to 5 years initial rate fixation, New business coverage, Households and non-profit institutions serving households (S.14 and S.15) sector, denominated in Euro",PCPA,0
MIR.M.DE.B.A2C.I.R.A.2250.EUR.N,M,DE,B,A2C,I,R,A,2250,EUR,N,2007-06,5.22,A,F,,,P1M,,A,,,,,,,,,,4,,DE2,Bank interest rates - loans to households for house purchase with an interest rate fixation period of over one & up to five years (new business) ,"Germany, Annualised agreed rate (AAR) / Narrowly defined effective rate (NDER), Credit and other institutions (MFI except MMFs and central banks) reporting sector - Lending for house purchase excluding revolving loans and overdrafts, convenience and extended credit card debt, Over 1 and up to 5 years initial rate fixation, New business coverage, Households and non-profit institutions serving households (S.14 and S.15) sector, denominated in Euro",PCPA,0
MIR.M.DE.B.A2C.I.R.A.2250.EUR.N,M,DE,B,A2C,I,R,A,2250,EUR,N,2007-07,5.37,A,F,,,P1M,,A,,,,,,,,,,4,,DE2,Bank interest rates - loans to households for house purchase with an interest rate fixation period of over one & up to five years (new business) ,"Germany, Annualised agreed rate (AAR) / Narrowly defined effective rate (NDER), Credit and other institutions (MFI except MMFs and central banks) reporting sector - Lending for house purchase excluding revolving loans and overdrafts, convenience and extended credit card debt, Over 1 and up to 5 years initial rate fixation, New business coverage, Households and non-profit institutions serving households (S.14 and S.15) sector, denominated in Euro",PCPA,0
MIR.M.DE.B.A2C.I.R.A.2250.EUR.N,M,DE,B,A2C,I,R,A,2250,EUR,N,2007-08,5.36,A,F,,,P1M,,A,,,,,,,,,,4,,DE2,Bank interest rates - loans to households for house purchase with an interest rate fixation period of over one & up to five years (new business) ,"Germany, Annualised agreed rate (AAR) / Narrowly defined effective rate (NDER), Credit and other institutions (MFI except MMFs and central banks) reporting sector - Lending for house purchase excluding revolving loans and overdrafts, convenience and extended credit card debt, Over 1 and up to 5 years initial rate fixation, New business coverage, Households and non-profit institutions serving households (S.14 and S.15) sector, denominated in Euro",PCPA,0
MIR.M.DE.B.A2C.I.R.A.2250.EUR.N,M,DE,B,A2C,I,R,A,2250,EUR,N,2007-09,5.34,A,F,,,P1M,,A,,,,,,,,,,4,,DE2,Bank interest rates - loans to households for house purchase with an interest rate fixation period of over one & up to five years (new business) ,"Germany, Annualised agreed rate (AAR) / Narrowly defined effective rate (NDER), Credit and other institutions (MFI except MMFs and central banks) reporting sector - Lending for house purchase excluding revolving loans and overdrafts, convenience and extended credit card debt, Over 1 and up to 5 years initial rate fixation, New business coverage, Households and non-profit institutions serving households (S.14 and S.15) sector, denominated in Euro",PCPA,0
MIR.M.DE.B.A2C.I.R.A.2250.EUR.N,M,DE,B,A2C,I,R,A,2250,EUR,N,2007-10,5.3,A,F,,,P1M,,A,,,,,,,,,,4,,DE2,Bank interest rates - loans to households for house purchase with an interest rate fixation period of over one & up to five years (new business) ,"Germany, Annualised agreed rate (AAR) / Narrowly defined effective rate (NDER), Credit and other institutions (MFI except MMFs and central banks) reporting sector - Lending for house purchase excluding revolving loans and overdrafts, convenience and extended credit card debt, Over 1 and up to 5 years initial rate fixation, New business coverage, Households and non-profit institutions serving households (S.14 and S.15) sector, denominated in Euro",PCPA,0
MIR.M.DE.B.A2C.I.R.A.2250.EUR.N,M,DE,B,A2C,I,R,A,2250,EUR,N,2007-11,5.3,A,F,,,P1M,,A,,,,,,,,,,4,,DE2,Bank interest rates - loans to households for house purchase with an interest rate fixation period of over one & up to five years (new business) ,"Germany, Annualised agreed rate (AAR) / Narrowly defined effective rate (NDER), Credit and other institutions (MFI except MMFs and central banks) reporting sector - Lending for house purchase excluding revolving loans and overdrafts, convenience and extended credit card debt, Over 1 and up to 5 years initial rate fixation, New business coverage, Households and non-profit institutions serving households (S.14 and S.15) sector, denominated in Euro",PCPA,0
MIR.M.DE.B.A2C.I.R.A.2250.EUR.N,M,DE,B,A2C,I,R,A,2250,EUR,N,2007-12,5.33,A,F,,,P1M,,A,,,,,,,,,,4,,DE2,Bank interest rates - loans to households for house purchase with an interest rate fixation period of over one & up to five years (new business) ,"Germany, Annualised agreed rate (AAR) / Narrowly defined effective rate (NDER), Credit and other institutions (MFI except MMFs and central banks) reporting sector - Lending for house purchase excluding revolving loans and overdrafts, convenience and extended credit card debt, Over 1 and up to 5 years initial rate fixation, New business coverage, Households and non-profit institutions serving households (S.14 and S.15) sector, denominated in Euro",PCPA,0
MIR.M.DE.B.A2C.I.R.A.2250.EUR.N,M,DE,B,A2C,I,R,A,2250,EUR,N,2008-01,5.17,A,F,,,P1M,,A,,,,,,,,,,4,,DE2,Bank interest rates - loans to households for house purchase with an interest rate fixation period of over one & up to five years (new business) ,"Germany, Annualised agreed rate (AAR) / Narrowly defined effective rate (NDER), Credit and other institutions (MFI except MMFs and central banks) reporting sector - Lending for house purchase excluding revolving loans and overdrafts, convenience and extended credit card debt, Over 1 and up to 5 years initial rate fixation, New business coverage, Households and non-profit institutions serving households (S.14 and S.15) sector, denominated in Euro",PCPA,0
MIR.M.DE.B.A2C.I.R.A.2250.EUR.N,M,DE,B,A2C,I,R,A,2250,EUR,N,2008-02,5.11,A,F,,,P1M,,A,,,,,,,,,,4,,DE2,Bank interest rates - loans to households for house purchase with an interest rate fixation period of over one & up to five years (new business) ,"Germany, Annualised agreed rate (AAR) / Narrowly defined effective rate (NDER), Credit and other institutions (MFI except MMFs and central banks) reporting sector - Lending for house purchase excluding revolving loans and overdrafts, convenience and extended credit card debt, Over 1 and up to 5 years initial rate fixation, New business coverage, Households and non-profit institutions serving households (S.14 and S.15) sector, denominated in Euro",PCPA,0
MIR.M.DE.B.A2C.I.R.A.2250.EUR.N,M,DE,B,A2C,I,R,A,2250,EUR,N,2008-03,5.01,A,F,,,P1M,,A,,,,,,,,,,4,,DE2,Bank interest rates - loans to households for house purchase with an interest rate fixation period of over one & up to five years (new business) ,"Germany, Annualised agreed rate (AAR) / Narrowly defined effective rate (NDER), Credit and other institutions (MFI except MMFs and central banks) reporting sector - Lending for house purchase excluding revolving loans and overdrafts, convenience and extended credit card debt, Over 1 and up to 5 years initial rate fixation, New business coverage, Households and non-profit institutions serving households (S.14 and S.15) sector, denominated in Euro",PCPA,0
MIR.M.DE.B.A2C.I.R.A.2250.EUR.N,M,DE,B,A2C,I,R,A,2250,EUR,N,2008-04,4.99,A,F,,,P1M,,A,,,,,,,,,,4,,DE2,Bank interest rates - loans to households for house purchase with an interest rate fixation period of over one & up to five years (new business) ,"Germany, Annualised agreed rate (AAR) / Narrowly defined effective rate (NDER), Credit and other institutions (MFI except MMFs and central banks) reporting sector - Lending for house purchase excluding revolving loans and overdrafts, convenience and extended credit card debt, Over 1 and up to 5 years initial rate fixation, New business coverage, Households and non-profit institutions serving households (S.14 and S.15) sector, denominated in Euro",PCPA,0
MIR.M.DE.B.A2C.I.R.A.2250.EUR.N,M,DE,B,A2C,I,R,A,2250,EUR,N,2008-05,5.06,A,F,,,P1M,,A,,,,,,,,,,4,,DE2,Bank interest rates - loans to households for house purchase with an interest rate fixation period of over one & up to five years (new business) ,"Germany, Annualised agreed rate (AAR) / Narrowly defined effective rate (NDER), Credit and other institutions (MFI except MMFs and central banks) reporting sector - Lending for house purchase excluding revolving loans and overdrafts, convenience and extended credit card debt, Over 1 and up to 5 years initial rate fixation, New business coverage, Households and non-profit institutions serving households (S.14 and S.15) sector, denominated in Euro",PCPA,0
MIR.M.DE.B.A2C.I.R.A.2250.EUR.N,M,DE,B,A2C,I,R,A,2250,EUR,N,2008-06,5.24,A,F,,,P1M,,A,,,,,,,,,,4,,DE2,Bank interest rates - loans to households for house purchase with an interest rate fixation period of over one & up to five years (new business) ,"Germany, Annualised agreed rate (AAR) / Narrowly defined effective rate (NDER), Credit and other institutions (MFI except MMFs and central banks) reporting sector - Lending for house purchase excluding revolving loans and overdrafts, convenience and extended credit card debt, Over 1 and up to 5 years initial rate fixation, New business coverage, Households and non-profit institutions serving households (S.14 and S.15) sector, denominated in Euro",PCPA,0
MIR.M.DE.B.A2C.I.R.A.2250.EUR.N,M,DE,B,A2C,I,R,A,2250,EUR,N,2008-07,5.43,A,F,,,P1M,,A,,,,,,,,,,4,,DE2,Bank interest rates - loans to households for house purchase with an interest rate fixation period of over one & up to five years (new business) ,"Germany, Annualised agreed rate (AAR) / Narrowly defined effective rate (NDER), Credit and other institutions (MFI except MMFs and central banks) reporting sector - Lending for house purchase excluding revolving loans and overdrafts, convenience and extended credit card debt, Over 1 and up to 5 years initial rate fixation, New business coverage, Households and non-profit institutions serving households (S.14 and S.15) sector, denominated in Euro",PCPA,0
MIR.M.DE.B.A2C.I.R.A.2250.EUR.N,M,DE,B,A2C,I,R,A,2250,EUR,N,2008-08,5.57,A,F,,,P1M,,A,,,,,,,,,,4,,DE2,Bank interest rates - loans to households for house purchase with an interest rate fixation period of over one & up to five years (new business) ,"Germany, Annualised agreed rate (AAR) / Narrowly defined effective rate (NDER), Credit and other institutions (MFI except MMFs and central banks) reporting sector - Lending for house purchase excluding revolving loans and overdrafts, convenience and extended credit card debt, Over 1 and up to 5 years initial rate fixation, New business coverage, Households and non-profit institutions serving households (S.14 and S.15) sector, denominated in Euro",PCPA,0
MIR.M.DE.B.A2C.I.R.A.2250.EUR.N,M,DE,B,A2C,I,R,A,2250,EUR,N,2008-09,5.5,A,F,,,P1M,,A,,,,,,,,,,4,,DE2,Bank interest rates - loans to households for house purchase with an interest rate fixation period of over one & up to five years (new business) ,"Germany, Annualised agreed rate (AAR) / Narrowly defined effective rate (NDER), Credit and other institutions (MFI except MMFs and central banks) reporting sector - Lending for house purchase excluding revolving loans and overdrafts, convenience and extended credit card debt, Over 1 and up to 5 years initial rate fixation, New business coverage, Households and non-profit institutions serving households (S.14 and S.15) sector, denominated in Euro",PCPA,0
MIR.M.DE.B.A2C.I.R.A.2250.EUR.N,M,DE,B,A2C,I,R,A,2250,EUR,N,2008-10,5.43,A,F,,,P1M,,A,,,,,,,,,,4,,DE2,Bank interest rates - loans to households for house purchase with an interest rate fixation period of over one & up to five years (new business) ,"Germany, Annualised agreed rate (AAR) / Narrowly defined effective rate (NDER), Credit and other institutions (MFI except MMFs and central banks) reporting sector - Lending for house purchase excluding revolving loans and overdrafts, convenience and extended credit card debt, Over 1 and up to 5 years initial rate fixation, New business coverage, Households and non-profit institutions serving households (S.14 and S.15) sector, denominated in Euro",PCPA,0
MIR.M.DE.B.A2C.I.R.A.2250.EUR.N,M,DE,B,A2C,I,R,A,2250,EUR,N,2008-11,5.2,A,F,,,P1M,,A,,,,,,,,,,4,,DE2,Bank interest rates - loans to households for house purchase with an interest rate fixation period of over one & up to five years (new business) ,"Germany, Annualised agreed rate (AAR) / Narrowly defined effective rate (NDER), Credit and other institutions (MFI except MMFs and central banks) reporting sector - Lending for house purchase excluding revolving loans and overdrafts, convenience and extended credit card debt, Over 1 and up to 5 years initial rate fixation, New business coverage, Households and non-profit institutions serving households (S.14 and S.15) sector, denominated in Euro",PCPA,0
MIR.M.DE.B.A2C.I.R.A.2250.EUR.N,M,DE,B,A2C,I,R,A,2250,EUR,N,2008-12,4.84,A,F,,,P1M,,A,,,,,,,,,,4,,DE2,Bank interest rates - loans to households for house purchase with an interest rate fixation period of over one & up to five years (new business) ,"Germany, Annualised agreed rate (AAR) / Narrowly defined effective rate (NDER), Credit and other institutions (MFI except MMFs and central banks) reporting sector - Lending for house purchase excluding revolving loans and overdrafts, convenience and extended credit card debt, Over 1 and up to 5 years initial rate fixation, New business coverage, Households and non-profit institutions serving households (S.14 and S.15) sector, denominated in Euro",PCPA,0
MIR.M.DE.B.A2C.I.R.A.2250.EUR.N,M,DE,B,A2C,I,R,A,2250,EUR,N,2009-01,4.58,A,F,,,P1M,,A,,,,,,,,,,4,,DE2,Bank interest rates - loans to households for house purchase with an interest rate fixation period of over one & up to five years (new business) ,"Germany, Annualised agreed rate (AAR) / Narrowly defined effective rate (NDER), Credit and other institutions (MFI except MMFs and central banks) reporting sector - Lending for house purchase excluding revolving loans and overdrafts, convenience and extended credit card debt, Over 1 and up to 5 years initial rate fixation, New business coverage, Households and non-profit institutions serving households (S.14 and S.15) sector, denominated in Euro",PCPA,0
MIR.M.DE.B.A2C.I.R.A.2250.EUR.N,M,DE,B,A2C,I,R,A,2250,EUR,N,2009-02,4.33,A,F,,,P1M,,A,,,,,,,,,,4,,DE2,Bank interest rates - loans to households for house purchase with an interest rate fixation period of over one & up to five years (new business) ,"Germany, Annualised agreed rate (AAR) / Narrowly defined effective rate (NDER), Credit and other institutions (MFI except MMFs and central banks) reporting sector - Lending for house purchase excluding revolving loans and overdrafts, convenience and extended credit card debt, Over 1 and up to 5 years initial rate fixation, New business coverage, Households and non-profit institutions serving households (S.14 and S.15) sector, denominated in Euro",PCPA,0
MIR.M.DE.B.A2C.I.R.A.2250.EUR.N,M,DE,B,A2C,I,R,A,2250,EUR,N,2009-03,4.12,A,F,,,P1M,,A,,,,,,,,,,4,,DE2,Bank interest rates - loans to households for house purchase with an interest rate fixation period of over one & up to five years (new business) ,"Germany, Annualised agreed rate (AAR) / Narrowly defined effective rate (NDER), Credit and other institutions (MFI except MMFs and central banks) reporting sector - Lending for house purchase excluding revolving loans and overdrafts, convenience and extended credit card debt, Over 1 and up to 5 years initial rate fixation, New business coverage, Households and non-profit institutions serving households (S.14 and S.15) sector, denominated in Euro",PCPA,0
MIR.M.DE.B.A2C.I.R.A.2250.EUR.N,M,DE,B,A2C,I,R,A,2250,EUR,N,2009-04,4.01,A,F,,,P1M,,A,,,,,,,,,,4,,DE2,Bank interest rates - loans to households for house purchase with an interest rate fixation period of over one & up to five years (new business) ,"Germany, Annualised agreed rate (AAR) / Narrowly defined effective rate (NDER), Credit and other institutions (MFI except MMFs and central banks) reporting sector - Lending for house purchase excluding revolving loans and overdrafts, convenience and extended credit card debt, Over 1 and up to 5 years initial rate fixation, New business coverage, Households and non-profit institutions serving households (S.14 and S.15) sector, denominated in Euro",PCPA,0
MIR.M.DE.B.A2C.I.R.A.2250.EUR.N,M,DE,B,A2C,I,R,A,2250,EUR,N,2009-05,3.93,A,F,,,P1M,,A,,,,,,,,,,4,,DE2,Bank interest rates - loans to households for house purchase with an interest rate fixation period of over one & up to five years (new business) ,"Germany, Annualised agreed rate (AAR) / Narrowly defined effective rate (NDER), Credit and other institutions (MFI except MMFs and central banks) reporting sector - Lending for house purchase excluding revolving loans and overdrafts, convenience and extended credit card debt, Over 1 and up to 5 years initial rate fixation, New business coverage, Households and non-profit institutions serving households (S.14 and S.15) sector, denominated in Euro",PCPA,0
MIR.M.DE.B.A2C.I.R.A.2250.EUR.N,M,DE,B,A2C,I,R,A,2250,EUR,N,2009-06,3.88,A,F,,,P1M,,A,,,,,,,,,,4,,DE2,Bank interest rates - loans to households for house purchase with an interest rate fixation period of over one & up to five years (new business) ,"Germany, Annualised agreed rate (AAR) / Narrowly defined effective rate (NDER), Credit and other institutions (MFI except MMFs and central banks) reporting sector - Lending for house purchase excluding revolving loans and overdrafts, convenience and extended credit card debt, Over 1 and up to 5 years initial rate fixation, New business coverage, Households and non-profit institutions serving households (S.14 and S.15) sector, denominated in Euro",PCPA,0
MIR.M.DE.B.A2C.I.R.A.2250.EUR.N,M,DE,B,A2C,I,R,A,2250,EUR,N,2009-07,3.89,A,F,,,P1M,,A,,,,,,,,,,4,,DE2,Bank interest rates - loans to households for house purchase with an interest rate fixation period of over one & up to five years (new business) ,"Germany, Annualised agreed rate (AAR) / Narrowly defined effective rate (NDER), Credit and other institutions (MFI except MMFs and central banks) reporting sector - Lending for house purchase excluding revolving loans and overdrafts, convenience and extended credit card debt, Over 1 and up to 5 years initial rate fixation, New business coverage, Households and non-profit institutions serving households (S.14 and S.15) sector, denominated in Euro",PCPA,0
MIR.M.DE.B.A2C.I.R.A.2250.EUR.N,M,DE,B,A2C,I,R,A,2250,EUR,N,2009-08,3.87,A,F,,,P1M,,A,,,,,,,,,,4,,DE2,Bank interest rates - loans to households for house purchase with an interest rate fixation period of over one & up to five years (new business) ,"Germany, Annualised agreed rate (AAR) / Narrowly defined effective rate (NDER), Credit and other institutions (MFI except MMFs and central banks) reporting sector - Lending for house purchase excluding revolving loans and overdrafts, convenience and extended credit card debt, Over 1 and up to 5 years initial rate fixation, New business coverage, Households and non-profit institutions serving households (S.14 and S.15) sector, denominated in Euro",PCPA,0
MIR.M.DE.B.A2C.I.R.A.2250.EUR.N,M,DE,B,A2C,I,R,A,2250,EUR,N,2009-09,3.81,A,F,,,P1M,,A,,,,,,,,,,4,,DE2,Bank interest rates - loans to households for house purchase with an interest rate fixation period of over one & up to five years (new business) ,"Germany, Annualised agreed rate (AAR) / Narrowly defined effective rate (NDER), Credit and other institutions (MFI except MMFs and central banks) reporting sector - Lending for house purchase excluding revolving loans and overdrafts, convenience and extended credit card debt, Over 1 and up to 5 years initial rate fixation, New business coverage, Households and non-profit institutions serving households (S.14 and S.15) sector, denominated in Euro",PCPA,0
MIR.M.DE.B.A2C.I.R.A.2250.EUR.N,M,DE,B,A2C,I,R,A,2250,EUR,N,2009-10,3.83,A,F,,,P1M,,A,,,,,,,,,,4,,DE2,Bank interest rates - loans to households for house purchase with an interest rate fixation period of over one & up to five years (new business) ,"Germany, Annualised agreed rate (AAR) / Narrowly defined effective rate (NDER), Credit and other institutions (MFI except MMFs and central banks) reporting sector - Lending for house purchase excluding revolving loans and overdrafts, convenience and extended credit card debt, Over 1 and up to 5 years initial rate fixation, New business coverage, Households and non-profit institutions serving households (S.14 and S.15) sector, denominated in Euro",PCPA,0
MIR.M.DE.B.A2C.I.R.A.2250.EUR.N,M,DE,B,A2C,I,R,A,2250,EUR,N,2009-11,3.78,A,F,,,P1M,,A,,,,,,,,,,4,,DE2,Bank interest rates - loans to households for house purchase with an interest rate fixation period of over one & up to five years (new business) ,"Germany, Annualised agreed rate (AAR) / Narrowly defined effective rate (NDER), Credit and other institutions (MFI except MMFs and central banks) reporting sector - Lending for house purchase excluding revolving loans and overdrafts, convenience and extended credit card debt, Over 1 and up to 5 years initial rate fixation, New business coverage, Households and non-profit institutions serving households (S.14 and S.15) sector, denominated in Euro",PCPA,0
MIR.M.DE.B.A2C.I.R.A.2250.EUR.N,M,DE,B,A2C,I,R,A,2250,EUR,N,2009-12,3.76,A,F,,,P1M,,A,,,,,,,,,,4,,DE2,Bank interest rates - loans to households for house purchase with an interest rate fixation period of over one & up to five years (new business) ,"Germany, Annualised agreed rate (AAR) / Narrowly defined effective rate (NDER), Credit and other institutions (MFI except MMFs and central banks) reporting sector - Lending for house purchase excluding revolving loans and overdrafts, convenience and extended credit card debt, Over 1 and up to 5 years initial rate fixation, New business coverage, Households and non-profit institutions serving households (S.14 and S.15) sector, denominated in Euro",PCPA,0
MIR.M.DE.B.A2C.I.R.A.2250.EUR.N,M,DE,B,A2C,I,R,A,2250,EUR,N,2010-01,3.71,A,F,,,P1M,,A,,,,,,,,,,4,,DE2,Bank interest rates - loans to households for house purchase with an interest rate fixation period of over one & up to five years (new business) ,"Germany, Annualised agreed rate (AAR) / Narrowly defined effective rate (NDER), Credit and other institutions (MFI except MMFs and central banks) reporting sector - Lending for house purchase excluding revolving loans and overdrafts, convenience and extended credit card debt, Over 1 and up to 5 years initial rate fixation, New business coverage, Households and non-profit institutions serving households (S.14 and S.15) sector, denominated in Euro",PCPA,0
MIR.M.DE.B.A2C.I.R.A.2250.EUR.N,M,DE,B,A2C,I,R,A,2250,EUR,N,2010-02,3.67,A,F,,,P1M,,A,,,,,,,,,,4,,DE2,Bank interest rates - loans to households for house purchase with an interest rate fixation period of over one & up to five years (new business) ,"Germany, Annualised agreed rate (AAR) / Narrowly defined effective rate (NDER), Credit and other institutions (MFI except MMFs and central banks) reporting sector - Lending for house purchase excluding revolving loans and overdrafts, convenience and extended credit card debt, Over 1 and up to 5 years initial rate fixation, New business coverage, Households and non-profit institutions serving households (S.14 and S.15) sector, denominated in Euro",PCPA,0
MIR.M.DE.B.A2C.I.R.A.2250.EUR.N,M,DE,B,A2C,I,R,A,2250,EUR,N,2010-03,3.56,A,F,,,P1M,,A,,,,,,,,,,4,,DE2,Bank interest rates - loans to households for house purchase with an interest rate fixation period of over one & up to five years (new business) ,"Germany, Annualised agreed rate (AAR) / Narrowly defined effective rate (NDER), Credit and other institutions (MFI except MMFs and central banks) reporting sector - Lending for house purchase excluding revolving loans and overdrafts, convenience and extended credit card debt, Over 1 and up to 5 years initial rate fixation, New business coverage, Households and non-profit institutions serving households (S.14 and S.15) sector, denominated in Euro",PCPA,0
MIR.M.DE.B.A2C.I.R.A.2250.EUR.N,M,DE,B,A2C,I,R,A,2250,EUR,N,2010-04,3.56,A,F,,,P1M,,A,,,,,,,,,,4,,DE2,Bank interest rates - loans to households for house purchase with an interest rate fixation period of over one & up to five years (new business) ,"Germany, Annualised agreed rate (AAR) / Narrowly defined effective rate (NDER), Credit and other institutions (MFI except MMFs and central banks) reporting sector - Lending for house purchase excluding revolving loans and overdrafts, convenience and extended credit card debt, Over 1 and up to 5 years initial rate fixation, New business coverage, Households and non-profit institutions serving households (S.14 and S.15) sector, denominated in Euro",PCPA,0
MIR.M.DE.B.A2C.I.R.A.2250.EUR.N,M,DE,B,A2C,I,R,A,2250,EUR,N,2010-05,3.42,A,F,,,P1M,,A,,,,,,,,,,4,,DE2,Bank interest rates - loans to households for house purchase with an interest rate fixation period of over one & up to five years (new business) ,"Germany, Annualised agreed rate (AAR) / Narrowly defined effective rate (NDER), Credit and other institutions (MFI except MMFs and central banks) reporting sector - Lending for house purchase excluding revolving loans and overdrafts, convenience and extended credit card debt, Over 1 and up to 5 years initial rate fixation, New business coverage, Households and non-profit institutions serving households (S.14 and S.15) sector, denominated in Euro",PCPA,0
MIR.M.DE.B.A2C.I.R.A.2250.EUR.N,M,DE,B,A2C,I,R,A,2250,EUR,N,2010-06,3.37,A,F,,,P1M,,A,,,,,,,,,,4,,DE2,Bank interest rates - loans to households for house purchase with an interest rate fixation period of over one & up to five years (new business) ,"Germany, Annualised agreed rate (AAR) / Narrowly defined effective rate (NDER), Credit and other institutions (MFI except MMFs and central banks) reporting sector - Lending for house purchase excluding revolving loans and overdrafts, convenience and extended credit card debt, Over 1 and up to 5 years initial rate fixation, New business coverage, Households and non-profit institutions serving households (S.14 and S.15) sector, denominated in Euro",PCPA,0
MIR.M.DE.B.A2C.I.R.A.2250.EUR.N,M,DE,B,A2C,I,R,A,2250,EUR,N,2010-07,3.35,A,F,,,P1M,,A,,,,,,,,,,4,,DE2,Bank interest rates - loans to households for house purchase with an interest rate fixation period of over one & up to five years (new business) ,"Germany, Annualised agreed rate (AAR) / Narrowly defined effective rate (NDER), Credit and other institutions (MFI except MMFs and central banks) reporting sector - Lending for house purchase excluding revolving loans and overdrafts, convenience and extended credit card debt, Over 1 and up to 5 years initial rate fixation, New business coverage, Households and non-profit institutions serving households (S.14 and S.15) sector, denominated in Euro",PCPA,0
MIR.M.DE.B.A2C.I.R.A.2250.EUR.N,M,DE,B,A2C,I,R,A,2250,EUR,N,2010-08,3.3,A,F,,,P1M,,A,,,,,,,,,,4,,DE2,Bank interest rates - loans to households for house purchase with an interest rate fixation period of over one & up to five years (new business) ,"Germany, Annualised agreed rate (AAR) / Narrowly defined effective rate (NDER), Credit and other institutions (MFI except MMFs and central banks) reporting sector - Lending for house purchase excluding revolving loans and overdrafts, convenience and extended credit card debt, Over 1 and up to 5 years initial rate fixation, New business coverage, Households and non-profit institutions serving households (S.14 and S.15) sector, denominated in Euro",PCPA,0
MIR.M.DE.B.A2C.I.R.A.2250.EUR.N,M,DE,B,A2C,I,R,A,2250,EUR,N,2010-09,3.25,A,F,,,P1M,,A,,,,,,,,,,4,,DE2,Bank interest rates - loans to households for house purchase with an interest rate fixation period of over one & up to five years (new business) ,"Germany, Annualised agreed rate (AAR) / Narrowly defined effective rate (NDER), Credit and other institutions (MFI except MMFs and central banks) reporting sector - Lending for house purchase excluding revolving loans and overdrafts, convenience and extended credit card debt, Over 1 and up to 5 years initial rate fixation, New business coverage, Households and non-profit institutions serving households (S.14 and S.15) sector, denominated in Euro",PCPA,0
MIR.M.DE.B.A2C.I.R.A.2250.EUR.N,M,DE,B,A2C,I,R,A,2250,EUR,N,2010-10,3.3,A,F,,,P1M,,A,,,,,,,,,,4,,DE2,Bank interest rates - loans to households for house purchase with an interest rate fixation period of over one & up to five years (new business) ,"Germany, Annualised agreed rate (AAR) / Narrowly defined effective rate (NDER), Credit and other institutions (MFI except MMFs and central banks) reporting sector - Lending for house purchase excluding revolving loans and overdrafts, convenience and extended credit card debt, Over 1 and up to 5 years initial rate fixation, New business coverage, Households and non-profit institutions serving households (S.14 and S.15) sector, denominated in Euro",PCPA,0
MIR.M.DE.B.A2C.I.R.A.2250.EUR.N,M,DE,B,A2C,I,R,A,2250,EUR,N,2010-11,3.26,A,F,,,P1M,,A,,,,,,,,,,4,,DE2,Bank interest rates - loans to households for house purchase with an interest rate fixation period of over one & up to five years (new business) ,"Germany, Annualised agreed rate (AAR) / Narrowly defined effective rate (NDER), Credit and other institutions (MFI except MMFs and central banks) reporting sector - Lending for house purchase excluding revolving loans and overdrafts, convenience and extended credit card debt, Over 1 and up to 5 years initial rate fixation, New business coverage, Households and non-profit institutions serving households (S.14 and S.15) sector, denominated in Euro",PCPA,0
MIR.M.DE.B.A2C.I.R.A.2250.EUR.N,M,DE,B,A2C,I,R,A,2250,EUR,N,2010-12,3.32,A,F,,,P1M,,A,,,,,,,,,,4,,DE2,Bank interest rates - loans to households for house purchase with an interest rate fixation period of over one & up to five years (new business) ,"Germany, Annualised agreed rate (AAR) / Narrowly defined effective rate (NDER), Credit and other institutions (MFI except MMFs and central banks) reporting sector - Lending for house purchase excluding revolving loans and overdrafts, convenience and extended credit card debt, Over 1 and up to 5 years initial rate fixation, New business coverage, Households and non-profit institutions serving households (S.14 and S.15) sector, denominated in Euro",PCPA,0
MIR.M.DE.B.A2C.I.R.A.2250.EUR.N,M,DE,B,A2C,I,R,A,2250,EUR,N,2011-01,3.4,A,F,,,P1M,,A,,,,,,,,,,4,,DE2,Bank interest rates - loans to households for house purchase with an interest rate fixation period of over one & up to five years (new business) ,"Germany, Annualised agreed rate (AAR) / Narrowly defined effective rate (NDER), Credit and other institutions (MFI except MMFs and central banks) reporting sector - Lending for house purchase excluding revolving loans and overdrafts, convenience and extended credit card debt, Over 1 and up to 5 years initial rate fixation, New business coverage, Households and non-profit institutions serving households (S.14 and S.15) sector, denominated in Euro",PCPA,0
MIR.M.DE.B.A2C.I.R.A.2250.EUR.N,M,DE,B,A2C,I,R,A,2250,EUR,N,2011-02,3.55,A,F,,,P1M,,A,,,,,,,,,,4,,DE2,Bank interest rates - loans to households for house purchase with an interest rate fixation period of over one & up to five years (new business) ,"Germany, Annualised agreed rate (AAR) / Narrowly defined effective rate (NDER), Credit and other institutions (MFI except MMFs and central banks) reporting sector - Lending for house purchase excluding revolving loans and overdrafts, convenience and extended credit card debt, Over 1 and up to 5 years initial rate fixation, New business coverage, Households and non-profit institutions serving households (S.14 and S.15) sector, denominated in Euro",PCPA,0
MIR.M.DE.B.A2C.I.R.A.2250.EUR.N,M,DE,B,A2C,I,R,A,2250,EUR,N,2011-03,3.69,A,F,,,P1M,,A,,,,,,,,,,4,,DE2,Bank interest rates - loans to households for house purchase with an interest rate fixation period of over one & up to five years (new business) ,"Germany, Annualised agreed rate (AAR) / Narrowly defined effective rate (NDER), Credit and other institutions (MFI except MMFs and central banks) reporting sector - Lending for house purchase excluding revolving loans and overdrafts, convenience and extended credit card debt, Over 1 and up to 5 years initial rate fixation, New business coverage, Households and non-profit institutions serving households (S.14 and S.15) sector, denominated in Euro",PCPA,0
MIR.M.DE.B.A2C.I.R.A.2250.EUR.N,M,DE,B,A2C,I,R,A,2250,EUR,N,2011-04,3.74,A,F,,,P1M,,A,,,,,,,,,,4,,DE2,Bank interest rates - loans to households for house purchase with an interest rate fixation period of over one & up to five years (new business) ,"Germany, Annualised agreed rate (AAR) / Narrowly defined effective rate (NDER), Credit and other institutions (MFI except MMFs and central banks) reporting sector - Lending for house purchase excluding revolving loans and overdrafts, convenience and extended credit card debt, Over 1 and up to 5 years initial rate fixation, New business coverage, Households and non-profit institutions serving households (S.14 and S.15) sector, denominated in Euro",PCPA,0
MIR.M.DE.B.A2C.I.R.A.2250.EUR.N,M,DE,B,A2C,I,R,A,2250,EUR,N,2011-05,3.86,A,F,,,P1M,,A,,,,,,,,,,4,,DE2,Bank interest rates - loans to households for house purchase with an interest rate fixation period of over one & up to five years (new business) ,"Germany, Annualised agreed rate (AAR) / Narrowly defined effective rate (NDER), Credit and other institutions (MFI except MMFs and central banks) reporting sector - Lending for house purchase excluding revolving loans and overdrafts, convenience and extended credit card debt, Over 1 and up to 5 years initial rate fixation, New business coverage, Households and non-profit institutions serving households (S.14 and S.15) sector, denominated in Euro",PCPA,0
MIR.M.DE.B.A2C.I.R.A.2250.EUR.N,M,DE,B,A2C,I,R,A,2250,EUR,N,2011-06,3.82,A,F,,,P1M,,A,,,,,,,,,,4,,DE2,Bank interest rates - loans to households for house purchase with an interest rate fixation period of over one & up to five years (new business) ,"Germany, Annualised agreed rate (AAR) / Narrowly defined effective rate (NDER), Credit and other institutions (MFI except MMFs and central banks) reporting sector - Lending for house purchase excluding revolving loans and overdrafts, convenience and extended credit card debt, Over 1 and up to 5 years initial rate fixation, New business coverage, Households and non-profit institutions serving households (S.14 and S.15) sector, denominated in Euro",PCPA,0
MIR.M.DE.B.A2C.I.R.A.2250.EUR.N,M,DE,B,A2C,I,R,A,2250,EUR,N,2011-07,3.82,A,F,,,P1M,,A,,,,,,,,,,4,,DE2,Bank interest rates - loans to households for house purchase with an interest rate fixation period of over one & up to five years (new business) ,"Germany, Annualised agreed rate (AAR) / Narrowly defined effective rate (NDER), Credit and other institutions (MFI except MMFs and central banks) reporting sector - Lending for house purchase excluding revolving loans and overdrafts, convenience and extended credit card debt, Over 1 and up to 5 years initial rate fixation, New business coverage, Households and non-profit institutions serving households (S.14 and S.15) sector, denominated in Euro",PCPA,0
MIR.M.DE.B.A2C.I.R.A.2250.EUR.N,M,DE,B,A2C,I,R,A,2250,EUR,N,2011-08,3.7,A,F,,,P1M,,A,,,,,,,,,,4,,DE2,Bank interest rates - loans to households for house purchase with an interest rate fixation period of over one & up to five years (new business) ,"Germany, Annualised agreed rate (AAR) / Narrowly defined effective rate (NDER), Credit and other institutions (MFI except MMFs and central banks) reporting sector - Lending for house purchase excluding revolving loans and overdrafts, convenience and extended credit card debt, Over 1 and up to 5 years initial rate fixation, New business coverage, Households and non-profit institutions serving households (S.14 and S.15) sector, denominated in Euro",PCPA,0
MIR.M.DE.B.A2C.I.R.A.2250.EUR.N,M,DE,B,A2C,I,R,A,2250,EUR,N,2011-09,3.49,A,F,,,P1M,,A,,,,,,,,,,4,,DE2,Bank interest rates - loans to households for house purchase with an interest rate fixation period of over one & up to five years (new business) ,"Germany, Annualised agreed rate (AAR) / Narrowly defined effective rate (NDER), Credit and other institutions (MFI except MMFs and central banks) reporting sector - Lending for house purchase excluding revolving loans and overdrafts, convenience and extended credit card debt, Over 1 and up to 5 years initial rate fixation, New business coverage, Households and non-profit institutions serving households (S.14 and S.15) sector, denominated in Euro",PCPA,0
MIR.M.DE.B.A2C.I.R.A.2250.EUR.N,M,DE,B,A2C,I,R,A,2250,EUR,N,2011-10,3.36,A,F,,,P1M,,A,,,,,,,,,,4,,DE2,Bank interest rates - loans to households for house purchase with an interest rate fixation period of over one & up to five years (new business) ,"Germany, Annualised agreed rate (AAR) / Narrowly defined effective rate (NDER), Credit and other institutions (MFI except MMFs and central banks) reporting sector - Lending for house purchase excluding revolving loans and overdrafts, convenience and extended credit card debt, Over 1 and up to 5 years initial rate fixation, New business coverage, Households and non-profit institutions serving households (S.14 and S.15) sector, denominated in Euro",PCPA,0
MIR.M.DE.B.A2C.I.R.A.2250.EUR.N,M,DE,B,A2C,I,R,A,2250,EUR,N,2011-11,3.29,A,F,,,P1M,,A,,,,,,,,,,4,,DE2,Bank interest rates - loans to households for house purchase with an interest rate fixation period of over one & up to five years (new business) ,"Germany, Annualised agreed rate (AAR) / Narrowly defined effective rate (NDER), Credit and other institutions (MFI except MMFs and central banks) reporting sector - Lending for house purchase excluding revolving loans and overdrafts, convenience and extended credit card debt, Over 1 and up to 5 years initial rate fixation, New business coverage, Households and non-profit institutions serving households (S.14 and S.15) sector, denominated in Euro",PCPA,0
MIR.M.DE.B.A2C.I.R.A.2250.EUR.N,M,DE,B,A2C,I,R,A,2250,EUR,N,2011-12,3.24,A,F,,,P1M,,A,,,,,,,,,,4,,DE2,Bank interest rates - loans to households for house purchase with an interest rate fixation period of over one & up to five years (new business) ,"Germany, Annualised agreed rate (AAR) / Narrowly defined effective rate (NDER), Credit and other institutions (MFI except MMFs and central banks) reporting sector - Lending for house purchase excluding revolving loans and overdrafts, convenience and extended credit card debt, Over 1 and up to 5 years initial rate fixation, New business coverage, Households and non-profit institutions serving households (S.14 and S.15) sector, denominated in Euro",PCPA,0
MIR.M.DE.B.A2C.I.R.A.2250.EUR.N,M,DE,B,A2C,I,R,A,2250,EUR,N,2012-01,3.18,A,F,,,P1M,,A,,,,,,,,,,4,,DE2,Bank interest rates - loans to households for house purchase with an interest rate fixation period of over one & up to five years (new business) ,"Germany, Annualised agreed rate (AAR) / Narrowly defined effective rate (NDER), Credit and other institutions (MFI except MMFs and central banks) reporting sector - Lending for house purchase excluding revolving loans and overdrafts, convenience and extended credit card debt, Over 1 and up to 5 years initial rate fixation, New business coverage, Households and non-profit institutions serving households (S.14 and S.15) sector, denominated in Euro",PCPA,0
MIR.M.DE.B.A2C.I.R.A.2250.EUR.N,M,DE,B,A2C,I,R,A,2250,EUR,N,2012-02,3.03,A,F,,,P1M,,A,,,,,,,,,,4,,DE2,Bank interest rates - loans to households for house purchase with an interest rate fixation period of over one & up to five years (new business) ,"Germany, Annualised agreed rate (AAR) / Narrowly defined effective rate (NDER), Credit and other institutions (MFI except MMFs and central banks) reporting sector - Lending for house purchase excluding revolving loans and overdrafts, convenience and extended credit card debt, Over 1 and up to 5 years initial rate fixation, New business coverage, Households and non-profit institutions serving households (S.14 and S.15) sector, denominated in Euro",PCPA,0
MIR.M.DE.B.A2C.I.R.A.2250.EUR.N,M,DE,B,A2C,I,R,A,2250,EUR,N,2012-03,2.93,A,F,,,P1M,,A,,,,,,,,,,4,,DE2,Bank interest rates - loans to households for house purchase with an interest rate fixation period of over one & up to five years (new business) ,"Germany, Annualised agreed rate (AAR) / Narrowly defined effective rate (NDER), Credit and other institutions (MFI except MMFs and central banks) reporting sector - Lending for house purchase excluding revolving loans and overdrafts, convenience and extended credit card debt, Over 1 and up to 5 years initial rate fixation, New business coverage, Households and non-profit institutions serving households (S.14 and S.15) sector, denominated in Euro",PCPA,0
MIR.M.DE.B.A2C.I.R.A.2250.EUR.N,M,DE,B,A2C,I,R,A,2250,EUR,N,2012-04,2.96,A,F,,,P1M,,A,,,,,,,,,,4,,DE2,Bank interest rates - loans to households for house purchase with an interest rate fixation period of over one & up to five years (new business) ,"Germany, Annualised agreed rate (AAR) / Narrowly defined effective rate (NDER), Credit and other institutions (MFI except MMFs and central banks) reporting sector - Lending for house purchase excluding revolving loans and overdrafts, convenience and extended credit card debt, Over 1 and up to 5 years initial rate fixation, New business coverage, Households and non-profit institutions serving households (S.14 and S.15) sector, denominated in Euro",PCPA,0
MIR.M.DE.B.A2C.I.R.A.2250.EUR.N,M,DE,B,A2C,I,R,A,2250,EUR,N,2012-05,2.89,A,F,,,P1M,,A,,,,,,,,,,4,,DE2,Bank interest rates - loans to households for house purchase with an interest rate fixation period of over one & up to five years (new business) ,"Germany, Annualised agreed rate (AAR) / Narrowly defined effective rate (NDER), Credit and other institutions (MFI except MMFs and central banks) reporting sector - Lending for house purchase excluding revolving loans and overdrafts, convenience and extended credit card debt, Over 1 and up to 5 years initial rate fixation, New business coverage, Households and non-profit institutions serving households (S.14 and S.15) sector, denominated in Euro",PCPA,0
MIR.M.DE.B.A2C.I.R.A.2250.EUR.N,M,DE,B,A2C,I,R,A,2250,EUR,N,2012-06,2.78,A,F,,,P1M,,A,,,,,,,,,,4,,DE2,Bank interest rates - loans to households for house purchase with an interest rate fixation period of over one & up to five years (new business) ,"Germany, Annualised agreed rate (AAR) / Narrowly defined effective rate (NDER), Credit and other institutions (MFI except MMFs and central banks) reporting sector - Lending for house purchase excluding revolving loans and overdrafts, convenience and extended credit card debt, Over 1 and up to 5 years initial rate fixation, New business coverage, Households and non-profit institutions serving households (S.14 and S.15) sector, denominated in Euro",PCPA,0
MIR.M.DE.B.A2C.I.R.A.2250.EUR.N,M,DE,B,A2C,I,R,A,2250,EUR,N,2012-07,2.78,A,F,,,P1M,,A,,,,,,,,,,4,,DE2,Bank interest rates - loans to households for house purchase with an interest rate fixation period of over one & up to five years (new business) ,"Germany, Annualised agreed rate (AAR) / Narrowly defined effective rate (NDER), Credit and other institutions (MFI except MMFs and central banks) reporting sector - Lending for house purchase excluding revolving loans and overdrafts, convenience and extended credit card debt, Over 1 and up to 5 years initial rate fixation, New business coverage, Households and non-profit institutions serving households (S.14 and S.15) sector, denominated in Euro",PCPA,0
MIR.M.DE.B.A2C.I.R.A.2250.EUR.N,M,DE,B,A2C,I,R,A,2250,EUR,N,2012-08,2.64,A,F,,,P1M,,A,,,,,,,,,,4,,DE2,Bank interest rates - loans to households for house purchase with an interest rate fixation period of over one & up to five years (new business) ,"Germany, Annualised agreed rate (AAR) / Narrowly defined effective rate (NDER), Credit and other institutions (MFI except MMFs and central banks) reporting sector - Lending for house purchase excluding revolving loans and overdrafts, convenience and extended credit card debt, Over 1 and up to 5 years initial rate fixation, New business coverage, Households and non-profit institutions serving households (S.14 and S.15) sector, denominated in Euro",PCPA,0
MIR.M.DE.B.A2C.I.R.A.2250.EUR.N,M,DE,B,A2C,I,R,A,2250,EUR,N,2012-09,2.58,A,F,,,P1M,,A,,,,,,,,,,4,,DE2,Bank interest rates - loans to households for house purchase with an interest rate fixation period of over one & up to five years (new business) ,"Germany, Annualised agreed rate (AAR) / Narrowly defined effective rate (NDER), Credit and other institutions (MFI except MMFs and central banks) reporting sector - Lending for house purchase excluding revolving loans and overdrafts, convenience and extended credit card debt, Over 1 and up to 5 years initial rate fixation, New business coverage, Households and non-profit institutions serving households (S.14 and S.15) sector, denominated in Euro",PCPA,0
MIR.M.DE.B.A2C.I.R.A.2250.EUR.N,M,DE,B,A2C,I,R,A,2250,EUR,N,2012-10,2.59,A,F,,,P1M,,A,,,,,,,,,,4,,DE2,Bank interest rates - loans to households for house purchase with an interest rate fixation period of over one & up to five years (new business) ,"Germany, Annualised agreed rate (AAR) / Narrowly defined effective rate (NDER), Credit and other institutions (MFI except MMFs and central banks) reporting sector - Lending for house purchase excluding revolving loans and overdrafts, convenience and extended credit card debt, Over 1 and up to 5 years initial rate fixation, New business coverage, Households and non-profit institutions serving households (S.14 and S.15) sector, denominated in Euro",PCPA,0
MIR.M.DE.B.A2C.I.R.A.2250.EUR.N,M,DE,B,A2C,I,R,A,2250,EUR,N,2012-11,2.43,A,F,,,P1M,,A,,,,,,,,,,4,,DE2,Bank interest rates - loans to households for house purchase with an interest rate fixation period of over one & up to five years (new business) ,"Germany, Annualised agreed rate (AAR) / Narrowly defined effective rate (NDER), Credit and other institutions (MFI except MMFs and central banks) reporting sector - Lending for house purchase excluding revolving loans and overdrafts, convenience and extended credit card debt, Over 1 and up to 5 years initial rate fixation, New business coverage, Households and non-profit institutions serving households (S.14 and S.15) sector, denominated in Euro",PCPA,0
MIR.M.DE.B.A2C.I.R.A.2250.EUR.N,M,DE,B,A2C,I,R,A,2250,EUR,N,2012-12,2.51,A,F,,,P1M,,A,,,,,,,,,,4,,DE2,Bank interest rates - loans to households for house purchase with an interest rate fixation period of over one & up to five years (new business) ,"Germany, Annualised agreed rate (AAR) / Narrowly defined effective rate (NDER), Credit and other institutions (MFI except MMFs and central banks) reporting sector - Lending for house purchase excluding revolving loans and overdrafts, convenience and extended credit card debt, Over 1 and up to 5 years initial rate fixation, New business coverage, Households and non-profit institutions serving households (S.14 and S.15) sector, denominated in Euro",PCPA,0
MIR.M.DE.B.A2C.I.R.A.2250.EUR.N,M,DE,B,A2C,I,R,A,2250,EUR,N,2013-01,2.49,A,F,,,P1M,,A,,,,,,,,,,4,,DE2,Bank interest rates - loans to households for house purchase with an interest rate fixation period of over one & up to five years (new business) ,"Germany, Annualised agreed rate (AAR) / Narrowly defined effective rate (NDER), Credit and other institutions (MFI except MMFs and central banks) reporting sector - Lending for house purchase excluding revolving loans and overdrafts, convenience and extended credit card debt, Over 1 and up to 5 years initial rate fixation, New business coverage, Households and non-profit institutions serving households (S.14 and S.15) sector, denominated in Euro",PCPA,0
MIR.M.DE.B.A2C.I.R.A.2250.EUR.N,M,DE,B,A2C,I,R,A,2250,EUR,N,2013-02,2.45,A,F,,,P1M,,A,,,,,,,,,,4,,DE2,Bank interest rates - loans to households for house purchase with an interest rate fixation period of over one & up to five years (new business) ,"Germany, Annualised agreed rate (AAR) / Narrowly defined effective rate (NDER), Credit and other institutions (MFI except MMFs and central banks) reporting sector - Lending for house purchase excluding revolving loans and overdrafts, convenience and extended credit card debt, Over 1 and up to 5 years initial rate fixation, New business coverage, Households and non-profit institutions serving households (S.14 and S.15) sector, denominated in Euro",PCPA,0
MIR.M.DE.B.A2C.I.R.A.2250.EUR.N,M,DE,B,A2C,I,R,A,2250,EUR,N,2013-03,2.5,A,F,,,P1M,,A,,,,,,,,,,4,,DE2,Bank interest rates - loans to households for house purchase with an interest rate fixation period of over one & up to five years (new business) ,"Germany, Annualised agreed rate (AAR) / Narrowly defined effective rate (NDER), Credit and other institutions (MFI except MMFs and central banks) reporting sector - Lending for house purchase excluding revolving loans and overdrafts, convenience and extended credit card debt, Over 1 and up to 5 years initial rate fixation, New business coverage, Households and non-profit institutions serving households (S.14 and S.15) sector, denominated in Euro",PCPA,0
MIR.M.DE.B.A2C.I.R.A.2250.EUR.N,M,DE,B,A2C,I,R,A,2250,EUR,N,2013-04,2.47,A,F,,,P1M,,A,,,,,,,,,,4,,DE2,Bank interest rates - loans to households for house purchase with an interest rate fixation period of over one & up to five years (new business) ,"Germany, Annualised agreed rate (AAR) / Narrowly defined effective rate (NDER), Credit and other institutions (MFI except MMFs and central banks) reporting sector - Lending for house purchase excluding revolving loans and overdrafts, convenience and extended credit card debt, Over 1 and up to 5 years initial rate fixation, New business coverage, Households and non-profit institutions serving households (S.14 and S.15) sector, denominated in Euro",PCPA,0
MIR.M.DE.B.A2C.I.R.A.2250.EUR.N,M,DE,B,A2C,I,R,A,2250,EUR,N,2013-05,2.39,A,F,,,P1M,,A,,,,,,,,,,4,,DE2,Bank interest rates - loans to households for house purchase with an interest rate fixation period of over one & up to five years (new business) ,"Germany, Annualised agreed rate (AAR) / Narrowly defined effective rate (NDER), Credit and other institutions (MFI except MMFs and central banks) reporting sector - Lending for house purchase excluding revolving loans and overdrafts, convenience and extended credit card debt, Over 1 and up to 5 years initial rate fixation, New business coverage, Households and non-profit institutions serving households (S.14 and S.15) sector, denominated in Euro",PCPA,0
MIR.M.DE.B.A2C.I.R.A.2250.EUR.N,M,DE,B,A2C,I,R,A,2250,EUR,N,2013-06,2.29,A,F,,,P1M,,A,,,,,,,,,,4,,DE2,Bank interest rates - loans to households for house purchase with an interest rate fixation period of over one & up to five years (new business) ,"Germany, Annualised agreed rate (AAR) / Narrowly defined effective rate (NDER), Credit and other institutions (MFI except MMFs and central banks) reporting sector - Lending for house purchase excluding revolving loans and overdrafts, convenience and extended credit card debt, Over 1 and up to 5 years initial rate fixation, New business coverage, Households and non-profit institutions serving households (S.14 and S.15) sector, denominated in Euro",PCPA,0
MIR.M.DE.B.A2C.I.R.A.2250.EUR.N,M,DE,B,A2C,I,R,A,2250,EUR,N,2013-07,2.36,A,F,,,P1M,,A,,,,,,,,,,4,,DE2,Bank interest rates - loans to households for house purchase with an interest rate fixation period of over one & up to five years (new business) ,"Germany, Annualised agreed rate (AAR) / Narrowly defined effective rate (NDER), Credit and other institutions (MFI except MMFs and central banks) reporting sector - Lending for house purchase excluding revolving loans and overdrafts, convenience and extended credit card debt, Over 1 and up to 5 years initial rate fixation, New business coverage, Households and non-profit institutions serving households (S.14 and S.15) sector, denominated in Euro",PCPA,0
MIR.M.DE.B.A2C.I.R.A.2250.EUR.N,M,DE,B,A2C,I,R,A,2250,EUR,N,2013-08,2.46,A,F,,,P1M,,A,,,,,,,,,,4,,DE2,Bank interest rates - loans to households for house purchase with an interest rate fixation period of over one & up to five years (new business) ,"Germany, Annualised agreed rate (AAR) / Narrowly defined effective rate (NDER), Credit and other institutions (MFI except MMFs and central banks) reporting sector - Lending for house purchase excluding revolving loans and overdrafts, convenience and extended credit card debt, Over 1 and up to 5 years initial rate fixation, New business coverage, Households and non-profit institutions serving households (S.14 and S.15) sector, denominated in Euro",PCPA,0
MIR.M.DE.B.A2C.I.R.A.2250.EUR.N,M,DE,B,A2C,I,R,A,2250,EUR,N,2013-09,2.45,A,F,,,P1M,,A,,,,,,,,,,4,,DE2,Bank interest rates - loans to households for house purchase with an interest rate fixation period of over one & up to five years (new business) ,"Germany, Annualised agreed rate (AAR) / Narrowly defined effective rate (NDER), Credit and other institutions (MFI except MMFs and central banks) reporting sector - Lending for house purchase excluding revolving loans and overdrafts, convenience and extended credit card debt, Over 1 and up to 5 years initial rate fixation, New business coverage, Households and non-profit institutions serving households (S.14 and S.15) sector, denominated in Euro",PCPA,0
MIR.M.DE.B.A2C.I.R.A.2250.EUR.N,M,DE,B,A2C,I,R,A,2250,EUR,N,2013-10,2.53,A,F,,,P1M,,A,,,,,,,,,,4,,DE2,Bank interest rates - loans to households for house purchase with an interest rate fixation period of over one & up to five years (new business) ,"Germany, Annualised agreed rate (AAR) / Narrowly defined effective rate (NDER), Credit and other institutions (MFI except MMFs and central banks) reporting sector - Lending for house purchase excluding revolving loans and overdrafts, convenience and extended credit card debt, Over 1 and up to 5 years initial rate fixation, New business coverage, Households and non-profit institutions serving households (S.14 and S.15) sector, denominated in Euro",PCPA,0
MIR.M.DE.B.A2C.I.R.A.2250.EUR.N,M,DE,B,A2C,I,R,A,2250,EUR,N,2013-11,2.5,A,F,,,P1M,,A,,,,,,,,,,4,,DE2,Bank interest rates - loans to households for house purchase with an interest rate fixation period of over one & up to five years (new business) ,"Germany, Annualised agreed rate (AAR) / Narrowly defined effective rate (NDER), Credit and other institutions (MFI except MMFs and central banks) reporting sector - Lending for house purchase excluding revolving loans and overdrafts, convenience and extended credit card debt, Over 1 and up to 5 years initial rate fixation, New business coverage, Households and non-profit institutions serving households (S.14 and S.15) sector, denominated in Euro",PCPA,0
MIR.M.DE.B.A2C.I.R.A.2250.EUR.N,M,DE,B,A2C,I,R,A,2250,EUR,N,2013-12,2.44,A,F,,,P1M,,A,,,,,,,,,,4,,DE2,Bank interest rates - loans to households for house purchase with an interest rate fixation period of over one & up to five years (new business) ,"Germany, Annualised agreed rate (AAR) / Narrowly defined effective rate (NDER), Credit and other institutions (MFI except MMFs and central banks) reporting sector - Lending for house purchase excluding revolving loans and overdrafts, convenience and extended credit card debt, Over 1 and up to 5 years initial rate fixation, New business coverage, Households and non-profit institutions serving households (S.14 and S.15) sector, denominated in Euro",PCPA,0
MIR.M.DE.B.A2C.I.R.A.2250.EUR.N,M,DE,B,A2C,I,R,A,2250,EUR,N,2014-01,2.51,A,F,,,P1M,,A,,,,,,,,,,4,,DE2,Bank interest rates - loans to households for house purchase with an interest rate fixation period of over one & up to five years (new business) ,"Germany, Annualised agreed rate (AAR) / Narrowly defined effective rate (NDER), Credit and other institutions (MFI except MMFs and central banks) reporting sector - Lending for house purchase excluding revolving loans and overdrafts, convenience and extended credit card debt, Over 1 and up to 5 years initial rate fixation, New business coverage, Households and non-profit institutions serving households (S.14 and S.15) sector, denominated in Euro",PCPA,0
MIR.M.DE.B.A2C.I.R.A.2250.EUR.N,M,DE,B,A2C,I,R,A,2250,EUR,N,2014-02,2.41,A,F,,,P1M,,A,,,,,,,,,,4,,DE2,Bank interest rates - loans to households for house purchase with an interest rate fixation period of over one & up to five years (new business) ,"Germany, Annualised agreed rate (AAR) / Narrowly defined effective rate (NDER), Credit and other institutions (MFI except MMFs and central banks) reporting sector - Lending for house purchase excluding revolving loans and overdrafts, convenience and extended credit card debt, Over 1 and up to 5 years initial rate fixation, New business coverage, Households and non-profit institutions serving households (S.14 and S.15) sector, denominated in Euro",PCPA,0
MIR.M.DE.B.A2C.I.R.A.2250.EUR.N,M,DE,B,A2C,I,R,A,2250,EUR,N,2014-03,2.35,A,F,,,P1M,,A,,,,,,,,,,4,,DE2,Bank interest rates - loans to households for house purchase with an interest rate fixation period of over one & up to five years (new business) ,"Germany, Annualised agreed rate (AAR) / Narrowly defined effective rate (NDER), Credit and other institutions (MFI except MMFs and central banks) reporting sector - Lending for house purchase excluding revolving loans and overdrafts, convenience and extended credit card debt, Over 1 and up to 5 years initial rate fixation, New business coverage, Households and non-profit institutions serving households (S.14 and S.15) sector, denominated in Euro",PCPA,0
MIR.M.DE.B.A2C.I.R.A.2250.EUR.N,M,DE,B,A2C,I,R,A,2250,EUR,N,2014-04,2.36,A,F,,,P1M,,A,,,,,,,,,,4,,DE2,Bank interest rates - loans to households for house purchase with an interest rate fixation period of over one & up to five years (new business) ,"Germany, Annualised agreed rate (AAR) / Narrowly defined effective rate (NDER), Credit and other institutions (MFI except MMFs and central banks) reporting sector - Lending for house purchase excluding revolving loans and overdrafts, convenience and extended credit card debt, Over 1 and up to 5 years initial rate fixation, New business coverage, Households and non-profit institutions serving households (S.14 and S.15) sector, denominated in Euro",PCPA,0
MIR.M.DE.B.A2C.I.R.A.2250.EUR.N,M,DE,B,A2C,I,R,A,2250,EUR,N,2014-05,2.3,A,F,,,P1M,,A,,,,,,,,,,4,,DE2,Bank interest rates - loans to households for house purchase with an interest rate fixation period of over one & up to five years (new business) ,"Germany, Annualised agreed rate (AAR) / Narrowly defined effective rate (NDER), Credit and other institutions (MFI except MMFs and central banks) reporting sector - Lending for house purchase excluding revolving loans and overdrafts, convenience and extended credit card debt, Over 1 and up to 5 years initial rate fixation, New business coverage, Households and non-profit institutions serving households (S.14 and S.15) sector, denominated in Euro",PCPA,0
MIR.M.DE.B.A2C.I.R.A.2250.EUR.N,M,DE,B,A2C,I,R,A,2250,EUR,N,2014-06,2.27,A,F,,,P1M,,A,,,,,,,,,,4,,DE2,Bank interest rates - loans to households for house purchase with an interest rate fixation period of over one & up to five years (new business) ,"Germany, Annualised agreed rate (AAR) / Narrowly defined effective rate (NDER), Credit and other institutions (MFI except MMFs and central banks) reporting sector - Lending for house purchase excluding revolving loans and overdrafts, convenience and extended credit card debt, Over 1 and up to 5 years initial rate fixation, New business coverage, Households and non-profit institutions serving households (S.14 and S.15) sector, denominated in Euro",PCPA,0
MIR.M.DE.B.A2C.I.R.A.2250.EUR.N,M,DE,B,A2C,I,R,A,2250,EUR,N,2014-07,2.18,A,F,,,P1M,,A,,,,,,,,,,4,,DE2,Bank interest rates - loans to households for house purchase with an interest rate fixation period of over one & up to five years (new business) ,"Germany, Annualised agreed rate (AAR) / Narrowly defined effective rate (NDER), Credit and other institutions (MFI except MMFs and central banks) reporting sector - Lending for house purchase excluding revolving loans and overdrafts, convenience and extended credit card debt, Over 1 and up to 5 years initial rate fixation, New business coverage, Households and non-profit institutions serving households (S.14 and S.15) sector, denominated in Euro",PCPA,0
MIR.M.DE.B.A2C.I.R.A.2250.EUR.N,M,DE,B,A2C,I,R,A,2250,EUR,N,2014-08,2.13,A,F,,,P1M,,A,,,,,,,,,,4,,DE2,Bank interest rates - loans to households for house purchase with an interest rate fixation period of over one & up to five years (new business) ,"Germany, Annualised agreed rate (AAR) / Narrowly defined effective rate (NDER), Credit and other institutions (MFI except MMFs and central banks) reporting sector - Lending for house purchase excluding revolving loans and overdrafts, convenience and extended credit card debt, Over 1 and up to 5 years initial rate fixation, New business coverage, Households and non-profit institutions serving households (S.14 and S.15) sector, denominated in Euro",PCPA,0
MIR.M.DE.B.A2C.I.R.A.2250.EUR.N,M,DE,B,A2C,I,R,A,2250,EUR,N,2014-09,2.04,A,F,,,P1M,,A,,,,,,,,,,4,,DE2,Bank interest rates - loans to households for house purchase with an interest rate fixation period of over one & up to five years (new business) ,"Germany, Annualised agreed rate (AAR) / Narrowly defined effective rate (NDER), Credit and other institutions (MFI except MMFs and central banks) reporting sector - Lending for house purchase excluding revolving loans and overdrafts, convenience and extended credit card debt, Over 1 and up to 5 years initial rate fixation, New business coverage, Households and non-profit institutions serving households (S.14 and S.15) sector, denominated in Euro",PCPA,0
MIR.M.DE.B.A2C.I.R.A.2250.EUR.N,M,DE,B,A2C,I,R,A,2250,EUR,N,2014-10,2.03,A,F,,,P1M,,A,,,,,,,,,,4,,DE2,Bank interest rates - loans to households for house purchase with an interest rate fixation period of over one & up to five years (new business) ,"Germany, Annualised agreed rate (AAR) / Narrowly defined effective rate (NDER), Credit and other institutions (MFI except MMFs and central banks) reporting sector - Lending for house purchase excluding revolving loans and overdrafts, convenience and extended credit card debt, Over 1 and up to 5 years initial rate fixation, New business coverage, Households and non-profit institutions serving households (S.14 and S.15) sector, denominated in Euro",PCPA,0
MIR.M.DE.B.A2C.I.R.A.2250.EUR.N,M,DE,B,A2C,I,R,A,2250,EUR,N,2014-11,1.83,A,F,,,P1M,,A,,,,,,,,,,4,,DE2,Bank interest rates - loans to households for house purchase with an interest rate fixation period of over one & up to five years (new business) ,"Germany, Annualised agreed rate (AAR) / Narrowly defined effective rate (NDER), Credit and other institutions (MFI except MMFs and central banks) reporting sector - Lending for house purchase excluding revolving loans and overdrafts, convenience and extended credit card debt, Over 1 and up to 5 years initial rate fixation, New business coverage, Households and non-profit institutions serving households (S.14 and S.15) sector, denominated in Euro",PCPA,0
MIR.M.DE.B.A2C.I.R.A.2250.EUR.N,M,DE,B,A2C,I,R,A,2250,EUR,N,2014-12,1.96,A,F,,,P1M,,A,,,,,,,,,,4,,DE2,Bank interest rates - loans to households for house purchase with an interest rate fixation period of over one & up to five years (new business) ,"Germany, Annualised agreed rate (AAR) / Narrowly defined effective rate (NDER), Credit and other institutions (MFI except MMFs and central banks) reporting sector - Lending for house purchase excluding revolving loans and overdrafts, convenience and extended credit card debt, Over 1 and up to 5 years initial rate fixation, New business coverage, Households and non-profit institutions serving households (S.14 and S.15) sector, denominated in Euro",PCPA,0
MIR.M.DE.B.A2C.I.R.A.2250.EUR.N,M,DE,B,A2C,I,R,A,2250,EUR,N,2015-01,1.95,A,F,,,P1M,,A,,,,,,,,,,4,,DE2,Bank interest rates - loans to households for house purchase with an interest rate fixation period of over one & up to five years (new business) ,"Germany, Annualised agreed rate (AAR) / Narrowly defined effective rate (NDER), Credit and other institutions (MFI except MMFs and central banks) reporting sector - Lending for house purchase excluding revolving loans and overdrafts, convenience and extended credit card debt, Over 1 and up to 5 years initial rate fixation, New business coverage, Households and non-profit institutions serving households (S.14 and S.15) sector, denominated in Euro",PCPA,0
MIR.M.DE.B.A2C.I.R.A.2250.EUR.N,M,DE,B,A2C,I,R,A,2250,EUR,N,2015-02,1.87,A,F,,,P1M,,A,,,,,,,,,,4,,DE2,Bank interest rates - loans to households for house purchase with an interest rate fixation period of over one & up to five years (new business) ,"Germany, Annualised agreed rate (AAR) / Narrowly defined effective rate (NDER), Credit and other institutions (MFI except MMFs and central banks) reporting sector - Lending for house purchase excluding revolving loans and overdrafts, convenience and extended credit card debt, Over 1 and up to 5 years initial rate fixation, New business coverage, Households and non-profit institutions serving households (S.14 and S.15) sector, denominated in Euro",PCPA,0
MIR.M.DE.B.A2C.I.R.A.2250.EUR.N,M,DE,B,A2C,I,R,A,2250,EUR,N,2015-03,1.88,A,F,,,P1M,,A,,,,,,,,,,4,,DE2,Bank interest rates - loans to households for house purchase with an interest rate fixation period of over one & up to five years (new business) ,"Germany, Annualised agreed rate (AAR) / Narrowly defined effective rate (NDER), Credit and other institutions (MFI except MMFs and central banks) reporting sector - Lending for house purchase excluding revolving loans and overdrafts, convenience and extended credit card debt, Over 1 and up to 5 years initial rate fixation, New business coverage, Households and non-profit institutions serving households (S.14 and S.15) sector, denominated in Euro",PCPA,0
MIR.M.DE.B.A2C.I.R.A.2250.EUR.N,M,DE,B,A2C,I,R,A,2250,EUR,N,2015-04,1.83,A,F,,,P1M,,A,,,,,,,,,,4,,DE2,Bank interest rates - loans to households for house purchase with an interest rate fixation period of over one & up to five years (new business) ,"Germany, Annualised agreed rate (AAR) / Narrowly defined effective rate (NDER), Credit and other institutions (MFI except MMFs and central banks) reporting sector - Lending for house purchase excluding revolving loans and overdrafts, convenience and extended credit card debt, Over 1 and up to 5 years initial rate fixation, New business coverage, Households and non-profit institutions serving households (S.14 and S.15) sector, denominated in Euro",PCPA,0
MIR.M.DE.B.A2C.I.R.A.2250.EUR.N,M,DE,B,A2C,I,R,A,2250,EUR,N,2015-05,1.84,A,F,,,P1M,,A,,,,,,,,,,4,,DE2,Bank interest rates - loans to households for house purchase with an interest rate fixation period of over one & up to five years (new business) ,"Germany, Annualised agreed rate (AAR) / Narrowly defined effective rate (NDER), Credit and other institutions (MFI except MMFs and central banks) reporting sector - Lending for house purchase excluding revolving loans and overdrafts, convenience and extended credit card debt, Over 1 and up to 5 years initial rate fixation, New business coverage, Households and non-profit institutions serving households (S.14 and S.15) sector, denominated in Euro",PCPA,0
MIR.M.DE.B.A2C.I.R.A.2250.EUR.N,M,DE,B,A2C,I,R,A,2250,EUR,N,2015-06,1.81,A,F,,,P1M,,A,,,,,,,,,,4,,DE2,Bank interest rates - loans to households for house purchase with an interest rate fixation period of over one & up to five years (new business) ,"Germany, Annualised agreed rate (AAR) / Narrowly defined effective rate (NDER), Credit and other institutions (MFI except MMFs and central banks) reporting sector - Lending for house purchase excluding revolving loans and overdrafts, convenience and extended credit card debt, Over 1 and up to 5 years initial rate fixation, New business coverage, Households and non-profit institutions serving households (S.14 and S.15) sector, denominated in Euro",PCPA,0
MIR.M.DE.B.A2C.I.R.A.2250.EUR.N,M,DE,B,A2C,I,R,A,2250,EUR,N,2015-07,1.91,A,F,,,P1M,,A,,,,,,,,,,4,,DE2,Bank interest rates - loans to households for house purchase with an interest rate fixation period of over one & up to five years (new business) ,"Germany, Annualised agreed rate (AAR) / Narrowly defined effective rate (NDER), Credit and other institutions (MFI except MMFs and central banks) reporting sector - Lending for house purchase excluding revolving loans and overdrafts, convenience and extended credit card debt, Over 1 and up to 5 years initial rate fixation, New business coverage, Households and non-profit institutions serving households (S.14 and S.15) sector, denominated in Euro",PCPA,0
MIR.M.DE.B.A2C.I.R.A.2250.EUR.N,M,DE,B,A2C,I,R,A,2250,EUR,N,2015-08,1.95,A,F,,,P1M,,A,,,,,,,,,,4,,DE2,Bank interest rates - loans to households for house purchase with an interest rate fixation period of over one & up to five years (new business) ,"Germany, Annualised agreed rate (AAR) / Narrowly defined effective rate (NDER), Credit and other institutions (MFI except MMFs and central banks) reporting sector - Lending for house purchase excluding revolving loans and overdrafts, convenience and extended credit card debt, Over 1 and up to 5 years initial rate fixation, New business coverage, Households and non-profit institutions serving households (S.14 and S.15) sector, denominated in Euro",PCPA,0
MIR.M.DE.B.A2C.I.R.A.2250.EUR.N,M,DE,B,A2C,I,R,A,2250,EUR,N,2015-09,1.98,A,F,,,P1M,,A,,,,,,,,,,4,,DE2,Bank interest rates - loans to households for house purchase with an interest rate fixation period of over one & up to five years (new business) ,"Germany, Annualised agreed rate (AAR) / Narrowly defined effective rate (NDER), Credit and other institutions (MFI except MMFs and central banks) reporting sector - Lending for house purchase excluding revolving loans and overdrafts, convenience and extended credit card debt, Over 1 and up to 5 years initial rate fixation, New business coverage, Households and non-profit institutions serving households (S.14 and S.15) sector, denominated in Euro",PCPA,0
MIR.M.DE.B.A2C.I.R.A.2250.EUR.N,M,DE,B,A2C,I,R,A,2250,EUR,N,2015-10,1.99,A,F,,,P1M,,A,,,,,,,,,,4,,DE2,Bank interest rates - loans to households for house purchase with an interest rate fixation period of over one & up to five years (new business) ,"Germany, Annualised agreed rate (AAR) / Narrowly defined effective rate (NDER), Credit and other institutions (MFI except MMFs and central banks) reporting sector - Lending for house purchase excluding revolving loans and overdrafts, convenience and extended credit card debt, Over 1 and up to 5 years initial rate fixation, New business coverage, Households and non-profit institutions serving households (S.14 and S.15) sector, denominated in Euro",PCPA,0
MIR.M.DE.B.A2C.I.R.A.2250.EUR.N,M,DE,B,A2C,I,R,A,2250,EUR,N,2015-11,1.94,A,F,,,P1M,,A,,,,,,,,,,4,,DE2,Bank interest rates - loans to households for house purchase with an interest rate fixation period of over one & up to five years (new business) ,"Germany, Annualised agreed rate (AAR) / Narrowly defined effective rate (NDER), Credit and other institutions (MFI except MMFs and central banks) reporting sector - Lending for house purchase excluding revolving loans and overdrafts, convenience and extended credit card debt, Over 1 and up to 5 years initial rate fixation, New business coverage, Households and non-profit institutions serving households (S.14 and S.15) sector, denominated in Euro",PCPA,0
MIR.M.DE.B.A2C.I.R.A.2250.EUR.N,M,DE,B,A2C,I,R,A,2250,EUR,N,2015-12,1.88,A,F,,,P1M,,A,,,,,,,,,,4,,DE2,Bank interest rates - loans to households for house purchase with an interest rate fixation period of over one & up to five years (new business) ,"Germany, Annualised agreed rate (AAR) / Narrowly defined effective rate (NDER), Credit and other institutions (MFI except MMFs and central banks) reporting sector - Lending for house purchase excluding revolving loans and overdrafts, convenience and extended credit card debt, Over 1 and up to 5 years initial rate fixation, New business coverage, Households and non-profit institutions serving households (S.14 and S.15) sector, denominated in Euro",PCPA,0
MIR.M.DE.B.A2C.I.R.A.2250.EUR.N,M,DE,B,A2C,I,R,A,2250,EUR,N,2016-01,1.87,A,F,,,P1M,,A,,,,,,,,,,4,,DE2,Bank interest rates - loans to households for house purchase with an interest rate fixation period of over one & up to five years (new business) ,"Germany, Annualised agreed rate (AAR) / Narrowly defined effective rate (NDER), Credit and other institutions (MFI except MMFs and central banks) reporting sector - Lending for house purchase excluding revolving loans and overdrafts, convenience and extended credit card debt, Over 1 and up to 5 years initial rate fixation, New business coverage, Households and non-profit institutions serving households (S.14 and S.15) sector, denominated in Euro",PCPA,0
MIR.M.DE.B.A2C.I.R.A.2250.EUR.N,M,DE,B,A2C,I,R,A,2250,EUR,N,2016-02,1.86,A,F,,,P1M,,A,,,,,,,,,,4,,DE2,Bank interest rates - loans to households for house purchase with an interest rate fixation period of over one & up to five years (new business) ,"Germany, Annualised agreed rate (AAR) / Narrowly defined effective rate (NDER), Credit and other institutions (MFI except MMFs and central banks) reporting sector - Lending for house purchase excluding revolving loans and overdrafts, convenience and extended credit card debt, Over 1 and up to 5 years initial rate fixation, New business coverage, Households and non-profit institutions serving households (S.14 and S.15) sector, denominated in Euro",PCPA,0
MIR.M.DE.B.A2C.I.R.A.2250.EUR.N,M,DE,B,A2C,I,R,A,2250,EUR,N,2016-03,1.82,A,F,,,P1M,,A,,,,,,,,,,4,,DE2,Bank interest rates - loans to households for house purchase with an interest rate fixation period of over one & up to five years (new business) ,"Germany, Annualised agreed rate (AAR) / Narrowly defined effective rate (NDER), Credit and other institutions (MFI except MMFs and central banks) reporting sector - Lending for house purchase excluding revolving loans and overdrafts, convenience and extended credit card debt, Over 1 and up to 5 years initial rate fixation, New business coverage, Households and non-profit institutions serving households (S.14 and S.15) sector, denominated in Euro",PCPA,0
MIR.M.DE.B.A2C.I.R.A.2250.EUR.N,M,DE,B,A2C,I,R,A,2250,EUR,N,2016-04,1.82,A,F,,,P1M,,A,,,,,,,,,,4,,DE2,Bank interest rates - loans to households for house purchase with an interest rate fixation period of over one & up to five years (new business) ,"Germany, Annualised agreed rate (AAR) / Narrowly defined effective rate (NDER), Credit and other institutions (MFI except MMFs and central banks) reporting sector - Lending for house purchase excluding revolving loans and overdrafts, convenience and extended credit card debt, Over 1 and up to 5 years initial rate fixation, New business coverage, Households and non-profit institutions serving households (S.14 and S.15) sector, denominated in Euro",PCPA,0
MIR.M.DE.B.A2C.I.R.A.2250.EUR.N,M,DE,B,A2C,I,R,A,2250,EUR,N,2016-05,1.83,A,F,,,P1M,,A,,,,,,,,,,4,,DE2,Bank interest rates - loans to households for house purchase with an interest rate fixation period of over one & up to five years (new business) ,"Germany, Annualised agreed rate (AAR) / Narrowly defined effective rate (NDER), Credit and other institutions (MFI except MMFs and central banks) reporting sector - Lending for house purchase excluding revolving loans and overdrafts, convenience and extended credit card debt, Over 1 and up to 5 years initial rate fixation, New business coverage, Households and non-profit institutions serving households (S.14 and S.15) sector, denominated in Euro",PCPA,0
MIR.M.DE.B.A2C.I.R.A.2250.EUR.N,M,DE,B,A2C,I,R,A,2250,EUR,N,2016-06,1.85,A,F,,,P1M,,A,,,,,,,,,,4,,DE2,Bank interest rates - loans to households for house purchase with an interest rate fixation period of over one & up to five years (new business) ,"Germany, Annualised agreed rate (AAR) / Narrowly defined effective rate (NDER), Credit and other institutions (MFI except MMFs and central banks) reporting sector - Lending for house purchase excluding revolving loans and overdrafts, convenience and extended credit card debt, Over 1 and up to 5 years initial rate fixation, New business coverage, Households and non-profit institutions serving households (S.14 and S.15) sector, denominated in Euro",PCPA,0
MIR.M.DE.B.A2C.I.R.A.2250.EUR.N,M,DE,B,A2C,I,R,A,2250,EUR,N,2016-07,1.79,A,F,,,P1M,,A,,,,,,,,,,4,,DE2,Bank interest rates - loans to households for house purchase with an interest rate fixation period of over one & up to five years (new business) ,"Germany, Annualised agreed rate (AAR) / Narrowly defined effective rate (NDER), Credit and other institutions (MFI except MMFs and central banks) reporting sector - Lending for house purchase excluding revolving loans and overdrafts, convenience and extended credit card debt, Over 1 and up to 5 years initial rate fixation, New business coverage, Households and non-profit institutions serving households (S.14 and S.15) sector, denominated in Euro",PCPA,0
MIR.M.DE.B.A2C.I.R.A.2250.EUR.N,M,DE,B,A2C,I,R,A,2250,EUR,N,2016-08,1.76,A,F,,,P1M,,A,,,,,,,,,,4,,DE2,Bank interest rates - loans to households for house purchase with an interest rate fixation period of over one & up to five years (new business) ,"Germany, Annualised agreed rate (AAR) / Narrowly defined effective rate (NDER), Credit and other institutions (MFI except MMFs and central banks) reporting sector - Lending for house purchase excluding revolving loans and overdrafts, convenience and extended credit card debt, Over 1 and up to 5 years initial rate fixation, New business coverage, Households and non-profit institutions serving households (S.14 and S.15) sector, denominated in Euro",PCPA,0
MIR.M.DE.B.A2C.I.R.A.2250.EUR.N,M,DE,B,A2C,I,R,A,2250,EUR,N,2016-09,1.75,A,F,,,P1M,,A,,,,,,,,,,4,,DE2,Bank interest rates - loans to households for house purchase with an interest rate fixation period of over one & up to five years (new business) ,"Germany, Annualised agreed rate (AAR) / Narrowly defined effective rate (NDER), Credit and other institutions (MFI except MMFs and central banks) reporting sector - Lending for house purchase excluding revolving loans and overdrafts, convenience and extended credit card debt, Over 1 and up to 5 years initial rate fixation, New business coverage, Households and non-profit institutions serving households (S.14 and S.15) sector, denominated in Euro",PCPA,0
MIR.M.DE.B.A2C.I.R.A.2250.EUR.N,M,DE,B,A2C,I,R,A,2250,EUR,N,2016-10,1.62,A,F,,,P1M,,A,,,,,,,,,,4,,DE2,Bank interest rates - loans to households for house purchase with an interest rate fixation period of over one & up to five years (new business) ,"Germany, Annualised agreed rate (AAR) / Narrowly defined effective rate (NDER), Credit and other institutions (MFI except MMFs and central banks) reporting sector - Lending for house purchase excluding revolving loans and overdrafts, convenience and extended credit card debt, Over 1 and up to 5 years initial rate fixation, New business coverage, Households and non-profit institutions serving households (S.14 and S.15) sector, denominated in Euro",PCPA,0
MIR.M.DE.B.A2C.I.R.A.2250.EUR.N,M,DE,B,A2C,I,R,A,2250,EUR,N,2016-11,1.66,A,F,,,P1M,,A,,,,,,,,,,4,,DE2,Bank interest rates - loans to households for house purchase with an interest rate fixation period of over one & up to five years (new business) ,"Germany, Annualised agreed rate (AAR) / Narrowly defined effective rate (NDER), Credit and other institutions (MFI except MMFs and central banks) reporting sector - Lending for house purchase excluding revolving loans and overdrafts, convenience and extended credit card debt, Over 1 and up to 5 years initial rate fixation, New business coverage, Households and non-profit institutions serving households (S.14 and S.15) sector, denominated in Euro",PCPA,0
MIR.M.DE.B.A2C.I.R.A.2250.EUR.N,M,DE,B,A2C,I,R,A,2250,EUR,N,2016-12,1.67,A,F,,,P1M,,A,,,,,,,,,,4,,DE2,Bank interest rates - loans to households for house purchase with an interest rate fixation period of over one & up to five years (new business) ,"Germany, Annualised agreed rate (AAR) / Narrowly defined effective rate (NDER), Credit and other institutions (MFI except MMFs and central banks) reporting sector - Lending for house purchase excluding revolving loans and overdrafts, convenience and extended credit card debt, Over 1 and up to 5 years initial rate fixation, New business coverage, Households and non-profit institutions serving households (S.14 and S.15) sector, denominated in Euro",PCPA,0
MIR.M.DE.B.A2C.I.R.A.2250.EUR.N,M,DE,B,A2C,I,R,A,2250,EUR,N,2017-01,1.66,A,F,,,P1M,,A,,,,,,,,,,4,,DE2,Bank interest rates - loans to households for house purchase with an interest rate fixation period of over one & up to five years (new business) ,"Germany, Annualised agreed rate (AAR) / Narrowly defined effective rate (NDER), Credit and other institutions (MFI except MMFs and central banks) reporting sector - Lending for house purchase excluding revolving loans and overdrafts, convenience and extended credit card debt, Over 1 and up to 5 years initial rate fixation, New business coverage, Households and non-profit institutions serving households (S.14 and S.15) sector, denominated in Euro",PCPA,0
MIR.M.DE.B.A2C.I.R.A.2250.EUR.N,M,DE,B,A2C,I,R,A,2250,EUR,N,2017-02,1.65,A,F,,,P1M,,A,,,,,,,,,,4,,DE2,Bank interest rates - loans to households for house purchase with an interest rate fixation period of over one & up to five years (new business) ,"Germany, Annualised agreed rate (AAR) / Narrowly defined effective rate (NDER), Credit and other institutions (MFI except MMFs and central banks) reporting sector - Lending for house purchase excluding revolving loans and overdrafts, convenience and extended credit card debt, Over 1 and up to 5 years initial rate fixation, New business coverage, Households and non-profit institutions serving households (S.14 and S.15) sector, denominated in Euro",PCPA,0
MIR.M.DE.B.A2C.I.R.A.2250.EUR.N,M,DE,B,A2C,I,R,A,2250,EUR,N,2017-03,1.69,A,F,,,P1M,,A,,,,,,,,,,4,,DE2,Bank interest rates - loans to households for house purchase with an interest rate fixation period of over one & up to five years (new business) ,"Germany, Annualised agreed rate (AAR) / Narrowly defined effective rate (NDER), Credit and other institutions (MFI except MMFs and central banks) reporting sector - Lending for house purchase excluding revolving loans and overdrafts, convenience and extended credit card debt, Over 1 and up to 5 years initial rate fixation, New business coverage, Households and non-profit institutions serving households (S.14 and S.15) sector, denominated in Euro",PCPA,0
MIR.M.DE.B.A2C.I.R.A.2250.EUR.N,M,DE,B,A2C,I,R,A,2250,EUR,N,2017-04,1.73,A,F,,,P1M,,A,,,,,,,,,,4,,DE2,Bank interest rates - loans to households for house purchase with an interest rate fixation period of over one & up to five years (new business) ,"Germany, Annualised agreed rate (AAR) / Narrowly defined effective rate (NDER), Credit and other institutions (MFI except MMFs and central banks) reporting sector - Lending for house purchase excluding revolving loans and overdrafts, convenience and extended credit card debt, Over 1 and up to 5 years initial rate fixation, New business coverage, Households and non-profit institutions serving households (S.14 and S.15) sector, denominated in Euro",PCPA,0
MIR.M.DE.B.A2C.I.R.A.2250.EUR.N,M,DE,B,A2C,I,R,A,2250,EUR,N,2017-05,1.77,A,F,,,P1M,,A,,,,,,,,,,4,,DE2,Bank interest rates - loans to households for house purchase with an interest rate fixation period of over one & up to five years (new business) ,"Germany, Annualised agreed rate (AAR) / Narrowly defined effective rate (NDER), Credit and other institutions (MFI except MMFs and central banks) reporting sector - Lending for house purchase excluding revolving loans and overdrafts, convenience and extended credit card debt, Over 1 and up to 5 years initial rate fixation, New business coverage, Households and non-profit institutions serving households (S.14 and S.15) sector, denominated in Euro",PCPA,0
MIR.M.DE.B.A2C.I.R.A.2250.EUR.N,M,DE,B,A2C,I,R,A,2250,EUR,N,2017-06,1.7,A,F,,,P1M,,A,,,,,,,,,,4,,DE2,Bank interest rates - loans to households for house purchase with an interest rate fixation period of over one & up to five years (new business) ,"Germany, Annualised agreed rate (AAR) / Narrowly defined effective rate (NDER), Credit and other institutions (MFI except MMFs and central banks) reporting sector - Lending for house purchase excluding revolving loans and overdrafts, convenience and extended credit card debt, Over 1 and up to 5 years initial rate fixation, New business coverage, Households and non-profit institutions serving households (S.14 and S.15) sector, denominated in Euro",PCPA,0
MIR.M.DE.B.A2C.I.R.A.2250.EUR.N,M,DE,B,A2C,I,R,A,2250,EUR,N,2017-07,1.68,A,F,,,P1M,,A,,,,,,,,,,4,,DE2,Bank interest rates - loans to households for house purchase with an interest rate fixation period of over one & up to five years (new business) ,"Germany, Annualised agreed rate (AAR) / Narrowly defined effective rate (NDER), Credit and other institutions (MFI except MMFs and central banks) reporting sector - Lending for house purchase excluding revolving loans and overdrafts, convenience and extended credit card debt, Over 1 and up to 5 years initial rate fixation, New business coverage, Households and non-profit institutions serving households (S.14 and S.15) sector, denominated in Euro",PCPA,0
MIR.M.DE.B.A2C.I.R.A.2250.EUR.N,M,DE,B,A2C,I,R,A,2250,EUR,N,2017-08,1.89,A,F,,,P1M,,A,,,,,,,,,,4,,DE2,Bank interest rates - loans to households for house purchase with an interest rate fixation period of over one & up to five years (new business) ,"Germany, Annualised agreed rate (AAR) / Narrowly defined effective rate (NDER), Credit and other institutions (MFI except MMFs and central banks) reporting sector - Lending for house purchase excluding revolving loans and overdrafts, convenience and extended credit card debt, Over 1 and up to 5 years initial rate fixation, New business coverage, Households and non-profit institutions serving households (S.14 and S.15) sector, denominated in Euro",PCPA,0
MIR.M.DE.B.A2C.I.R.A.2250.EUR.N,M,DE,B,A2C,I,R,A,2250,EUR,N,2017-09,1.71,A,F,,,P1M,,A,,,,,,,,,,4,,DE2,Bank interest rates - loans to households for house purchase with an interest rate fixation period of over one & up to five years (new business) ,"Germany, Annualised agreed rate (AAR) / Narrowly defined effective rate (NDER), Credit and other institutions (MFI except MMFs and central banks) reporting sector - Lending for house purchase excluding revolving loans and overdrafts, convenience and extended credit card debt, Over 1 and up to 5 years initial rate fixation, New business coverage, Households and non-profit institutions serving households (S.14 and S.15) sector, denominated in Euro",PCPA,0
MIR.M.DE.B.A2C.I.R.A.2250.EUR.N,M,DE,B,A2C,I,R,A,2250,EUR,N,2017-10,1.7,A,F,,,P1M,,A,,,,,,,,,,4,,DE2,Bank interest rates - loans to households for house purchase with an interest rate fixation period of over one & up to five years (new business) ,"Germany, Annualised agreed rate (AAR) / Narrowly defined effective rate (NDER), Credit and other institutions (MFI except MMFs and central banks) reporting sector - Lending for house purchase excluding revolving loans and overdrafts, convenience and extended credit card debt, Over 1 and up to 5 years initial rate fixation, New business coverage, Households and non-profit institutions serving households (S.14 and S.15) sector, denominated in Euro",PCPA,0
MIR.M.DE.B.A2C.I.R.A.2250.EUR.N,M,DE,B,A2C,I,R,A,2250,EUR,N,2017-11,1.72,A,F,,,P1M,,A,,,,,,,,,,4,,DE2,Bank interest rates - loans to households for house purchase with an interest rate fixation period of over one & up to five years (new business) ,"Germany, Annualised agreed rate (AAR) / Narrowly defined effective rate (NDER), Credit and other institutions (MFI except MMFs and central banks) reporting sector - Lending for house purchase excluding revolving loans and overdrafts, convenience and extended credit card debt, Over 1 and up to 5 years initial rate fixation, New business coverage, Households and non-profit institutions serving households (S.14 and S.15) sector, denominated in Euro",PCPA,0
MIR.M.DE.B.A2C.I.R.A.2250.EUR.N,M,DE,B,A2C,I,R,A,2250,EUR,N,2017-12,1.69,A,F,,,P1M,,A,,,,,,,,,,4,,DE2,Bank interest rates - loans to households for house purchase with an interest rate fixation period of over one & up to five years (new business) ,"Germany, Annualised agreed rate (AAR) / Narrowly defined effective rate (NDER), Credit and other institutions (MFI except MMFs and central banks) reporting sector - Lending for house purchase excluding revolving loans and overdrafts, convenience and extended credit card debt, Over 1 and up to 5 years initial rate fixation, New business coverage, Households and non-profit institutions serving households (S.14 and S.15) sector, denominated in Euro",PCPA,0
MIR.M.DE.B.A2C.I.R.A.2250.EUR.N,M,DE,B,A2C,I,R,A,2250,EUR,N,2018-01,1.69,A,F,,,P1M,,A,,,,,,,,,,4,,DE2,Bank interest rates - loans to households for house purchase with an interest rate fixation period of over one & up to five years (new business) ,"Germany, Annualised agreed rate (AAR) / Narrowly defined effective rate (NDER), Credit and other institutions (MFI except MMFs and central banks) reporting sector - Lending for house purchase excluding revolving loans and overdrafts, convenience and extended credit card debt, Over 1 and up to 5 years initial rate fixation, New business coverage, Households and non-profit institutions serving households (S.14 and S.15) sector, denominated in Euro",PCPA,0
MIR.M.DE.B.A2C.I.R.A.2250.EUR.N,M,DE,B,A2C,I,R,A,2250,EUR,N,2018-02,1.73,A,F,,,P1M,,A,,,,,,,,,,4,,DE2,Bank interest rates - loans to households for house purchase with an interest rate fixation period of over one & up to five years (new business) ,"Germany, Annualised agreed rate (AAR) / Narrowly defined effective rate (NDER), Credit and other institutions (MFI except MMFs and central banks) reporting sector - Lending for house purchase excluding revolving loans and overdrafts, convenience and extended credit card debt, Over 1 and up to 5 years initial rate fixation, New business coverage, Households and non-profit institutions serving households (S.14 and S.15) sector, denominated in Euro",PCPA,0
MIR.M.DE.B.A2C.I.R.A.2250.EUR.N,M,DE,B,A2C,I,R,A,2250,EUR,N,2018-03,1.73,A,F,,,P1M,,A,,,,,,,,,,4,,DE2,Bank interest rates - loans to households for house purchase with an interest rate fixation period of over one & up to five years (new business) ,"Germany, Annualised agreed rate (AAR) / Narrowly defined effective rate (NDER), Credit and other institutions (MFI except MMFs and central banks) reporting sector - Lending for house purchase excluding revolving loans and overdrafts, convenience and extended credit card debt, Over 1 and up to 5 years initial rate fixation, New business coverage, Households and non-profit institutions serving households (S.14 and S.15) sector, denominated in Euro",PCPA,0
MIR.M.DE.B.A2C.I.R.A.2250.EUR.N,M,DE,B,A2C,I,R,A,2250,EUR,N,2018-04,1.72,A,F,,,P1M,,A,,,,,,,,,,4,,DE2,Bank interest rates - loans to households for house purchase with an interest rate fixation period of over one & up to five years (new business) ,"Germany, Annualised agreed rate (AAR) / Narrowly defined effective rate (NDER), Credit and other institutions (MFI except MMFs and central banks) reporting sector - Lending for house purchase excluding revolving loans and overdrafts, convenience and extended credit card debt, Over 1 and up to 5 years initial rate fixation, New business coverage, Households and non-profit institutions serving households (S.14 and S.15) sector, denominated in Euro",PCPA,0
MIR.M.DE.B.A2C.I.R.A.2250.EUR.N,M,DE,B,A2C,I,R,A,2250,EUR,N,2018-05,1.74,A,F,,,P1M,,A,,,,,,,,,,4,,DE2,Bank interest rates - loans to households for house purchase with an interest rate fixation period of over one & up to five years (new business) ,"Germany, Annualised agreed rate (AAR) / Narrowly defined effective rate (NDER), Credit and other institutions (MFI except MMFs and central banks) reporting sector - Lending for house purchase excluding revolving loans and overdrafts, convenience and extended credit card debt, Over 1 and up to 5 years initial rate fixation, New business coverage, Households and non-profit institutions serving households (S.14 and S.15) sector, denominated in Euro",PCPA,0
MIR.M.DE.B.A2C.I.R.A.2250.EUR.N,M,DE,B,A2C,I,R,A,2250,EUR,N,2018-06,1.76,A,F,,,P1M,,A,,,,,,,,,,4,,DE2,Bank interest rates - loans to households for house purchase with an interest rate fixation period of over one & up to five years (new business) ,"Germany, Annualised agreed rate (AAR) / Narrowly defined effective rate (NDER), Credit and other institutions (MFI except MMFs and central banks) reporting sector - Lending for house purchase excluding revolving loans and overdrafts, convenience and extended credit card debt, Over 1 and up to 5 years initial rate fixation, New business coverage, Households and non-profit institutions serving households (S.14 and S.15) sector, denominated in Euro",PCPA,0
MIR.M.DE.B.A2C.I.R.A.2250.EUR.N,M,DE,B,A2C,I,R,A,2250,EUR,N,2018-07,1.74,A,F,,,P1M,,A,,,,,,,,,,4,,DE2,Bank interest rates - loans to households for house purchase with an interest rate fixation period of over one & up to five years (new business) ,"Germany, Annualised agreed rate (AAR) / Narrowly defined effective rate (NDER), Credit and other institutions (MFI except MMFs and central banks) reporting sector - Lending for house purchase excluding revolving loans and overdrafts, convenience and extended credit card debt, Over 1 and up to 5 years initial rate fixation, New business coverage, Households and non-profit institutions serving households (S.14 and S.15) sector, denominated in Euro",PCPA,0
MIR.M.DE.B.A2C.I.R.A.2250.EUR.N,M,DE,B,A2C,I,R,A,2250,EUR,N,2018-08,1.7,A,F,,,P1M,,A,,,,,,,,,,4,,DE2,Bank interest rates - loans to households for house purchase with an interest rate fixation period of over one & up to five years (new business) ,"Germany, Annualised agreed rate (AAR) / Narrowly defined effective rate (NDER), Credit and other institutions (MFI except MMFs and central banks) reporting sector - Lending for house purchase excluding revolving loans and overdrafts, convenience and extended credit card debt, Over 1 and up to 5 years initial rate fixation, New business coverage, Households and non-profit institutions serving households (S.14 and S.15) sector, denominated in Euro",PCPA,0
MIR.M.DE.B.A2C.I.R.A.2250.EUR.N,M,DE,B,A2C,I,R,A,2250,EUR,N,2018-09,1.71,A,F,,,P1M,,A,,,,,,,,,,4,,DE2,Bank interest rates - loans to households for house purchase with an interest rate fixation period of over one & up to five years (new business) ,"Germany, Annualised agreed rate (AAR) / Narrowly defined effective rate (NDER), Credit and other institutions (MFI except MMFs and central banks) reporting sector - Lending for house purchase excluding revolving loans and overdrafts, convenience and extended credit card debt, Over 1 and up to 5 years initial rate fixation, New business coverage, Households and non-profit institutions serving households (S.14 and S.15) sector, denominated in Euro",PCPA,0
MIR.M.DE.B.A2C.I.R.A.2250.EUR.N,M,DE,B,A2C,I,R,A,2250,EUR,N,2018-10,1.68,A,F,,,P1M,,A,,,,,,,,,,4,,DE2,Bank interest rates - loans to households for house purchase with an interest rate fixation period of over one & up to five years (new business) ,"Germany, Annualised agreed rate (AAR) / Narrowly defined effective rate (NDER), Credit and other institutions (MFI except MMFs and central banks) reporting sector - Lending for house purchase excluding revolving loans and overdrafts, convenience and extended credit card debt, Over 1 and up to 5 years initial rate fixation, New business coverage, Households and non-profit institutions serving households (S.14 and S.15) sector, denominated in Euro",PCPA,0
MIR.M.DE.B.A2C.I.R.A.2250.EUR.N,M,DE,B,A2C,I,R,A,2250,EUR,N,2018-11,1.74,A,F,,,P1M,,A,,,,,,,,,,4,,DE2,Bank interest rates - loans to households for house purchase with an interest rate fixation period of over one & up to five years (new business) ,"Germany, Annualised agreed rate (AAR) / Narrowly defined effective rate (NDER), Credit and other institutions (MFI except MMFs and central banks) reporting sector - Lending for house purchase excluding revolving loans and overdrafts, convenience and extended credit card debt, Over 1 and up to 5 years initial rate fixation, New business coverage, Households and non-profit institutions serving households (S.14 and S.15) sector, denominated in Euro",PCPA,0
MIR.M.DE.B.A2C.I.R.A.2250.EUR.N,M,DE,B,A2C,I,R,A,2250,EUR,N,2018-12,1.71,A,F,,,P1M,,A,,,,,,,,,,4,,DE2,Bank interest rates - loans to households for house purchase with an interest rate fixation period of over one & up to five years (new business) ,"Germany, Annualised agreed rate (AAR) / Narrowly defined effective rate (NDER), Credit and other institutions (MFI except MMFs and central banks) reporting sector - Lending for house purchase excluding revolving loans and overdrafts, convenience and extended credit card debt, Over 1 and up to 5 years initial rate fixation, New business coverage, Households and non-profit institutions serving households (S.14 and S.15) sector, denominated in Euro",PCPA,0
MIR.M.DE.B.A2C.I.R.A.2250.EUR.N,M,DE,B,A2C,I,R,A,2250,EUR,N,2019-01,1.69,A,F,,,P1M,,A,,,,,,,,,,4,,DE2,Bank interest rates - loans to households for house purchase with an interest rate fixation period of over one & up to five years (new business) ,"Germany, Annualised agreed rate (AAR) / Narrowly defined effective rate (NDER), Credit and other institutions (MFI except MMFs and central banks) reporting sector - Lending for house purchase excluding revolving loans and overdrafts, convenience and extended credit card debt, Over 1 and up to 5 years initial rate fixation, New business coverage, Households and non-profit institutions serving households (S.14 and S.15) sector, denominated in Euro",PCPA,0
MIR.M.DE.B.A2C.I.R.A.2250.EUR.N,M,DE,B,A2C,I,R,A,2250,EUR,N,2019-02,1.65,A,F,,,P1M,,A,,,,,,,,,,4,,DE2,Bank interest rates - loans to households for house purchase with an interest rate fixation period of over one & up to five years (new business) ,"Germany, Annualised agreed rate (AAR) / Narrowly defined effective rate (NDER), Credit and other institutions (MFI except MMFs and central banks) reporting sector - Lending for house purchase excluding revolving loans and overdrafts, convenience and extended credit card debt, Over 1 and up to 5 years initial rate fixation, New business coverage, Households and non-profit institutions serving households (S.14 and S.15) sector, denominated in Euro",PCPA,0
MIR.M.DE.B.A2C.I.R.A.2250.EUR.N,M,DE,B,A2C,I,R,A,2250,EUR,N,2019-03,1.64,A,F,,,P1M,,A,,,,,,,,,,4,,DE2,Bank interest rates - loans to households for house purchase with an interest rate fixation period of over one & up to five years (new business) ,"Germany, Annualised agreed rate (AAR) / Narrowly defined effective rate (NDER), Credit and other institutions (MFI except MMFs and central banks) reporting sector - Lending for house purchase excluding revolving loans and overdrafts, convenience and extended credit card debt, Over 1 and up to 5 years initial rate fixation, New business coverage, Households and non-profit institutions serving households (S.14 and S.15) sector, denominated in Euro",PCPA,0
MIR.M.DE.B.A2C.I.R.A.2250.EUR.N,M,DE,B,A2C,I,R,A,2250,EUR,N,2019-04,1.48,A,F,,,P1M,,A,,,,,,,,,,4,,DE2,Bank interest rates - loans to households for house purchase with an interest rate fixation period of over one & up to five years (new business) ,"Germany, Annualised agreed rate (AAR) / Narrowly defined effective rate (NDER), Credit and other institutions (MFI except MMFs and central banks) reporting sector - Lending for house purchase excluding revolving loans and overdrafts, convenience and extended credit card debt, Over 1 and up to 5 years initial rate fixation, New business coverage, Households and non-profit institutions serving households (S.14 and S.15) sector, denominated in Euro",PCPA,0
MIR.M.DE.B.A2C.I.R.A.2250.EUR.N,M,DE,B,A2C,I,R,A,2250,EUR,N,2019-05,1.5,A,F,,,P1M,,A,,,,,,,,,,4,,DE2,Bank interest rates - loans to households for house purchase with an interest rate fixation period of over one & up to five years (new business) ,"Germany, Annualised agreed rate (AAR) / Narrowly defined effective rate (NDER), Credit and other institutions (MFI except MMFs and central banks) reporting sector - Lending for house purchase excluding revolving loans and overdrafts, convenience and extended credit card debt, Over 1 and up to 5 years initial rate fixation, New business coverage, Households and non-profit institutions serving households (S.14 and S.15) sector, denominated in Euro",PCPA,0
MIR.M.DE.B.A2C.I.R.A.2250.EUR.N,M,DE,B,A2C,I,R,A,2250,EUR,N,2019-06,1.44,A,F,,,P1M,,A,,,,,,,,,,4,,DE2,Bank interest rates - loans to households for house purchase with an interest rate fixation period of over one & up to five years (new business) ,"Germany, Annualised agreed rate (AAR) / Narrowly defined effective rate (NDER), Credit and other institutions (MFI except MMFs and central banks) reporting sector - Lending for house purchase excluding revolving loans and overdrafts, convenience and extended credit card debt, Over 1 and up to 5 years initial rate fixation, New business coverage, Households and non-profit institutions serving households (S.14 and S.15) sector, denominated in Euro",PCPA,0
MIR.M.DE.B.A2C.I.R.A.2250.EUR.N,M,DE,B,A2C,I,R,A,2250,EUR,N,2019-07,1.43,A,F,,,P1M,,A,,,,,,,,,,4,,DE2,Bank interest rates - loans to households for house purchase with an interest rate fixation period of over one & up to five years (new business) ,"Germany, Annualised agreed rate (AAR) / Narrowly defined effective rate (NDER), Credit and other institutions (MFI except MMFs and central banks) reporting sector - Lending for house purchase excluding revolving loans and overdrafts, convenience and extended credit card debt, Over 1 and up to 5 years initial rate fixation, New business coverage, Households and non-profit institutions serving households (S.14 and S.15) sector, denominated in Euro",PCPA,0
MIR.M.DE.B.A2C.I.R.A.2250.EUR.N,M,DE,B,A2C,I,R,A,2250,EUR,N,2019-08,1.38,A,F,,,P1M,,A,,,,,,,,,,4,,DE2,Bank interest rates - loans to households for house purchase with an interest rate fixation period of over one & up to five years (new business) ,"Germany, Annualised agreed rate (AAR) / Narrowly defined effective rate (NDER), Credit and other institutions (MFI except MMFs and central banks) reporting sector - Lending for house purchase excluding revolving loans and overdrafts, convenience and extended credit card debt, Over 1 and up to 5 years initial rate fixation, New business coverage, Households and non-profit institutions serving households (S.14 and S.15) sector, denominated in Euro",PCPA,0
MIR.M.DE.B.A2C.I.R.A.2250.EUR.N,M,DE,B,A2C,I,R,A,2250,EUR,N,2019-09,1.38,A,F,,,P1M,,A,,,,,,,,,,4,,DE2,Bank interest rates - loans to households for house purchase with an interest rate fixation period of over one & up to five years (new business) ,"Germany, Annualised agreed rate (AAR) / Narrowly defined effective rate (NDER), Credit and other institutions (MFI except MMFs and central banks) reporting sector - Lending for house purchase excluding revolving loans and overdrafts, convenience and extended credit card debt, Over 1 and up to 5 years initial rate fixation, New business coverage, Households and non-profit institutions serving households (S.14 and S.15) sector, denominated in Euro",PCPA,0
MIR.M.DE.B.A2C.I.R.A.2250.EUR.N,M,DE,B,A2C,I,R,A,2250,EUR,N,2019-10,1.31,A,F,,,P1M,,A,,,,,,,,,,4,,DE2,Bank interest rates - loans to households for house purchase with an interest rate fixation period of over one & up to five years (new business) ,"Germany, Annualised agreed rate (AAR) / Narrowly defined effective rate (NDER), Credit and other institutions (MFI except MMFs and central banks) reporting sector - Lending for house purchase excluding revolving loans and overdrafts, convenience and extended credit card debt, Over 1 and up to 5 years initial rate fixation, New business coverage, Households and non-profit institutions serving households (S.14 and S.15) sector, denominated in Euro",PCPA,0
MIR.M.DE.B.A2C.I.R.A.2250.EUR.N,M,DE,B,A2C,I,R,A,2250,EUR,N,2019-11,1.3,A,F,,,P1M,,A,,,,,,,,,,4,,DE2,Bank interest rates - loans to households for house purchase with an interest rate fixation period of over one & up to five years (new business) ,"Germany, Annualised agreed rate (AAR) / Narrowly defined effective rate (NDER), Credit and other institutions (MFI except MMFs and central banks) reporting sector - Lending for house purchase excluding revolving loans and overdrafts, convenience and extended credit card debt, Over 1 and up to 5 years initial rate fixation, New business coverage, Households and non-profit institutions serving households (S.14 and S.15) sector, denominated in Euro",PCPA,0
MIR.M.DE.B.A2C.I.R.A.2250.EUR.N,M,DE,B,A2C,I,R,A,2250,EUR,N,2019-12,1.37,A,F,,,P1M,,A,,,,,,,,,,4,,DE2,Bank interest rates - loans to households for house purchase with an interest rate fixation period of over one & up to five years (new business) ,"Germany, Annualised agreed rate (AAR) / Narrowly defined effective rate (NDER), Credit and other institutions (MFI except MMFs and central banks) reporting sector - Lending for house purchase excluding revolving loans and overdrafts, convenience and extended credit card debt, Over 1 and up to 5 years initial rate fixation, New business coverage, Households and non-profit institutions serving households (S.14 and S.15) sector, denominated in Euro",PCPA,0
MIR.M.DE.B.A2C.I.R.A.2250.EUR.N,M,DE,B,A2C,I,R,A,2250,EUR,N,2020-01,1.32,A,F,,,P1M,,A,,,,,,,,,,4,,DE2,Bank interest rates - loans to households for house purchase with an interest rate fixation period of over one & up to five years (new business) ,"Germany, Annualised agreed rate (AAR) / Narrowly defined effective rate (NDER), Credit and other institutions (MFI except MMFs and central banks) reporting sector - Lending for house purchase excluding revolving loans and overdrafts, convenience and extended credit card debt, Over 1 and up to 5 years initial rate fixation, New business coverage, Households and non-profit institutions serving households (S.14 and S.15) sector, denominated in Euro",PCPA,0
MIR.M.DE.B.A2C.I.R.A.2250.EUR.N,M,DE,B,A2C,I,R,A,2250,EUR,N,2020-02,1.33,A,F,,,P1M,,A,,,,,,,,,,4,,DE2,Bank interest rates - loans to households for house purchase with an interest rate fixation period of over one & up to five years (new business) ,"Germany, Annualised agreed rate (AAR) / Narrowly defined effective rate (NDER), Credit and other institutions (MFI except MMFs and central banks) reporting sector - Lending for house purchase excluding revolving loans and overdrafts, convenience and extended credit card debt, Over 1 and up to 5 years initial rate fixation, New business coverage, Households and non-profit institutions serving households (S.14 and S.15) sector, denominated in Euro",PCPA,0
MIR.M.DE.B.A2C.I.R.A.2250.EUR.N,M,DE,B,A2C,I,R,A,2250,EUR,N,2020-03,1.32,A,F,,,P1M,,A,,,,,,,,,,4,,DE2,Bank interest rates - loans to households for house purchase with an interest rate fixation period of over one & up to five years (new business) ,"Germany, Annualised agreed rate (AAR) / Narrowly defined effective rate (NDER), Credit and other institutions (MFI except MMFs and central banks) reporting sector - Lending for house purchase excluding revolving loans and overdrafts, convenience and extended credit card debt, Over 1 and up to 5 years initial rate fixation, New business coverage, Households and non-profit institutions serving households (S.14 and S.15) sector, denominated in Euro",PCPA,0
MIR.M.DE.B.A2C.I.R.A.2250.EUR.N,M,DE,B,A2C,I,R,A,2250,EUR,N,2020-04,1.32,A,F,,,P1M,,A,,,,,,,,,,4,,DE2,Bank interest rates - loans to households for house purchase with an interest rate fixation period of over one & up to five years (new business) ,"Germany, Annualised agreed rate (AAR) / Narrowly defined effective rate (NDER), Credit and other institutions (MFI except MMFs and central banks) reporting sector - Lending for house purchase excluding revolving loans and overdrafts, convenience and extended credit card debt, Over 1 and up to 5 years initial rate fixation, New business coverage, Households and non-profit institutions serving households (S.14 and S.15) sector, denominated in Euro",PCPA,0
MIR.M.DE.B.A2C.I.R.A.2250.EUR.N,M,DE,B,A2C,I,R,A,2250,EUR,N,2020-05,1.47,A,F,,,P1M,,A,,,,,,,,,,4,,DE2,Bank interest rates - loans to households for house purchase with an interest rate fixation period of over one & up to five years (new business) ,"Germany, Annualised agreed rate (AAR) / Narrowly defined effective rate (NDER), Credit and other institutions (MFI except MMFs and central banks) reporting sector - Lending for house purchase excluding revolving loans and overdrafts, convenience and extended credit card debt, Over 1 and up to 5 years initial rate fixation, New business coverage, Households and non-profit institutions serving households (S.14 and S.15) sector, denominated in Euro",PCPA,0
MIR.M.DE.B.A2C.I.R.A.2250.EUR.N,M,DE,B,A2C,I,R,A,2250,EUR,N,2020-06,1.59,A,F,,,P1M,,A,,,,,,,,,,4,,DE2,Bank interest rates - loans to households for house purchase with an interest rate fixation period of over one & up to five years (new business) ,"Germany, Annualised agreed rate (AAR) / Narrowly defined effective rate (NDER), Credit and other institutions (MFI except MMFs and central banks) reporting sector - Lending for house purchase excluding revolving loans and overdrafts, convenience and extended credit card debt, Over 1 and up to 5 years initial rate fixation, New business coverage, Households and non-profit institutions serving households (S.14 and S.15) sector, denominated in Euro",PCPA,0
MIR.M.DE.B.A2C.I.R.A.2250.EUR.N,M,DE,B,A2C,I,R,A,2250,EUR,N,2020-07,1.39,A,F,,,P1M,,A,,,,,,,,,,4,,DE2,Bank interest rates - loans to households for house purchase with an interest rate fixation period of over one & up to five years (new business) ,"Germany, Annualised agreed rate (AAR) / Narrowly defined effective rate (NDER), Credit and other institutions (MFI except MMFs and central banks) reporting sector - Lending for house purchase excluding revolving loans and overdrafts, convenience and extended credit card debt, Over 1 and up to 5 years initial rate fixation, New business coverage, Households and non-profit institutions serving households (S.14 and S.15) sector, denominated in Euro",PCPA,0
MIR.M.DE.B.A2C.I.R.A.2250.EUR.N,M,DE,B,A2C,I,R,A,2250,EUR,N,2020-08,1.44,A,F,,,P1M,,A,,,,,,,,,,4,,DE2,Bank interest rates - loans to households for house purchase with an interest rate fixation period of over one & up to five years (new business) ,"Germany, Annualised agreed rate (AAR) / Narrowly defined effective rate (NDER), Credit and other institutions (MFI except MMFs and central banks) reporting sector - Lending for house purchase excluding revolving loans and overdrafts, convenience and extended credit card debt, Over 1 and up to 5 years initial rate fixation, New business coverage, Households and non-profit institutions serving households (S.14 and S.15) sector, denominated in Euro",PCPA,0
MIR.M.DE.B.A2C.I.R.A.2250.EUR.N,M,DE,B,A2C,I,R,A,2250,EUR,N,2020-09,1.35,A,F,,,P1M,,A,,,,,,,,,,4,,DE2,Bank interest rates - loans to households for house purchase with an interest rate fixation period of over one & up to five years (new business) ,"Germany, Annualised agreed rate (AAR) / Narrowly defined effective rate (NDER), Credit and other institutions (MFI except MMFs and central banks) reporting sector - Lending for house purchase excluding revolving loans and overdrafts, convenience and extended credit card debt, Over 1 and up to 5 years initial rate fixation, New business coverage, Households and non-profit institutions serving households (S.14 and S.15) sector, denominated in Euro",PCPA,0
MIR.M.DE.B.A2C.I.R.A.2250.EUR.N,M,DE,B,A2C,I,R,A,2250,EUR,N,2020-10,1.32,A,F,,,P1M,,A,,,,,,,,,,4,,DE2,Bank interest rates - loans to households for house purchase with an interest rate fixation period of over one & up to five years (new business) ,"Germany, Annualised agreed rate (AAR) / Narrowly defined effective rate (NDER), Credit and other institutions (MFI except MMFs and central banks) reporting sector - Lending for house purchase excluding revolving loans and overdrafts, convenience and extended credit card debt, Over 1 and up to 5 years initial rate fixation, New business coverage, Households and non-profit institutions serving households (S.14 and S.15) sector, denominated in Euro",PCPA,0
MIR.M.DE.B.A2C.I.R.A.2250.EUR.N,M,DE,B,A2C,I,R,A,2250,EUR,N,2020-11,1.28,A,F,,,P1M,,A,,,,,,,,,,4,,DE2,Bank interest rates - loans to households for house purchase with an interest rate fixation period of over one & up to five years (new business) ,"Germany, Annualised agreed rate (AAR) / Narrowly defined effective rate (NDER), Credit and other institutions (MFI except MMFs and central banks) reporting sector - Lending for house purchase excluding revolving loans and overdrafts, convenience and extended credit card debt, Over 1 and up to 5 years initial rate fixation, New business coverage, Households and non-profit institutions serving households (S.14 and S.15) sector, denominated in Euro",PCPA,0
MIR.M.DE.B.A2C.I.R.A.2250.EUR.N,M,DE,B,A2C,I,R,A,2250,EUR,N,2020-12,1.31,A,F,,,P1M,,A,,,,,,,,,,4,,DE2,Bank interest rates - loans to households for house purchase with an interest rate fixation period of over one & up to five years (new business) ,"Germany, Annualised agreed rate (AAR) / Narrowly defined effective rate (NDER), Credit and other institutions (MFI except MMFs and central banks) reporting sector - Lending for house purchase excluding revolving loans and overdrafts, convenience and extended credit card debt, Over 1 and up to 5 years initial rate fixation, New business coverage, Households and non-profit institutions serving households (S.14 and S.15) sector, denominated in Euro",PCPA,0
MIR.M.DE.B.A2C.I.R.A.2250.EUR.N,M,DE,B,A2C,I,R,A,2250,EUR,N,2021-01,1.34,A,F,,,P1M,,A,,,,,,,,,,4,,DE2,Bank interest rates - loans to households for house purchase with an interest rate fixation period of over one & up to five years (new business) ,"Germany, Annualised agreed rate (AAR) / Narrowly defined effective rate (NDER), Credit and other institutions (MFI except MMFs and central banks) reporting sector - Lending for house purchase excluding revolving loans and overdrafts, convenience and extended credit card debt, Over 1 and up to 5 years initial rate fixation, New business coverage, Households and non-profit institutions serving households (S.14 and S.15) sector, denominated in Euro",PCPA,0
MIR.M.DE.B.A2C.I.R.A.2250.EUR.N,M,DE,B,A2C,I,R,A,2250,EUR,N,2021-02,1.28,A,F,,,P1M,,A,,,,,,,,,,4,,DE2,Bank interest rates - loans to households for house purchase with an interest rate fixation period of over one & up to five years (new business) ,"Germany, Annualised agreed rate (AAR) / Narrowly defined effective rate (NDER), Credit and other institutions (MFI except MMFs and central banks) reporting sector - Lending for house purchase excluding revolving loans and overdrafts, convenience and extended credit card debt, Over 1 and up to 5 years initial rate fixation, New business coverage, Households and non-profit institutions serving households (S.14 and S.15) sector, denominated in Euro",PCPA,0
MIR.M.DE.B.A2C.I.R.A.2250.EUR.N,M,DE,B,A2C,I,R,A,2250,EUR,N,2021-03,1.25,A,F,,,P1M,,A,,,,,,,,,,4,,DE2,Bank interest rates - loans to households for house purchase with an interest rate fixation period of over one & up to five years (new business) ,"Germany, Annualised agreed rate (AAR) / Narrowly defined effective rate (NDER), Credit and other institutions (MFI except MMFs and central banks) reporting sector - Lending for house purchase excluding revolving loans and overdrafts, convenience and extended credit card debt, Over 1 and up to 5 years initial rate fixation, New business coverage, Households and non-profit institutions serving households (S.14 and S.15) sector, denominated in Euro",PCPA,0
MIR.M.DE.B.A2C.I.R.A.2250.EUR.N,M,DE,B,A2C,I,R,A,2250,EUR,N,2021-04,1.28,A,F,,,P1M,,A,,,,,,,,,,4,,DE2,Bank interest rates - loans to households for house purchase with an interest rate fixation period of over one & up to five years (new business) ,"Germany, Annualised agreed rate (AAR) / Narrowly defined effective rate (NDER), Credit and other institutions (MFI except MMFs and central banks) reporting sector - Lending for house purchase excluding revolving loans and overdrafts, convenience and extended credit card debt, Over 1 and up to 5 years initial rate fixation, New business coverage, Households and non-profit institutions serving households (S.14 and S.15) sector, denominated in Euro",PCPA,0
MIR.M.DE.B.A2C.I.R.A.2250.EUR.N,M,DE,B,A2C,I,R,A,2250,EUR,N,2021-05,1.3,A,F,,,P1M,,A,,,,,,,,,,4,,DE2,Bank interest rates - loans to households for house purchase with an interest rate fixation period of over one & up to five years (new business) ,"Germany, Annualised agreed rate (AAR) / Narrowly defined effective rate (NDER), Credit and other institutions (MFI except MMFs and central banks) reporting sector - Lending for house purchase excluding revolving loans and overdrafts, convenience and extended credit card debt, Over 1 and up to 5 years initial rate fixation, New business coverage, Households and non-profit institutions serving households (S.14 and S.15) sector, denominated in Euro",PCPA,0
MIR.M.DE.B.A2C.I.R.A.2250.EUR.N,M,DE,B,A2C,I,R,A,2250,EUR,N,2021-06,1.33,A,F,,,P1M,,A,,,,,,,,,,4,,DE2,Bank interest rates - loans to households for house purchase with an interest rate fixation period of over one & up to five years (new business) ,"Germany, Annualised agreed rate (AAR) / Narrowly defined effective rate (NDER), Credit and other institutions (MFI except MMFs and central banks) reporting sector - Lending for house purchase excluding revolving loans and overdrafts, convenience and extended credit card debt, Over 1 and up to 5 years initial rate fixation, New business coverage, Households and non-profit institutions serving households (S.14 and S.15) sector, denominated in Euro",PCPA,0
MIR.M.DE.B.A2C.I.R.A.2250.EUR.N,M,DE,B,A2C,I,R,A,2250,EUR,N,2021-07,1.32,A,F,,,P1M,,A,,,,,,,,,,4,,DE2,Bank interest rates - loans to households for house purchase with an interest rate fixation period of over one & up to five years (new business) ,"Germany, Annualised agreed rate (AAR) / Narrowly defined effective rate (NDER), Credit and other institutions (MFI except MMFs and central banks) reporting sector - Lending for house purchase excluding revolving loans and overdrafts, convenience and extended credit card debt, Over 1 and up to 5 years initial rate fixation, New business coverage, Households and non-profit institutions serving households (S.14 and S.15) sector, denominated in Euro",PCPA,0
MIR.M.DE.B.A2C.I.R.A.2250.EUR.N,M,DE,B,A2C,I,R,A,2250,EUR,N,2021-08,1.37,A,F,,,P1M,,A,,,,,,,,,,4,,DE2,Bank interest rates - loans to households for house purchase with an interest rate fixation period of over one & up to five years (new business) ,"Germany, Annualised agreed rate (AAR) / Narrowly defined effective rate (NDER), Credit and other institutions (MFI except MMFs and central banks) reporting sector - Lending for house purchase excluding revolving loans and overdrafts, convenience and extended credit card debt, Over 1 and up to 5 years initial rate fixation, New business coverage, Households and non-profit institutions serving households (S.14 and S.15) sector, denominated in Euro",PCPA,0
MIR.M.DE.B.A2C.I.R.A.2250.EUR.N,M,DE,B,A2C,I,R,A,2250,EUR,N,2021-09,1.33,A,F,,,P1M,,A,,,,,,,,,,4,,DE2,Bank interest rates - loans to households for house purchase with an interest rate fixation period of over one & up to five years (new business) ,"Germany, Annualised agreed rate (AAR) / Narrowly defined effective rate (NDER), Credit and other institutions (MFI except MMFs and central banks) reporting sector - Lending for house purchase excluding revolving loans and overdrafts, convenience and extended credit card debt, Over 1 and up to 5 years initial rate fixation, New business coverage, Households and non-profit institutions serving households (S.14 and S.15) sector, denominated in Euro",PCPA,0
MIR.M.DE.B.A2C.I.R.A.2250.EUR.N,M,DE,B,A2C,I,R,A,2250,EUR,N,2021-10,1.33,A,F,,,P1M,,A,,,,,,,,,,4,,DE2,Bank interest rates - loans to households for house purchase with an interest rate fixation period of over one & up to five years (new business) ,"Germany, Annualised agreed rate (AAR) / Narrowly defined effective rate (NDER), Credit and other institutions (MFI except MMFs and central banks) reporting sector - Lending for house purchase excluding revolving loans and overdrafts, convenience and extended credit card debt, Over 1 and up to 5 years initial rate fixation, New business coverage, Households and non-profit institutions serving households (S.14 and S.15) sector, denominated in Euro",PCPA,0
MIR.M.DE.B.A2C.I.R.A.2250.EUR.N,M,DE,B,A2C,I,R,A,2250,EUR,N,2021-11,1.43,A,F,,,P1M,,A,,,,,,,,,,4,,DE2,Bank interest rates - loans to households for house purchase with an interest rate fixation period of over one & up to five years (new business) ,"Germany, Annualised agreed rate (AAR) / Narrowly defined effective rate (NDER), Credit and other institutions (MFI except MMFs and central banks) reporting sector - Lending for house purchase excluding revolving loans and overdrafts, convenience and extended credit card debt, Over 1 and up to 5 years initial rate fixation, New business coverage, Households and non-profit institutions serving households (S.14 and S.15) sector, denominated in Euro",PCPA,0
MIR.M.DE.B.A2C.I.R.A.2250.EUR.N,M,DE,B,A2C,I,R,A,2250,EUR,N,2021-12,1.39,A,F,,,P1M,,A,,,,,,,,,,4,,DE2,Bank interest rates - loans to households for house purchase with an interest rate fixation period of over one & up to five years (new business) ,"Germany, Annualised agreed rate (AAR) / Narrowly defined effective rate (NDER), Credit and other institutions (MFI except MMFs and central banks) reporting sector - Lending for house purchase excluding revolving loans and overdrafts, convenience and extended credit card debt, Over 1 and up to 5 years initial rate fixation, New business coverage, Households and non-profit institutions serving households (S.14 and S.15) sector, denominated in Euro",PCPA,0
MIR.M.DE.B.A2C.I.R.A.2250.EUR.N,M,DE,B,A2C,I,R,A,2250,EUR,N,2022-01,1.35,A,F,,,P1M,,A,,,,,,,,,,4,,DE2,Bank interest rates - loans to households for house purchase with an interest rate fixation period of over one & up to five years (new business) ,"Germany, Annualised agreed rate (AAR) / Narrowly defined effective rate (NDER), Credit and other institutions (MFI except MMFs and central banks) reporting sector - Lending for house purchase excluding revolving loans and overdrafts, convenience and extended credit card debt, Over 1 and up to 5 years initial rate fixation, New business coverage, Households and non-profit institutions serving households (S.14 and S.15) sector, denominated in Euro",PCPA,0
MIR.M.DE.B.A2C.I.R.A.2250.EUR.N,M,DE,B,A2C,I,R,A,2250,EUR,N,2022-02,1.45,A,F,,,P1M,,A,,,,,,,,,,4,,DE2,Bank interest rates - loans to households for house purchase with an interest rate fixation period of over one & up to five years (new business) ,"Germany, Annualised agreed rate (AAR) / Narrowly defined effective rate (NDER), Credit and other institutions (MFI except MMFs and central banks) reporting sector - Lending for house purchase excluding revolving loans and overdrafts, convenience and extended credit card debt, Over 1 and up to 5 years initial rate fixation, New business coverage, Households and non-profit institutions serving households (S.14 and S.15) sector, denominated in Euro",PCPA,0
MIR.M.DE.B.A2C.I.R.A.2250.EUR.N,M,DE,B,A2C,I,R,A,2250,EUR,N,2022-03,1.65,A,F,,,P1M,,A,,,,,,,,,,4,,DE2,Bank interest rates - loans to households for house purchase with an interest rate fixation period of over one & up to five years (new business) ,"Germany, Annualised agreed rate (AAR) / Narrowly defined effective rate (NDER), Credit and other institutions (MFI except MMFs and central banks) reporting sector - Lending for house purchase excluding revolving loans and overdrafts, convenience and extended credit card debt, Over 1 and up to 5 years initial rate fixation, New business coverage, Households and non-profit institutions serving households (S.14 and S.15) sector, denominated in Euro",PCPA,0
MIR.M.DE.B.A2C.I.R.A.2250.EUR.N,M,DE,B,A2C,I,R,A,2250,EUR,N,2022-04,1.88,A,F,,,P1M,,A,,,,,,,,,,4,,DE2,Bank interest rates - loans to households for house purchase with an interest rate fixation period of over one & up to five years (new business) ,"Germany, Annualised agreed rate (AAR) / Narrowly defined effective rate (NDER), Credit and other institutions (MFI except MMFs and central banks) reporting sector - Lending for house purchase excluding revolving loans and overdrafts, convenience and extended credit card debt, Over 1 and up to 5 years initial rate fixation, New business coverage, Households and non-profit institutions serving households (S.14 and S.15) sector, denominated in Euro",PCPA,0
MIR.M.DE.B.A2C.I.R.A.2250.EUR.N,M,DE,B,A2C,I,R,A,2250,EUR,N,2022-05,2.1,A,F,,,P1M,,A,,,,,,,,,,4,,DE2,Bank interest rates - loans to households for house purchase with an interest rate fixation period of over one & up to five years (new business) ,"Germany, Annualised agreed rate (AAR) / Narrowly defined effective rate (NDER), Credit and other institutions (MFI except MMFs and central banks) reporting sector - Lending for house purchase excluding revolving loans and overdrafts, convenience and extended credit card debt, Over 1 and up to 5 years initial rate fixation, New business coverage, Households and non-profit institutions serving households (S.14 and S.15) sector, denominated in Euro",PCPA,0
MIR.M.DE.B.A2C.I.R.A.2250.EUR.N,M,DE,B,A2C,I,R,A,2250,EUR,N,2022-06,2.45,A,F,,,P1M,,A,,,,,,,,,,4,,DE2,Bank interest rates - loans to households for house purchase with an interest rate fixation period of over one & up to five years (new business) ,"Germany, Annualised agreed rate (AAR) / Narrowly defined effective rate (NDER), Credit and other institutions (MFI except MMFs and central banks) reporting sector - Lending for house purchase excluding revolving loans and overdrafts, convenience and extended credit card debt, Over 1 and up to 5 years initial rate fixation, New business coverage, Households and non-profit institutions serving households (S.14 and S.15) sector, denominated in Euro",PCPA,0
MIR.M.DE.B.A2C.I.R.A.2250.EUR.N,M,DE,B,A2C,I,R,A,2250,EUR,N,2022-07,2.64,A,F,,,P1M,,A,,,,,,,,,,4,,DE2,Bank interest rates - loans to households for house purchase with an interest rate fixation period of over one & up to five years (new business) ,"Germany, Annualised agreed rate (AAR) / Narrowly defined effective rate (NDER), Credit and other institutions (MFI except MMFs and central banks) reporting sector - Lending for house purchase excluding revolving loans and overdrafts, convenience and extended credit card debt, Over 1 and up to 5 years initial rate fixation, New business coverage, Households and non-profit institutions serving households (S.14 and S.15) sector, denominated in Euro",PCPA,0
MIR.M.DE.B.A2C.I.R.A.2250.EUR.N,M,DE,B,A2C,I,R,A,2250,EUR,N,2022-08,2.78,A,F,,,P1M,,A,,,,,,,,,,4,,DE2,Bank interest rates - loans to households for house purchase with an interest rate fixation period of over one & up to five years (new business) ,"Germany, Annualised agreed rate (AAR) / Narrowly defined effective rate (NDER), Credit and other institutions (MFI except MMFs and central banks) reporting sector - Lending for house purchase excluding revolving loans and overdrafts, convenience and extended credit card debt, Over 1 and up to 5 years initial rate fixation, New business coverage, Households and non-profit institutions serving households (S.14 and S.15) sector, denominated in Euro",PCPA,0
MIR.M.DE.B.A2C.I.R.A.2250.EUR.N,M,DE,B,A2C,I,R,A,2250,EUR,N,2022-09,2.93,A,F,,,P1M,,A,,,,,,,,,,4,,DE2,Bank interest rates - loans to households for house purchase with an interest rate fixation period of over one & up to five years (new business) ,"Germany, Annualised agreed rate (AAR) / Narrowly defined effective rate (NDER), Credit and other institutions (MFI except MMFs and central banks) reporting sector - Lending for house purchase excluding revolving loans and overdrafts, convenience and extended credit card debt, Over 1 and up to 5 years initial rate fixation, New business coverage, Households and non-profit institutions serving households (S.14 and S.15) sector, denominated in Euro",PCPA,0
MIR.M.DE.B.A2C.I.R.A.2250.EUR.N,M,DE,B,A2C,I,R,A,2250,EUR,N,2022-10,3.23,A,F,,,P1M,,A,,,,,,,,,,4,,DE2,Bank interest rates - loans to households for house purchase with an interest rate fixation period of over one & up to five years (new business) ,"Germany, Annualised agreed rate (AAR) / Narrowly defined effective rate (NDER), Credit and other institutions (MFI except MMFs and central banks) reporting sector - Lending for house purchase excluding revolving loans and overdrafts, convenience and extended credit card debt, Over 1 and up to 5 years initial rate fixation, New business coverage, Households and non-profit institutions serving households (S.14 and S.15) sector, denominated in Euro",PCPA,0
MIR.M.DE.B.A2C.I.R.A.2250.EUR.N,M,DE,B,A2C,I,R,A,2250,EUR,N,2022-11,3.75,A,F,,,P1M,,A,,,,,,,,,,4,,DE2,Bank interest rates - loans to households for house purchase with an interest rate fixation period of over one & up to five years (new business) ,"Germany, Annualised agreed rate (AAR) / Narrowly defined effective rate (NDER), Credit and other institutions (MFI except MMFs and central banks) reporting sector - Lending for house purchase excluding revolving loans and overdrafts, convenience and extended credit card debt, Over 1 and up to 5 years initial rate fixation, New business coverage, Households and non-profit institutions serving households (S.14 and S.15) sector, denominated in Euro",PCPA,0
MIR.M.DE.B.A2C.I.R.A.2250.EUR.N,M,DE,B,A2C,I,R,A,2250,EUR,N,2022-12,3.74,A,F,,,P1M,,A,,,,,,,,,,4,,DE2,Bank interest rates - loans to households for house purchase with an interest rate fixation period of over one & up to five years (new business) ,"Germany, Annualised agreed rate (AAR) / Narrowly defined effective rate (NDER), Credit and other institutions (MFI except MMFs and central banks) reporting sector - Lending for house purchase excluding revolving loans and overdrafts, convenience and extended credit card debt, Over 1 and up to 5 years initial rate fixation, New business coverage, Households and non-profit institutions serving households (S.14 and S.15) sector, denominated in Euro",PCPA,0
MIR.M.DE.B.A2C.I.R.A.2250.EUR.N,M,DE,B,A2C,I,R,A,2250,EUR,N,2023-01,3.8,A,F,,,P1M,,A,,,,,,,,,,4,,DE2,Bank interest rates - loans to households for house purchase with an interest rate fixation period of over one & up to five years (new business) ,"Germany, Annualised agreed rate (AAR) / Narrowly defined effective rate (NDER), Credit and other institutions (MFI except MMFs and central banks) reporting sector - Lending for house purchase excluding revolving loans and overdrafts, convenience and extended credit card debt, Over 1 and up to 5 years initial rate fixation, New business coverage, Households and non-profit institutions serving households (S.14 and S.15) sector, denominated in Euro",PCPA,0
MIR.M.DE.B.A2C.I.R.A.2250.EUR.N,M,DE,B,A2C,I,R,A,2250,EUR,N,2023-02,3.99,A,F,,,P1M,,A,,,,,,,,,,4,,DE2,Bank interest rates - loans to households for house purchase with an interest rate fixation period of over one & up to five years (new business) ,"Germany, Annualised agreed rate (AAR) / Narrowly defined effective rate (NDER), Credit and other institutions (MFI except MMFs and central banks) reporting sector - Lending for house purchase excluding revolving loans and overdrafts, convenience and extended credit card debt, Over 1 and up to 5 years initial rate fixation, New business coverage, Households and non-profit institutions serving households (S.14 and S.15) sector, denominated in Euro",PCPA,0
MIR.M.DE.B.A2C.I.R.A.2250.EUR.N,M,DE,B,A2C,I,R,A,2250,EUR,N,2023-03,4.1,A,F,,,P1M,,A,,,,,,,,,,4,,DE2,Bank interest rates - loans to households for house purchase with an interest rate fixation period of over one & up to five years (new business) ,"Germany, Annualised agreed rate (AAR) / Narrowly defined effective rate (NDER), Credit and other institutions (MFI except MMFs and central banks) reporting sector - Lending for house purchase excluding revolving loans and overdrafts, convenience and extended credit card debt, Over 1 and up to 5 years initial rate fixation, New business coverage, Households and non-profit institutions serving households (S.14 and S.15) sector, denominated in Euro",PCPA,0
MIR.M.DE.B.A2C.I.R.A.2250.EUR.N,M,DE,B,A2C,I,R,A,2250,EUR,N,2023-04,4.23,A,F,,,P1M,,A,,,,,,,,,,4,,DE2,Bank interest rates - loans to households for house purchase with an interest rate fixation period of over one & up to five years (new business) ,"Germany, Annualised agreed rate (AAR) / Narrowly defined effective rate (NDER), Credit and other institutions (MFI except MMFs and central banks) reporting sector - Lending for house purchase excluding revolving loans and overdrafts, convenience and extended credit card debt, Over 1 and up to 5 years initial rate fixation, New business coverage, Households and non-profit institutions serving households (S.14 and S.15) sector, denominated in Euro",PCPA,0
MIR.M.DE.B.A2C.I.R.A.2250.EUR.N,M,DE,B,A2C,I,R,A,2250,EUR,N,2023-05,4.27,A,F,,,P1M,,A,,,,,,,,,,4,,DE2,Bank interest rates - loans to households for house purchase with an interest rate fixation period of over one & up to five years (new business) ,"Germany, Annualised agreed rate (AAR) / Narrowly defined effective rate (NDER), Credit and other institutions (MFI except MMFs and central banks) reporting sector - Lending for house purchase excluding revolving loans and overdrafts, convenience and extended credit card debt, Over 1 and up to 5 years initial rate fixation, New business coverage, Households and non-profit institutions serving households (S.14 and S.15) sector, denominated in Euro",PCPA,0
MIR.M.DE.B.A2C.I.R.A.2250.EUR.N,M,DE,B,A2C,I,R,A,2250,EUR,N,2023-06,4.38,A,F,,,P1M,,A,,,,,,,,,,4,,DE2,Bank interest rates - loans to households for house purchase with an interest rate fixation period of over one & up to five years (new business) ,"Germany, Annualised agreed rate (AAR) / Narrowly defined effective rate (NDER), Credit and other institutions (MFI except MMFs and central banks) reporting sector - Lending for house purchase excluding revolving loans and overdrafts, convenience and extended credit card debt, Over 1 and up to 5 years initial rate fixation, New business coverage, Households and non-profit institutions serving households (S.14 and S.15) sector, denominated in Euro",PCPA,0
MIR.M.DE.B.A2C.I.R.A.2250.EUR.N,M,DE,B,A2C,I,R,A,2250,EUR,N,2023-07,4.37,A,F,,,P1M,,A,,,,,,,,,,4,,DE2,Bank interest rates - loans to households for house purchase with an interest rate fixation period of over one & up to five years (new business) ,"Germany, Annualised agreed rate (AAR) / Narrowly defined effective rate (NDER), Credit and other institutions (MFI except MMFs and central banks) reporting sector - Lending for house purchase excluding revolving loans and overdrafts, convenience and extended credit card debt, Over 1 and up to 5 years initial rate fixation, New business coverage, Households and non-profit institutions serving households (S.14 and S.15) sector, denominated in Euro",PCPA,0
MIR.M.DE.B.A2C.I.R.A.2250.EUR.N,M,DE,B,A2C,I,R,A,2250,EUR,N,2023-08,4.53,A,F,,,P1M,,A,,,,,,,,,,4,,DE2,Bank interest rates - loans to households for house purchase with an interest rate fixation period of over one & up to five years (new business) ,"Germany, Annualised agreed rate (AAR) / Narrowly defined effective rate (NDER), Credit and other institutions (MFI except MMFs and central banks) reporting sector - Lending for house purchase excluding revolving loans and overdrafts, convenience and extended credit card debt, Over 1 and up to 5 years initial rate fixation, New business coverage, Households and non-profit institutions serving households (S.14 and S.15) sector, denominated in Euro",PCPA,0
MIR.M.DE.B.A2C.I.R.A.2250.EUR.N,M,DE,B,A2C,I,R,A,2250,EUR,N,2023-09,4.48,A,F,,,P1M,,A,,,,,,,,,,4,,DE2,Bank interest rates - loans to households for house purchase with an interest rate fixation period of over one & up to five years (new business) ,"Germany, Annualised agreed rate (AAR) / Narrowly defined effective rate (NDER), Credit and other institutions (MFI except MMFs and central banks) reporting sector - Lending for house purchase excluding revolving loans and overdrafts, convenience and extended credit card debt, Over 1 and up to 5 years initial rate fixation, New business coverage, Households and non-profit institutions serving households (S.14 and S.15) sector, denominated in Euro",PCPA,0
MIR.M.DE.B.A2C.I.R.A.2250.EUR.N,M,DE,B,A2C,I,R,A,2250,EUR,N,2023-10,4.53,A,F,,,P1M,,A,,,,,,,,,,4,,DE2,Bank interest rates - loans to households for house purchase with an interest rate fixation period of over one & up to five years (new business) ,"Germany, Annualised agreed rate (AAR) / Narrowly defined effective rate (NDER), Credit and other institutions (MFI except MMFs and central banks) reporting sector - Lending for house purchase excluding revolving loans and overdrafts, convenience and extended credit card debt, Over 1 and up to 5 years initial rate fixation, New business coverage, Households and non-profit institutions serving households (S.14 and S.15) sector, denominated in Euro",PCPA,0
MIR.M.DE.B.A2C.I.R.A.2250.EUR.N,M,DE,B,A2C,I,R,A,2250,EUR,N,2023-11,4.61,A,F,,,P1M,,A,,,,,,,,,,4,,DE2,Bank interest rates - loans to households for house purchase with an interest rate fixation period of over one & up to five years (new business) ,"Germany, Annualised agreed rate (AAR) / Narrowly defined effective rate (NDER), Credit and other institutions (MFI except MMFs and central banks) reporting sector - Lending for house purchase excluding revolving loans and overdrafts, convenience and extended credit card debt, Over 1 and up to 5 years initial rate fixation, New business coverage, Households and non-profit institutions serving households (S.14 and S.15) sector, denominated in Euro",PCPA,0
MIR.M.DE.B.A2C.I.R.A.2250.EUR.N,M,DE,B,A2C,I,R,A,2250,EUR,N,2023-12,4.44,A,F,,,P1M,,A,,,,,,,,,,4,,DE2,Bank interest rates - loans to households for house purchase with an interest rate fixation period of over one & up to five years (new business) ,"Germany, Annualised agreed rate (AAR) / Narrowly defined effective rate (NDER), Credit and other institutions (MFI except MMFs and central banks) reporting sector - Lending for house purchase excluding revolving loans and overdrafts, convenience and extended credit card debt, Over 1 and up to 5 years initial rate fixation, New business coverage, Households and non-profit institutions serving households (S.14 and S.15) sector, denominated in Euro",PCPA,0
MIR.M.DE.B.A2C.I.R.A.2250.EUR.N,M,DE,B,A2C,I,R,A,2250,EUR,N,2024-01,4.08,A,F,,,P1M,,A,,,,,,,,,,4,,DE2,Bank interest rates - loans to households for house purchase with an interest rate fixation period of over one & up to five years (new business) ,"Germany, Annualised agreed rate (AAR) / Narrowly defined effective rate (NDER), Credit and other institutions (MFI except MMFs and central banks) reporting sector - Lending for house purchase excluding revolving loans and overdrafts, convenience and extended credit card debt, Over 1 and up to 5 years initial rate fixation, New business coverage, Households and non-profit institutions serving households (S.14 and S.15) sector, denominated in Euro",PCPA,0
MIR.M.DE.B.A2C.I.R.A.2250.EUR.N,M,DE,B,A2C,I,R,A,2250,EUR,N,2024-02,4.04,A,F,,,P1M,,A,,,,,,,,,,4,,DE2,Bank interest rates - loans to households for house purchase with an interest rate fixation period of over one & up to five years (new business) ,"Germany, Annualised agreed rate (AAR) / Narrowly defined effective rate (NDER), Credit and other institutions (MFI except MMFs and central banks) reporting sector - Lending for house purchase excluding revolving loans and overdrafts, convenience and extended credit card debt, Over 1 and up to 5 years initial rate fixation, New business coverage, Households and non-profit institutions serving households (S.14 and S.15) sector, denominated in Euro",PCPA,0
MIR.M.DE.B.A2C.I.R.A.2250.EUR.N,M,DE,B,A2C,I,R,A,2250,EUR,N,2024-03,4.09,A,F,,,P1M,,A,,,,,,,,,,4,,DE2,Bank interest rates - loans to households for house purchase with an interest rate fixation period of over one & up to five years (new business) ,"Germany, Annualised agreed rate (AAR) / Narrowly defined effective rate (NDER), Credit and other institutions (MFI except MMFs and central banks) reporting sector - Lending for house purchase excluding revolving loans and overdrafts, convenience and extended credit card debt, Over 1 and up to 5 years initial rate fixation, New business coverage, Households and non-profit institutions serving households (S.14 and S.15) sector, denominated in Euro",PCPA,0
MIR.M.DE.B.A2C.I.R.A.2250.EUR.N,M,DE,B,A2C,I,R,A,2250,EUR,N,2024-04,4.06,A,F,,,P1M,,A,,,,,,,,,,4,,DE2,Bank interest rates - loans to households for house purchase with an interest rate fixation period of over one & up to five years (new business) ,"Germany, Annualised agreed rate (AAR) / Narrowly defined effective rate (NDER), Credit and other institutions (MFI except MMFs and central banks) reporting sector - Lending for house purchase excluding revolving loans and overdrafts, convenience and extended credit card debt, Over 1 and up to 5 years initial rate fixation, New business coverage, Households and non-profit institutions serving households (S.14 and S.15) sector, denominated in Euro",PCPA,0
MIR.M.DE.B.A2C.I.R.A.2250.EUR.N,M,DE,B,A2C,I,R,A,2250,EUR,N,2024-05,4.14,A,F,,,P1M,,A,,,,,,,,,,4,,DE2,Bank interest rates - loans to households for house purchase with an interest rate fixation period of over one & up to five years (new business) ,"Germany, Annualised agreed rate (AAR) / Narrowly defined effective rate (NDER), Credit and other institutions (MFI except MMFs and central banks) reporting sector - Lending for house purchase excluding revolving loans and overdrafts, convenience and extended credit card debt, Over 1 and up to 5 years initial rate fixation, New business coverage, Households and non-profit institutions serving households (S.14 and S.15) sector, denominated in Euro",PCPA,0
MIR.M.DE.B.A2C.I.R.A.2250.EUR.N,M,DE,B,A2C,I,R,A,2250,EUR,N,2024-06,4.19,A,F,,,P1M,,A,,,,,,,,,,4,,DE2,Bank interest rates - loans to households for house purchase with an interest rate fixation period of over one & up to five years (new business) ,"Germany, Annualised agreed rate (AAR) / Narrowly defined effective rate (NDER), Credit and other institutions (MFI except MMFs and central banks) reporting sector - Lending for house purchase excluding revolving loans and overdrafts, convenience and extended credit card debt, Over 1 and up to 5 years initial rate fixation, New business coverage, Households and non-profit institutions serving households (S.14 and S.15) sector, denominated in Euro",PCPA,0
MIR.M.DE.B.A2C.I.R.A.2250.EUR.N,M,DE,B,A2C,I,R,A,2250,EUR,N,2024-07,4.15,A,F,,,P1M,,A,,,,,,,,,,4,,DE2,Bank interest rates - loans to households for house purchase with an interest rate fixation period of over one & up to five years (new business) ,"Germany, Annualised agreed rate (AAR) / Narrowly defined effective rate (NDER), Credit and other institutions (MFI except MMFs and central banks) reporting sector - Lending for house purchase excluding revolving loans and overdrafts, convenience and extended credit card debt, Over 1 and up to 5 years initial rate fixation, New business coverage, Households and non-profit institutions serving households (S.14 and S.15) sector, denominated in Euro",PCPA,0
MIR.M.DE.B.A2C.I.R.A.2250.EUR.N,M,DE,B,A2C,I,R,A,2250,EUR,N,2024-08,4.01,A,F,,,P1M,,A,,,,,,,,,,4,,DE2,Bank interest rates - loans to households for house purchase with an interest rate fixation period of over one & up to five years (new business) ,"Germany, Annualised agreed rate (AAR) / Narrowly defined effective rate (NDER), Credit and other institutions (MFI except MMFs and central banks) reporting sector - Lending for house purchase excluding revolving loans and overdrafts, convenience and extended credit card debt, Over 1 and up to 5 years initial rate fixation, New business coverage, Households and non-profit institutions serving households (S.14 and S.15) sector, denominated in Euro",PCPA,0
MIR.M.DE.B.A2C.I.R.A.2250.EUR.N,M,DE,B,A2C,I,R,A,2250,EUR,N,2024-09,3.88,A,F,,,P1M,,A,,,,,,,,,,4,,DE2,Bank interest rates - loans to households for house purchase with an interest rate fixation period of over one & up to five years (new business) ,"Germany, Annualised agreed rate (AAR) / Narrowly defined effective rate (NDER), Credit and other institutions (MFI except MMFs and central banks) reporting sector - Lending for house purchase excluding revolving loans and overdrafts, convenience and extended credit card debt, Over 1 and up to 5 years initial rate fixation, New business coverage, Households and non-profit institutions serving households (S.14 and S.15) sector, denominated in Euro",PCPA,0
MIR.M.DE.B.A2C.I.R.A.2250.EUR.N,M,DE,B,A2C,I,R,A,2250,EUR,N,2024-10,3.81,A,F,,,P1M,,A,,,,,,,,,,4,,DE2,Bank interest rates - loans to households for house purchase with an interest rate fixation period of over one & up to five years (new business) ,"Germany, Annualised agreed rate (AAR) / Narrowly defined effective rate (NDER), Credit and other institutions (MFI except MMFs and central banks) reporting sector - Lending for house purchase excluding revolving loans and overdrafts, convenience and extended credit card debt, Over 1 and up to 5 years initial rate fixation, New business coverage, Households and non-profit institutions serving households (S.14 and S.15) sector, denominated in Euro",PCPA,0
MIR.M.DE.B.A2C.I.R.A.2250.EUR.N,M,DE,B,A2C,I,R,A,2250,EUR,N,2024-11,3.67,A,F,,,P1M,,A,,,,,,,,,,4,,DE2,Bank interest rates - loans to households for house purchase with an interest rate fixation period of over one & up to five years (new business) ,"Germany, Annualised agreed rate (AAR) / Narrowly defined effective rate (NDER), Credit and other institutions (MFI except MMFs and central banks) reporting sector - Lending for house purchase excluding revolving loans and overdrafts, convenience and extended credit card debt, Over 1 and up to 5 years initial rate fixation, New business coverage, Households and non-profit institutions serving households (S.14 and S.15) sector, denominated in Euro",PCPA,0
MIR.M.DE.B.A2C.I.R.A.2250.EUR.N,M,DE,B,A2C,I,R,A,2250,EUR,N,2024-12,3.7,A,F,,,P1M,,A,,,,,,,,,,4,,DE2,Bank interest rates - loans to households for house purchase with an interest rate fixation period of over one & up to five years (new business) ,"Germany, Annualised agreed rate (AAR) / Narrowly defined effective rate (NDER), Credit and other institutions (MFI except MMFs and central banks) reporting sector - Lending for house purchase excluding revolving loans and overdrafts, convenience and extended credit card debt, Over 1 and up to 5 years initial rate fixation, New business coverage, Households and non-profit institutions serving households (S.14 and S.15) sector, denominated in Euro",PCPA,0
MIR.M.DE.B.A2C.I.R.A.2250.EUR.N,M,DE,B,A2C,I,R,A,2250,EUR,N,2025-01,3.5,A,F,,,P1M,,A,,,,,,,,,,4,,DE2,Bank interest rates - loans to households for house purchase with an interest rate fixation period of over one & up to five years (new business) ,"Germany, Annualised agreed rate (AAR) / Narrowly defined effective rate (NDER), Credit and other institutions (MFI except MMFs and central banks) reporting sector - Lending for house purchase excluding revolving loans and overdrafts, convenience and extended credit card debt, Over 1 and up to 5 years initial rate fixation, New business coverage, Households and non-profit institutions serving households (S.14 and S.15) sector, denominated in Euro",PCPA,0
MIR.M.DE.B.A2C.I.R.A.2250.EUR.N,M,DE,B,A2C,I,R,A,2250,EUR,N,2025-02,3.6,A,F,,,P1M,,A,,,,,,,,,,4,,DE2,Bank interest rates - loans to households for house purchase with an interest rate fixation period of over one & up to five years (new business) ,"Germany, Annualised agreed rate (AAR) / Narrowly defined effective rate (NDER), Credit and other institutions (MFI except MMFs and central banks) reporting sector - Lending for house purchase excluding revolving loans and overdrafts, convenience and extended credit card debt, Over 1 and up to 5 years initial rate fixation, New business coverage, Households and non-profit institutions serving households (S.14 and S.15) sector, denominated in Euro",PCPA,0
MIR.M.DE.B.A2C.I.R.A.2250.EUR.N,M,DE,B,A2C,I,R,A,2250,EUR,N,2025-03,3.62,A,F,,,P1M,,A,,,,,,,,,,4,,DE2,Bank interest rates - loans to households for house purchase with an interest rate fixation period of over one & up to five years (new business) ,"Germany, Annualised agreed rate (AAR) / Narrowly defined effective rate (NDER), Credit and other institutions (MFI except MMFs and central banks) reporting sector - Lending for house purchase excluding revolving loans and overdrafts, convenience and extended credit card debt, Over 1 and up to 5 years initial rate fixation, New business coverage, Households and non-profit institutions serving households (S.14 and S.15) sector, denominated in Euro",PCPA,0
MIR.M.DE.B.A2C.I.R.A.2250.EUR.N,M,DE,B,A2C,I,R,A,2250,EUR,N,2025-04,3.59,A,F,,,P1M,,A,,,,,,,,,,4,,DE2,Bank interest rates - loans to households for house purchase with an interest rate fixation period of over one & up to five years (new business) ,"Germany, Annualised agreed rate (AAR) / Narrowly defined effective rate (NDER), Credit and other institutions (MFI except MMFs and central banks) reporting sector - Lending for house purchase excluding revolving loans and overdrafts, convenience and extended credit card debt, Over 1 and up to 5 years initial rate fixation, New business coverage, Households and non-profit institutions serving households (S.14 and S.15) sector, denominated in Euro",PCPA,0
MIR.M.DE.B.A2C.I.R.A.2250.EUR.N,M,DE,B,A2C,I,R,A,2250,EUR,N,2025-05,3.52,A,F,,,P1M,,A,,,,,,,,,,4,,DE2,Bank interest rates - loans to households for house purchase with an interest rate fixation period of over one & up to five years (new business) ,"Germany, Annualised agreed rate (AAR) / Narrowly defined effective rate (NDER), Credit and other institutions (MFI except MMFs and central banks) reporting sector - Lending for house purchase excluding revolving loans and overdrafts, convenience and extended credit card debt, Over 1 and up to 5 years initial rate fixation, New business coverage, Households and non-profit institutions serving households (S.14 and S.15) sector, denominated in Euro",PCPA,0
MIR.M.DE.B.A2C.I.R.A.2250.EUR.N,M,DE,B,A2C,I,R,A,2250,EUR,N,2025-06,3.52,A,F,,,P1M,,A,,,,,,,,,,4,,DE2,Bank interest rates - loans to households for house purchase with an interest rate fixation period of over one & up to five years (new business) ,"Germany, Annualised agreed rate (AAR) / Narrowly defined effective rate (NDER), Credit and other institutions (MFI except MMFs and central banks) reporting sector - Lending for house purchase excluding revolving loans and overdrafts, convenience and extended credit card debt, Over 1 and up to 5 years initial rate fixation, New business coverage, Households and non-profit institutions serving households (S.14 and S.15) sector, denominated in Euro",PCPA,0
MIR.M.DE.B.A2C.I.R.A.2250.EUR.N,M,DE,B,A2C,I,R,A,2250,EUR,N,2025-07,3.5,A,F,,,P1M,,A,,,,,,,,,,4,,DE2,Bank interest rates - loans to households for house purchase with an interest rate fixation period of over one & up to five years (new business) ,"Germany, Annualised agreed rate (AAR) / Narrowly defined effective rate (NDER), Credit and other institutions (MFI except MMFs and central banks) reporting sector - Lending for house purchase excluding revolving loans and overdrafts, convenience and extended credit card debt, Over 1 and up to 5 years initial rate fixation, New business coverage, Households and non-profit institutions serving households (S.14 and S.15) sector, denominated in Euro",PCPA,0
MIR.M.DE.B.A2C.I.R.A.2250.EUR.N,M,DE,B,A2C,I,R,A,2250,EUR,N,2025-08,3.55,A,F,,,P1M,,A,,,,,,,,,,4,,DE2,Bank interest rates - loans to households for house purchase with an interest rate fixation period of over one & up to five years (new business) ,"Germany, Annualised agreed rate (AAR) / Narrowly defined effective rate (NDER), Credit and other institutions (MFI except MMFs and central banks) reporting sector - Lending for house purchase excluding revolving loans and overdrafts, convenience and extended credit card debt, Over 1 and up to 5 years initial rate fixation, New business coverage, Households and non-profit institutions serving households (S.14 and S.15) sector, denominated in Euro",PCPA,0
MIR.M.DE.B.A2C.I.R.A.2250.EUR.N,M,DE,B,A2C,I,R,A,2250,EUR,N,2025-09,3.58,A,F,,,P1M,,A,,,,,,,,,,4,,DE2,Bank interest rates - loans to households for house purchase with an interest rate fixation period of over one & up to five years (new business) ,"Germany, Annualised agreed rate (AAR) / Narrowly defined effective rate (NDER), Credit and other institutions (MFI except MMFs and central banks) reporting sector - Lending for house purchase excluding revolving loans and overdrafts, convenience and extended credit card debt, Over 1 and up to 5 years initial rate fixation, New business coverage, Households and non-profit institutions serving households (S.14 and S.15) sector, denominated in Euro",PCPA,0
MIR.M.DE.B.A2C.I.R.A.2250.EUR.N,M,DE,B,A2C,I,R,A,2250,EUR,N,2025-10,3.6,A,F,,,P1M,,A,,,,,,,,,,4,,DE2,Bank interest rates - loans to households for house purchase with an interest rate fixation period of over one & up to five years (new business) ,"Germany, Annualised agreed rate (AAR) / Narrowly defined effective rate (NDER), Credit and other institutions (MFI except MMFs and central banks) reporting sector - Lending for house purchase excluding revolving loans and overdrafts, convenience and extended credit card debt, Over 1 and up to 5 years initial rate fixation, New business coverage, Households and non-profit institutions serving households (S.14 and S.15) sector, denominated in Euro",PCPA,0
MIR.M.DE.B.A2C.I.R.A.2250.EUR.N,M,DE,B,A2C,I,R,A,2250,EUR,N,2025-11,3.56,A,F,,,P1M,,A,,,,,,,,,,4,,DE2,Bank interest rates - loans to households for house purchase with an interest rate fixation period of over one & up to five years (new business) ,"Germany, Annualised agreed rate (AAR) / Narrowly defined effective rate (NDER), Credit and other institutions (MFI except MMFs and central banks) reporting sector - Lending for house purchase excluding revolving loans and overdrafts, convenience and extended credit card debt, Over 1 and up to 5 years initial rate fixation, New business coverage, Households and non-profit institutions serving households (S.14 and S.15) sector, denominated in Euro",PCPA,0
MIR.M.DE.B.A2C.I.R.A.2250.EUR.N,M,DE,B,A2C,I,R,A,2250,EUR,N,2025-12,3.61,A,F,,,P1M,,A,,,,,,,,,,4,,DE2,Bank interest rates - loans to households for house purchase with an interest rate fixation period of over one & up to five years (new business) ,"Germany, Annualised agreed rate (AAR) / Narrowly defined effective rate (NDER), Credit and other institutions (MFI except MMFs and central banks) reporting sector - Lending for house purchase excluding revolving loans and overdrafts, convenience and extended credit card debt, Over 1 and up to 5 years initial rate fixation, New business coverage, Households and non-profit institutions serving households (S.14 and S.15) sector, denominated in Euro",PCPA,0
MIR.M.DE.B.A2C.I.R.A.2250.EUR.N,M,DE,B,A2C,I,R,A,2250,EUR,N,2026-01,3.6,A,F,,,P1M,,A,,,,,,,,,,4,,DE2,Bank interest rates - loans to households for house purchase with an interest rate fixation period of over one & up to five years (new business) ,"Germany, Annualised agreed rate (AAR) / Narrowly defined effective rate (NDER), Credit and other institutions (MFI except MMFs and central banks) reporting sector - Lending for house purchase excluding revolving loans and overdrafts, convenience and extended credit card debt, Over 1 and up to 5 years initial rate fixation, New business coverage, Households and non-profit institutions serving households (S.14 and S.15) sector, denominated in Euro",PCPA,0
MIR.M.DE.B.A2C.I.R.A.2250.EUR.N,M,DE,B,A2C,I,R,A,2250,EUR,N,2026-02,3.63,A,F,,,P1M,,A,,,,,,,,,,4,,DE2,Bank interest rates - loans to households for house purchase with an interest rate fixation period of over one & up to five years (new business) ,"Germany, Annualised agreed rate (AAR) / Narrowly defined effective rate (NDER), Credit and other institutions (MFI except MMFs and central banks) reporting sector - Lending for house purchase excluding revolving loans and overdrafts, convenience and extended credit card debt, Over 1 and up to 5 years initial rate fixation, New business coverage, Households and non-profit institutions serving households (S.14 and S.15) sector, denominated in Euro",PCPA,0
MIR.M.DE.B.A2C.I.R.A.2250.EUR.N,M,DE,B,A2C,I,R,A,2250,EUR,N,2026-03,3.63,A,F,,,P1M,,A,,,,,,,,,,4,,DE2,Bank interest rates - loans to households for house purchase with an interest rate fixation period of over one & up to five years (new business) ,"Germany, Annualised agreed rate (AAR) / Narrowly defined effective rate (NDER), Credit and other institutions (MFI except MMFs and central banks) reporting sector - Lending for house purchase excluding revolving loans and overdrafts, convenience and extended credit card debt, Over 1 and up to 5 years initial rate fixation, New business coverage, Households and non-profit institutions serving households (S.14 and S.15) sector, denominated in Euro",PCPA,0
MIR.M.DE.B.A2C.I.R.A.2250.EUR.N,M,DE,B,A2C,I,R,A,2250,EUR,N,2026-04,3.78,A,F,,,P1M,,A,,,,,,,,,,4,,DE2,Bank interest rates - loans to households for house purchase with an interest rate fixation period of over one & up to five years (new business) ,"Germany, Annualised agreed rate (AAR) / Narrowly defined effective rate (NDER), Credit and other institutions (MFI except MMFs and central banks) reporting sector - Lending for house purchase excluding revolving loans and overdrafts, convenience and extended credit card debt, Over 1 and up to 5 years initial rate fixation, New business coverage, Households and non-profit institutions serving households (S.14 and S.15) sector, denominated in Euro",PCPA,0
MIR.M.DE.B.A2C.I.R.A.2250.EUR.N,M,DE,B,A2C,I,R,A,2250,EUR,N,2026-05,3.92,A,F,,,P1M,,A,,,,,,,,,,4,,DE2,Bank interest rates - loans to households for house purchase with an interest rate fixation period of over one & up to five years (new business) ,"Germany, Annualised agreed rate (AAR) / Narrowly defined effective rate (NDER), Credit and other institutions (MFI except MMFs and central banks) reporting sector - Lending for house purchase excluding revolving loans and overdrafts, convenience and extended credit card debt, Over 1 and up to 5 years initial rate fixation, New business coverage, Households and non-profit institutions serving households (S.14 and S.15) sector, denominated in Euro",PCPA,0
MIR.M.DE.B.A2C.I.R.A.2250.EUR.N,M,DE,B,A2C,I,R,A,2250,EUR,N,2026-06,3.96,A,F,,,P1M,,A,,,,,,,,,,4,,DE2,Bank interest rates - loans to households for house purchase with an interest rate fixation period of over one & up to five years (new business) ,"Germany, Annualised agreed rate (AAR) / Narrowly defined effective rate (NDER), Credit and other institutions (MFI except MMFs and central banks) reporting sector - Lending for house purchase excluding revolving loans and overdrafts, convenience and extended credit card debt, Over 1 and up to 5 years initial rate fixation, New business coverage, Households and non-profit institutions serving households (S.14 and S.15) sector, denominated in Euro",PCPA,0
MIR.M.DE.B.A2C.I.R.A.2250.EUR.N,M,DE,B,A2C,I,R,A,2250,EUR,N,2026-07,3.97,A,F,,,P1M,,A,,,,,,,,,,4,,DE2,Bank interest rates - loans to households for house purchase with an interest rate fixation period of over one & up to five years (new business) ,"Germany, Annualised agreed rate (AAR) / Narrowly defined effective rate (NDER), Credit and other institutions (MFI except MMFs and central banks) reporting sector - Lending for house purchase excluding revolving loans and overdrafts, convenience and extended credit card debt, Over 1 and up to 5 years initial rate fixation, New business coverage, Households and non-profit institutions serving households (S.14 and S.15) sector, denominated in Euro",PCPA,0
MIR.M.DE.B.A2C.I.R.A.2250.EUR.N,M,DE,B,A2C,I,R,A,2250,EUR,N,2026-08,4.03,P,F,,,P1M,,A,,,,,,,,,,4,,DE2,Bank interest rates - loans to households for house purchase with an interest rate fixation period of over one & up to five years (new business) ,"Germany, Annualised agreed rate (AAR) / Narrowly defined effective rate (NDER), Credit and other institutions (MFI except MMFs and central banks) reporting sector - Lending for house purchase excluding revolving loans and overdrafts, convenience and extended credit card debt, Over 1 and up to 5 years initial rate fixation, New business coverage, Households and non-profit institutions serving households (S.14 and S.15) sector, denominated in Euro",PCPA,0
