KEY,FREQ,REF_AREA,BS_REP_SECTOR,BS_ITEM,MATURITY_NOT_IRATE,DATA_TYPE_MIR,AMOUNT_CAT,BS_COUNT_SECTOR,CURRENCY_TRANS,IR_BUS_COV,TIME_PERIOD,OBS_VALUE,OBS_STATUS,OBS_CONF,OBS_PRE_BREAK,OBS_COM,TIME_FORMAT,BREAKS,COLLECTION,COMPILING_ORG,DISS_ORG,DOM_SER_IDS,PUBL_ECB,PUBL_MU,PUBL_PUBLIC,UNIT_INDEX_BASE,COMPILATION,COVERAGE,DECIMALS,NAT_TITLE,SOURCE_AGENCY,TITLE,TITLE_COMPL,UNIT,UNIT_MULT
MIR.M.DE.B.A2C.AM.R.A.2250.EUR.N,M,DE,B,A2C,AM,R,A,2250,EUR,N,2003-01,5.32,A,F,,,P1M,,A,,,,,,,,,,4,,DE2,Cost of borrowing for households for house purchase ,"Germany, Annualised agreed rate (AAR) / Narrowly defined effective rate (NDER), Credit and other institutions (MFI except MMFs and central banks) reporting sector - Lending for house purchase excluding revolving loans and overdrafts, convenience and extended credit card debt, Total calculated by weighting the volumes with a moving average (defined for cost of borrowing purposes), New business coverage, Households and non-profit institutions serving households (S.14 and S.15) sector, denominated in Euro",PCPA,0
MIR.M.DE.B.A2C.AM.R.A.2250.EUR.N,M,DE,B,A2C,AM,R,A,2250,EUR,N,2003-02,5.13,A,F,,,P1M,,A,,,,,,,,,,4,,DE2,Cost of borrowing for households for house purchase ,"Germany, Annualised agreed rate (AAR) / Narrowly defined effective rate (NDER), Credit and other institutions (MFI except MMFs and central banks) reporting sector - Lending for house purchase excluding revolving loans and overdrafts, convenience and extended credit card debt, Total calculated by weighting the volumes with a moving average (defined for cost of borrowing purposes), New business coverage, Households and non-profit institutions serving households (S.14 and S.15) sector, denominated in Euro",PCPA,0
MIR.M.DE.B.A2C.AM.R.A.2250.EUR.N,M,DE,B,A2C,AM,R,A,2250,EUR,N,2003-03,5.03,A,F,,,P1M,,A,,,,,,,,,,4,,DE2,Cost of borrowing for households for house purchase ,"Germany, Annualised agreed rate (AAR) / Narrowly defined effective rate (NDER), Credit and other institutions (MFI except MMFs and central banks) reporting sector - Lending for house purchase excluding revolving loans and overdrafts, convenience and extended credit card debt, Total calculated by weighting the volumes with a moving average (defined for cost of borrowing purposes), New business coverage, Households and non-profit institutions serving households (S.14 and S.15) sector, denominated in Euro",PCPA,0
MIR.M.DE.B.A2C.AM.R.A.2250.EUR.N,M,DE,B,A2C,AM,R,A,2250,EUR,N,2003-04,4.99,A,F,,,P1M,,A,,,,,,,,,,4,,DE2,Cost of borrowing for households for house purchase ,"Germany, Annualised agreed rate (AAR) / Narrowly defined effective rate (NDER), Credit and other institutions (MFI except MMFs and central banks) reporting sector - Lending for house purchase excluding revolving loans and overdrafts, convenience and extended credit card debt, Total calculated by weighting the volumes with a moving average (defined for cost of borrowing purposes), New business coverage, Households and non-profit institutions serving households (S.14 and S.15) sector, denominated in Euro",PCPA,0
MIR.M.DE.B.A2C.AM.R.A.2250.EUR.N,M,DE,B,A2C,AM,R,A,2250,EUR,N,2003-05,4.91,A,F,,,P1M,,A,,,,,,,,,,4,,DE2,Cost of borrowing for households for house purchase ,"Germany, Annualised agreed rate (AAR) / Narrowly defined effective rate (NDER), Credit and other institutions (MFI except MMFs and central banks) reporting sector - Lending for house purchase excluding revolving loans and overdrafts, convenience and extended credit card debt, Total calculated by weighting the volumes with a moving average (defined for cost of borrowing purposes), New business coverage, Households and non-profit institutions serving households (S.14 and S.15) sector, denominated in Euro",PCPA,0
MIR.M.DE.B.A2C.AM.R.A.2250.EUR.N,M,DE,B,A2C,AM,R,A,2250,EUR,N,2003-06,4.76,A,F,,,P1M,,A,,,,,,,,,,4,,DE2,Cost of borrowing for households for house purchase ,"Germany, Annualised agreed rate (AAR) / Narrowly defined effective rate (NDER), Credit and other institutions (MFI except MMFs and central banks) reporting sector - Lending for house purchase excluding revolving loans and overdrafts, convenience and extended credit card debt, Total calculated by weighting the volumes with a moving average (defined for cost of borrowing purposes), New business coverage, Households and non-profit institutions serving households (S.14 and S.15) sector, denominated in Euro",PCPA,0
MIR.M.DE.B.A2C.AM.R.A.2250.EUR.N,M,DE,B,A2C,AM,R,A,2250,EUR,N,2003-07,4.6,A,F,,,P1M,,A,,,,,,,,,,4,,DE2,Cost of borrowing for households for house purchase ,"Germany, Annualised agreed rate (AAR) / Narrowly defined effective rate (NDER), Credit and other institutions (MFI except MMFs and central banks) reporting sector - Lending for house purchase excluding revolving loans and overdrafts, convenience and extended credit card debt, Total calculated by weighting the volumes with a moving average (defined for cost of borrowing purposes), New business coverage, Households and non-profit institutions serving households (S.14 and S.15) sector, denominated in Euro",PCPA,0
MIR.M.DE.B.A2C.AM.R.A.2250.EUR.N,M,DE,B,A2C,AM,R,A,2250,EUR,N,2003-08,4.71,A,F,,,P1M,,A,,,,,,,,,,4,,DE2,Cost of borrowing for households for house purchase ,"Germany, Annualised agreed rate (AAR) / Narrowly defined effective rate (NDER), Credit and other institutions (MFI except MMFs and central banks) reporting sector - Lending for house purchase excluding revolving loans and overdrafts, convenience and extended credit card debt, Total calculated by weighting the volumes with a moving average (defined for cost of borrowing purposes), New business coverage, Households and non-profit institutions serving households (S.14 and S.15) sector, denominated in Euro",PCPA,0
MIR.M.DE.B.A2C.AM.R.A.2250.EUR.N,M,DE,B,A2C,AM,R,A,2250,EUR,N,2003-09,4.83,A,F,,,P1M,,A,,,,,,,,,,4,,DE2,Cost of borrowing for households for house purchase ,"Germany, Annualised agreed rate (AAR) / Narrowly defined effective rate (NDER), Credit and other institutions (MFI except MMFs and central banks) reporting sector - Lending for house purchase excluding revolving loans and overdrafts, convenience and extended credit card debt, Total calculated by weighting the volumes with a moving average (defined for cost of borrowing purposes), New business coverage, Households and non-profit institutions serving households (S.14 and S.15) sector, denominated in Euro",PCPA,0
MIR.M.DE.B.A2C.AM.R.A.2250.EUR.N,M,DE,B,A2C,AM,R,A,2250,EUR,N,2003-10,4.81,A,F,,,P1M,,A,,,,,,,,,,4,,DE2,Cost of borrowing for households for house purchase ,"Germany, Annualised agreed rate (AAR) / Narrowly defined effective rate (NDER), Credit and other institutions (MFI except MMFs and central banks) reporting sector - Lending for house purchase excluding revolving loans and overdrafts, convenience and extended credit card debt, Total calculated by weighting the volumes with a moving average (defined for cost of borrowing purposes), New business coverage, Households and non-profit institutions serving households (S.14 and S.15) sector, denominated in Euro",PCPA,0
MIR.M.DE.B.A2C.AM.R.A.2250.EUR.N,M,DE,B,A2C,AM,R,A,2250,EUR,N,2003-11,4.92,A,F,,,P1M,,A,,,,,,,,,,4,,DE2,Cost of borrowing for households for house purchase ,"Germany, Annualised agreed rate (AAR) / Narrowly defined effective rate (NDER), Credit and other institutions (MFI except MMFs and central banks) reporting sector - Lending for house purchase excluding revolving loans and overdrafts, convenience and extended credit card debt, Total calculated by weighting the volumes with a moving average (defined for cost of borrowing purposes), New business coverage, Households and non-profit institutions serving households (S.14 and S.15) sector, denominated in Euro",PCPA,0
MIR.M.DE.B.A2C.AM.R.A.2250.EUR.N,M,DE,B,A2C,AM,R,A,2250,EUR,N,2003-12,4.98,A,F,,,P1M,,A,,,,,,,,,,4,,DE2,Cost of borrowing for households for house purchase ,"Germany, Annualised agreed rate (AAR) / Narrowly defined effective rate (NDER), Credit and other institutions (MFI except MMFs and central banks) reporting sector - Lending for house purchase excluding revolving loans and overdrafts, convenience and extended credit card debt, Total calculated by weighting the volumes with a moving average (defined for cost of borrowing purposes), New business coverage, Households and non-profit institutions serving households (S.14 and S.15) sector, denominated in Euro",PCPA,0
MIR.M.DE.B.A2C.AM.R.A.2250.EUR.N,M,DE,B,A2C,AM,R,A,2250,EUR,N,2004-01,4.95,A,F,,,P1M,,A,,,,,,,,,,4,,DE2,Cost of borrowing for households for house purchase ,"Germany, Annualised agreed rate (AAR) / Narrowly defined effective rate (NDER), Credit and other institutions (MFI except MMFs and central banks) reporting sector - Lending for house purchase excluding revolving loans and overdrafts, convenience and extended credit card debt, Total calculated by weighting the volumes with a moving average (defined for cost of borrowing purposes), New business coverage, Households and non-profit institutions serving households (S.14 and S.15) sector, denominated in Euro",PCPA,0
MIR.M.DE.B.A2C.AM.R.A.2250.EUR.N,M,DE,B,A2C,AM,R,A,2250,EUR,N,2004-02,4.87,A,F,,,P1M,,A,,,,,,,,,,4,,DE2,Cost of borrowing for households for house purchase ,"Germany, Annualised agreed rate (AAR) / Narrowly defined effective rate (NDER), Credit and other institutions (MFI except MMFs and central banks) reporting sector - Lending for house purchase excluding revolving loans and overdrafts, convenience and extended credit card debt, Total calculated by weighting the volumes with a moving average (defined for cost of borrowing purposes), New business coverage, Households and non-profit institutions serving households (S.14 and S.15) sector, denominated in Euro",PCPA,0
MIR.M.DE.B.A2C.AM.R.A.2250.EUR.N,M,DE,B,A2C,AM,R,A,2250,EUR,N,2004-03,4.78,A,F,,,P1M,,A,,,,,,,,,,4,,DE2,Cost of borrowing for households for house purchase ,"Germany, Annualised agreed rate (AAR) / Narrowly defined effective rate (NDER), Credit and other institutions (MFI except MMFs and central banks) reporting sector - Lending for house purchase excluding revolving loans and overdrafts, convenience and extended credit card debt, Total calculated by weighting the volumes with a moving average (defined for cost of borrowing purposes), New business coverage, Households and non-profit institutions serving households (S.14 and S.15) sector, denominated in Euro",PCPA,0
MIR.M.DE.B.A2C.AM.R.A.2250.EUR.N,M,DE,B,A2C,AM,R,A,2250,EUR,N,2004-04,4.68,A,F,,,P1M,,A,,,,,,,,,,4,,DE2,Cost of borrowing for households for house purchase ,"Germany, Annualised agreed rate (AAR) / Narrowly defined effective rate (NDER), Credit and other institutions (MFI except MMFs and central banks) reporting sector - Lending for house purchase excluding revolving loans and overdrafts, convenience and extended credit card debt, Total calculated by weighting the volumes with a moving average (defined for cost of borrowing purposes), New business coverage, Households and non-profit institutions serving households (S.14 and S.15) sector, denominated in Euro",PCPA,0
MIR.M.DE.B.A2C.AM.R.A.2250.EUR.N,M,DE,B,A2C,AM,R,A,2250,EUR,N,2004-05,4.73,A,F,,,P1M,,A,,,,,,,,,,4,,DE2,Cost of borrowing for households for house purchase ,"Germany, Annualised agreed rate (AAR) / Narrowly defined effective rate (NDER), Credit and other institutions (MFI except MMFs and central banks) reporting sector - Lending for house purchase excluding revolving loans and overdrafts, convenience and extended credit card debt, Total calculated by weighting the volumes with a moving average (defined for cost of borrowing purposes), New business coverage, Households and non-profit institutions serving households (S.14 and S.15) sector, denominated in Euro",PCPA,0
MIR.M.DE.B.A2C.AM.R.A.2250.EUR.N,M,DE,B,A2C,AM,R,A,2250,EUR,N,2004-06,4.75,A,F,,,P1M,,A,,,,,,,,,,4,,DE2,Cost of borrowing for households for house purchase ,"Germany, Annualised agreed rate (AAR) / Narrowly defined effective rate (NDER), Credit and other institutions (MFI except MMFs and central banks) reporting sector - Lending for house purchase excluding revolving loans and overdrafts, convenience and extended credit card debt, Total calculated by weighting the volumes with a moving average (defined for cost of borrowing purposes), New business coverage, Households and non-profit institutions serving households (S.14 and S.15) sector, denominated in Euro",PCPA,0
MIR.M.DE.B.A2C.AM.R.A.2250.EUR.N,M,DE,B,A2C,AM,R,A,2250,EUR,N,2004-07,4.76,A,F,,,P1M,,A,,,,,,,,,,4,,DE2,Cost of borrowing for households for house purchase ,"Germany, Annualised agreed rate (AAR) / Narrowly defined effective rate (NDER), Credit and other institutions (MFI except MMFs and central banks) reporting sector - Lending for house purchase excluding revolving loans and overdrafts, convenience and extended credit card debt, Total calculated by weighting the volumes with a moving average (defined for cost of borrowing purposes), New business coverage, Households and non-profit institutions serving households (S.14 and S.15) sector, denominated in Euro",PCPA,0
MIR.M.DE.B.A2C.AM.R.A.2250.EUR.N,M,DE,B,A2C,AM,R,A,2250,EUR,N,2004-08,4.81,A,F,,,P1M,,A,,,,,,,,,,4,,DE2,Cost of borrowing for households for house purchase ,"Germany, Annualised agreed rate (AAR) / Narrowly defined effective rate (NDER), Credit and other institutions (MFI except MMFs and central banks) reporting sector - Lending for house purchase excluding revolving loans and overdrafts, convenience and extended credit card debt, Total calculated by weighting the volumes with a moving average (defined for cost of borrowing purposes), New business coverage, Households and non-profit institutions serving households (S.14 and S.15) sector, denominated in Euro",PCPA,0
MIR.M.DE.B.A2C.AM.R.A.2250.EUR.N,M,DE,B,A2C,AM,R,A,2250,EUR,N,2004-09,4.78,A,F,,,P1M,,A,,,,,,,,,,4,,DE2,Cost of borrowing for households for house purchase ,"Germany, Annualised agreed rate (AAR) / Narrowly defined effective rate (NDER), Credit and other institutions (MFI except MMFs and central banks) reporting sector - Lending for house purchase excluding revolving loans and overdrafts, convenience and extended credit card debt, Total calculated by weighting the volumes with a moving average (defined for cost of borrowing purposes), New business coverage, Households and non-profit institutions serving households (S.14 and S.15) sector, denominated in Euro",PCPA,0
MIR.M.DE.B.A2C.AM.R.A.2250.EUR.N,M,DE,B,A2C,AM,R,A,2250,EUR,N,2004-10,4.7,A,F,,,P1M,,A,,,,,,,,,,4,,DE2,Cost of borrowing for households for house purchase ,"Germany, Annualised agreed rate (AAR) / Narrowly defined effective rate (NDER), Credit and other institutions (MFI except MMFs and central banks) reporting sector - Lending for house purchase excluding revolving loans and overdrafts, convenience and extended credit card debt, Total calculated by weighting the volumes with a moving average (defined for cost of borrowing purposes), New business coverage, Households and non-profit institutions serving households (S.14 and S.15) sector, denominated in Euro",PCPA,0
MIR.M.DE.B.A2C.AM.R.A.2250.EUR.N,M,DE,B,A2C,AM,R,A,2250,EUR,N,2004-11,4.64,A,F,,,P1M,,A,,,,,,,,,,4,,DE2,Cost of borrowing for households for house purchase ,"Germany, Annualised agreed rate (AAR) / Narrowly defined effective rate (NDER), Credit and other institutions (MFI except MMFs and central banks) reporting sector - Lending for house purchase excluding revolving loans and overdrafts, convenience and extended credit card debt, Total calculated by weighting the volumes with a moving average (defined for cost of borrowing purposes), New business coverage, Households and non-profit institutions serving households (S.14 and S.15) sector, denominated in Euro",PCPA,0
MIR.M.DE.B.A2C.AM.R.A.2250.EUR.N,M,DE,B,A2C,AM,R,A,2250,EUR,N,2004-12,4.53,A,F,,,P1M,,A,,,,,,,,,,4,,DE2,Cost of borrowing for households for house purchase ,"Germany, Annualised agreed rate (AAR) / Narrowly defined effective rate (NDER), Credit and other institutions (MFI except MMFs and central banks) reporting sector - Lending for house purchase excluding revolving loans and overdrafts, convenience and extended credit card debt, Total calculated by weighting the volumes with a moving average (defined for cost of borrowing purposes), New business coverage, Households and non-profit institutions serving households (S.14 and S.15) sector, denominated in Euro",PCPA,0
MIR.M.DE.B.A2C.AM.R.A.2250.EUR.N,M,DE,B,A2C,AM,R,A,2250,EUR,N,2005-01,4.48,A,F,,,P1M,,A,,,,,,,,,,4,,DE2,Cost of borrowing for households for house purchase ,"Germany, Annualised agreed rate (AAR) / Narrowly defined effective rate (NDER), Credit and other institutions (MFI except MMFs and central banks) reporting sector - Lending for house purchase excluding revolving loans and overdrafts, convenience and extended credit card debt, Total calculated by weighting the volumes with a moving average (defined for cost of borrowing purposes), New business coverage, Households and non-profit institutions serving households (S.14 and S.15) sector, denominated in Euro",PCPA,0
MIR.M.DE.B.A2C.AM.R.A.2250.EUR.N,M,DE,B,A2C,AM,R,A,2250,EUR,N,2005-02,4.41,A,F,,,P1M,,A,,,,,,,,,,4,,DE2,Cost of borrowing for households for house purchase ,"Germany, Annualised agreed rate (AAR) / Narrowly defined effective rate (NDER), Credit and other institutions (MFI except MMFs and central banks) reporting sector - Lending for house purchase excluding revolving loans and overdrafts, convenience and extended credit card debt, Total calculated by weighting the volumes with a moving average (defined for cost of borrowing purposes), New business coverage, Households and non-profit institutions serving households (S.14 and S.15) sector, denominated in Euro",PCPA,0
MIR.M.DE.B.A2C.AM.R.A.2250.EUR.N,M,DE,B,A2C,AM,R,A,2250,EUR,N,2005-03,4.4,A,F,,,P1M,,A,,,,,,,,,,4,,DE2,Cost of borrowing for households for house purchase ,"Germany, Annualised agreed rate (AAR) / Narrowly defined effective rate (NDER), Credit and other institutions (MFI except MMFs and central banks) reporting sector - Lending for house purchase excluding revolving loans and overdrafts, convenience and extended credit card debt, Total calculated by weighting the volumes with a moving average (defined for cost of borrowing purposes), New business coverage, Households and non-profit institutions serving households (S.14 and S.15) sector, denominated in Euro",PCPA,0
MIR.M.DE.B.A2C.AM.R.A.2250.EUR.N,M,DE,B,A2C,AM,R,A,2250,EUR,N,2005-04,4.42,A,F,,,P1M,,A,,,,,,,,,,4,,DE2,Cost of borrowing for households for house purchase ,"Germany, Annualised agreed rate (AAR) / Narrowly defined effective rate (NDER), Credit and other institutions (MFI except MMFs and central banks) reporting sector - Lending for house purchase excluding revolving loans and overdrafts, convenience and extended credit card debt, Total calculated by weighting the volumes with a moving average (defined for cost of borrowing purposes), New business coverage, Households and non-profit institutions serving households (S.14 and S.15) sector, denominated in Euro",PCPA,0
MIR.M.DE.B.A2C.AM.R.A.2250.EUR.N,M,DE,B,A2C,AM,R,A,2250,EUR,N,2005-05,4.32,A,F,,,P1M,,A,,,,,,,,,,4,,DE2,Cost of borrowing for households for house purchase ,"Germany, Annualised agreed rate (AAR) / Narrowly defined effective rate (NDER), Credit and other institutions (MFI except MMFs and central banks) reporting sector - Lending for house purchase excluding revolving loans and overdrafts, convenience and extended credit card debt, Total calculated by weighting the volumes with a moving average (defined for cost of borrowing purposes), New business coverage, Households and non-profit institutions serving households (S.14 and S.15) sector, denominated in Euro",PCPA,0
MIR.M.DE.B.A2C.AM.R.A.2250.EUR.N,M,DE,B,A2C,AM,R,A,2250,EUR,N,2005-06,4.2,A,F,,,P1M,,A,,,,,,,,,,4,,DE2,Cost of borrowing for households for house purchase ,"Germany, Annualised agreed rate (AAR) / Narrowly defined effective rate (NDER), Credit and other institutions (MFI except MMFs and central banks) reporting sector - Lending for house purchase excluding revolving loans and overdrafts, convenience and extended credit card debt, Total calculated by weighting the volumes with a moving average (defined for cost of borrowing purposes), New business coverage, Households and non-profit institutions serving households (S.14 and S.15) sector, denominated in Euro",PCPA,0
MIR.M.DE.B.A2C.AM.R.A.2250.EUR.N,M,DE,B,A2C,AM,R,A,2250,EUR,N,2005-07,4.14,A,F,,,P1M,,A,,,,,,,,,,4,,DE2,Cost of borrowing for households for house purchase ,"Germany, Annualised agreed rate (AAR) / Narrowly defined effective rate (NDER), Credit and other institutions (MFI except MMFs and central banks) reporting sector - Lending for house purchase excluding revolving loans and overdrafts, convenience and extended credit card debt, Total calculated by weighting the volumes with a moving average (defined for cost of borrowing purposes), New business coverage, Households and non-profit institutions serving households (S.14 and S.15) sector, denominated in Euro",PCPA,0
MIR.M.DE.B.A2C.AM.R.A.2250.EUR.N,M,DE,B,A2C,AM,R,A,2250,EUR,N,2005-08,4.13,A,F,,,P1M,,A,,,,,,,,,,4,,DE2,Cost of borrowing for households for house purchase ,"Germany, Annualised agreed rate (AAR) / Narrowly defined effective rate (NDER), Credit and other institutions (MFI except MMFs and central banks) reporting sector - Lending for house purchase excluding revolving loans and overdrafts, convenience and extended credit card debt, Total calculated by weighting the volumes with a moving average (defined for cost of borrowing purposes), New business coverage, Households and non-profit institutions serving households (S.14 and S.15) sector, denominated in Euro",PCPA,0
MIR.M.DE.B.A2C.AM.R.A.2250.EUR.N,M,DE,B,A2C,AM,R,A,2250,EUR,N,2005-09,4.11,A,F,,,P1M,,A,,,,,,,,,,4,,DE2,Cost of borrowing for households for house purchase ,"Germany, Annualised agreed rate (AAR) / Narrowly defined effective rate (NDER), Credit and other institutions (MFI except MMFs and central banks) reporting sector - Lending for house purchase excluding revolving loans and overdrafts, convenience and extended credit card debt, Total calculated by weighting the volumes with a moving average (defined for cost of borrowing purposes), New business coverage, Households and non-profit institutions serving households (S.14 and S.15) sector, denominated in Euro",PCPA,0
MIR.M.DE.B.A2C.AM.R.A.2250.EUR.N,M,DE,B,A2C,AM,R,A,2250,EUR,N,2005-10,4.12,A,F,,,P1M,,A,,,,,,,,,,4,,DE2,Cost of borrowing for households for house purchase ,"Germany, Annualised agreed rate (AAR) / Narrowly defined effective rate (NDER), Credit and other institutions (MFI except MMFs and central banks) reporting sector - Lending for house purchase excluding revolving loans and overdrafts, convenience and extended credit card debt, Total calculated by weighting the volumes with a moving average (defined for cost of borrowing purposes), New business coverage, Households and non-profit institutions serving households (S.14 and S.15) sector, denominated in Euro",PCPA,0
MIR.M.DE.B.A2C.AM.R.A.2250.EUR.N,M,DE,B,A2C,AM,R,A,2250,EUR,N,2005-11,4.19,A,F,,,P1M,,A,,,,,,,,,,4,,DE2,Cost of borrowing for households for house purchase ,"Germany, Annualised agreed rate (AAR) / Narrowly defined effective rate (NDER), Credit and other institutions (MFI except MMFs and central banks) reporting sector - Lending for house purchase excluding revolving loans and overdrafts, convenience and extended credit card debt, Total calculated by weighting the volumes with a moving average (defined for cost of borrowing purposes), New business coverage, Households and non-profit institutions serving households (S.14 and S.15) sector, denominated in Euro",PCPA,0
MIR.M.DE.B.A2C.AM.R.A.2250.EUR.N,M,DE,B,A2C,AM,R,A,2250,EUR,N,2005-12,4.28,A,F,,,P1M,,A,,,,,,,,,,4,,DE2,Cost of borrowing for households for house purchase ,"Germany, Annualised agreed rate (AAR) / Narrowly defined effective rate (NDER), Credit and other institutions (MFI except MMFs and central banks) reporting sector - Lending for house purchase excluding revolving loans and overdrafts, convenience and extended credit card debt, Total calculated by weighting the volumes with a moving average (defined for cost of borrowing purposes), New business coverage, Households and non-profit institutions serving households (S.14 and S.15) sector, denominated in Euro",PCPA,0
MIR.M.DE.B.A2C.AM.R.A.2250.EUR.N,M,DE,B,A2C,AM,R,A,2250,EUR,N,2006-01,4.35,A,F,,,P1M,,A,,,,,,,,,,4,,DE2,Cost of borrowing for households for house purchase ,"Germany, Annualised agreed rate (AAR) / Narrowly defined effective rate (NDER), Credit and other institutions (MFI except MMFs and central banks) reporting sector - Lending for house purchase excluding revolving loans and overdrafts, convenience and extended credit card debt, Total calculated by weighting the volumes with a moving average (defined for cost of borrowing purposes), New business coverage, Households and non-profit institutions serving households (S.14 and S.15) sector, denominated in Euro",PCPA,0
MIR.M.DE.B.A2C.AM.R.A.2250.EUR.N,M,DE,B,A2C,AM,R,A,2250,EUR,N,2006-02,4.34,A,F,,,P1M,,A,,,,,,,,,,4,,DE2,Cost of borrowing for households for house purchase ,"Germany, Annualised agreed rate (AAR) / Narrowly defined effective rate (NDER), Credit and other institutions (MFI except MMFs and central banks) reporting sector - Lending for house purchase excluding revolving loans and overdrafts, convenience and extended credit card debt, Total calculated by weighting the volumes with a moving average (defined for cost of borrowing purposes), New business coverage, Households and non-profit institutions serving households (S.14 and S.15) sector, denominated in Euro",PCPA,0
MIR.M.DE.B.A2C.AM.R.A.2250.EUR.N,M,DE,B,A2C,AM,R,A,2250,EUR,N,2006-03,4.44,A,F,,,P1M,,A,,,,,,,,,,4,,DE2,Cost of borrowing for households for house purchase ,"Germany, Annualised agreed rate (AAR) / Narrowly defined effective rate (NDER), Credit and other institutions (MFI except MMFs and central banks) reporting sector - Lending for house purchase excluding revolving loans and overdrafts, convenience and extended credit card debt, Total calculated by weighting the volumes with a moving average (defined for cost of borrowing purposes), New business coverage, Households and non-profit institutions serving households (S.14 and S.15) sector, denominated in Euro",PCPA,0
MIR.M.DE.B.A2C.AM.R.A.2250.EUR.N,M,DE,B,A2C,AM,R,A,2250,EUR,N,2006-04,4.52,A,F,,,P1M,,A,,,,,,,,,,4,,DE2,Cost of borrowing for households for house purchase ,"Germany, Annualised agreed rate (AAR) / Narrowly defined effective rate (NDER), Credit and other institutions (MFI except MMFs and central banks) reporting sector - Lending for house purchase excluding revolving loans and overdrafts, convenience and extended credit card debt, Total calculated by weighting the volumes with a moving average (defined for cost of borrowing purposes), New business coverage, Households and non-profit institutions serving households (S.14 and S.15) sector, denominated in Euro",PCPA,0
MIR.M.DE.B.A2C.AM.R.A.2250.EUR.N,M,DE,B,A2C,AM,R,A,2250,EUR,N,2006-05,4.62,A,F,,,P1M,,A,,,,,,,,,,4,,DE2,Cost of borrowing for households for house purchase ,"Germany, Annualised agreed rate (AAR) / Narrowly defined effective rate (NDER), Credit and other institutions (MFI except MMFs and central banks) reporting sector - Lending for house purchase excluding revolving loans and overdrafts, convenience and extended credit card debt, Total calculated by weighting the volumes with a moving average (defined for cost of borrowing purposes), New business coverage, Households and non-profit institutions serving households (S.14 and S.15) sector, denominated in Euro",PCPA,0
MIR.M.DE.B.A2C.AM.R.A.2250.EUR.N,M,DE,B,A2C,AM,R,A,2250,EUR,N,2006-06,4.69,A,F,,,P1M,,A,,,,,,,,,,4,,DE2,Cost of borrowing for households for house purchase ,"Germany, Annualised agreed rate (AAR) / Narrowly defined effective rate (NDER), Credit and other institutions (MFI except MMFs and central banks) reporting sector - Lending for house purchase excluding revolving loans and overdrafts, convenience and extended credit card debt, Total calculated by weighting the volumes with a moving average (defined for cost of borrowing purposes), New business coverage, Households and non-profit institutions serving households (S.14 and S.15) sector, denominated in Euro",PCPA,0
MIR.M.DE.B.A2C.AM.R.A.2250.EUR.N,M,DE,B,A2C,AM,R,A,2250,EUR,N,2006-07,4.75,A,F,,,P1M,,A,,,,,,,,,,4,,DE2,Cost of borrowing for households for house purchase ,"Germany, Annualised agreed rate (AAR) / Narrowly defined effective rate (NDER), Credit and other institutions (MFI except MMFs and central banks) reporting sector - Lending for house purchase excluding revolving loans and overdrafts, convenience and extended credit card debt, Total calculated by weighting the volumes with a moving average (defined for cost of borrowing purposes), New business coverage, Households and non-profit institutions serving households (S.14 and S.15) sector, denominated in Euro",PCPA,0
MIR.M.DE.B.A2C.AM.R.A.2250.EUR.N,M,DE,B,A2C,AM,R,A,2250,EUR,N,2006-08,4.81,A,F,,,P1M,,A,,,,,,,,,,4,,DE2,Cost of borrowing for households for house purchase ,"Germany, Annualised agreed rate (AAR) / Narrowly defined effective rate (NDER), Credit and other institutions (MFI except MMFs and central banks) reporting sector - Lending for house purchase excluding revolving loans and overdrafts, convenience and extended credit card debt, Total calculated by weighting the volumes with a moving average (defined for cost of borrowing purposes), New business coverage, Households and non-profit institutions serving households (S.14 and S.15) sector, denominated in Euro",PCPA,0
MIR.M.DE.B.A2C.AM.R.A.2250.EUR.N,M,DE,B,A2C,AM,R,A,2250,EUR,N,2006-09,4.78,A,F,,,P1M,,A,,,,,,,,,,4,,DE2,Cost of borrowing for households for house purchase ,"Germany, Annualised agreed rate (AAR) / Narrowly defined effective rate (NDER), Credit and other institutions (MFI except MMFs and central banks) reporting sector - Lending for house purchase excluding revolving loans and overdrafts, convenience and extended credit card debt, Total calculated by weighting the volumes with a moving average (defined for cost of borrowing purposes), New business coverage, Households and non-profit institutions serving households (S.14 and S.15) sector, denominated in Euro",PCPA,0
MIR.M.DE.B.A2C.AM.R.A.2250.EUR.N,M,DE,B,A2C,AM,R,A,2250,EUR,N,2006-10,4.74,A,F,,,P1M,,A,,,,,,,,,,4,,DE2,Cost of borrowing for households for house purchase ,"Germany, Annualised agreed rate (AAR) / Narrowly defined effective rate (NDER), Credit and other institutions (MFI except MMFs and central banks) reporting sector - Lending for house purchase excluding revolving loans and overdrafts, convenience and extended credit card debt, Total calculated by weighting the volumes with a moving average (defined for cost of borrowing purposes), New business coverage, Households and non-profit institutions serving households (S.14 and S.15) sector, denominated in Euro",PCPA,0
MIR.M.DE.B.A2C.AM.R.A.2250.EUR.N,M,DE,B,A2C,AM,R,A,2250,EUR,N,2006-11,4.77,A,F,,,P1M,,A,,,,,,,,,,4,,DE2,Cost of borrowing for households for house purchase ,"Germany, Annualised agreed rate (AAR) / Narrowly defined effective rate (NDER), Credit and other institutions (MFI except MMFs and central banks) reporting sector - Lending for house purchase excluding revolving loans and overdrafts, convenience and extended credit card debt, Total calculated by weighting the volumes with a moving average (defined for cost of borrowing purposes), New business coverage, Households and non-profit institutions serving households (S.14 and S.15) sector, denominated in Euro",PCPA,0
MIR.M.DE.B.A2C.AM.R.A.2250.EUR.N,M,DE,B,A2C,AM,R,A,2250,EUR,N,2006-12,4.73,A,F,,,P1M,,A,,,,,,,,,,4,,DE2,Cost of borrowing for households for house purchase ,"Germany, Annualised agreed rate (AAR) / Narrowly defined effective rate (NDER), Credit and other institutions (MFI except MMFs and central banks) reporting sector - Lending for house purchase excluding revolving loans and overdrafts, convenience and extended credit card debt, Total calculated by weighting the volumes with a moving average (defined for cost of borrowing purposes), New business coverage, Households and non-profit institutions serving households (S.14 and S.15) sector, denominated in Euro",PCPA,0
MIR.M.DE.B.A2C.AM.R.A.2250.EUR.N,M,DE,B,A2C,AM,R,A,2250,EUR,N,2007-01,4.81,A,F,,,P1M,,A,,,,,,,,,,4,,DE2,Cost of borrowing for households for house purchase ,"Germany, Annualised agreed rate (AAR) / Narrowly defined effective rate (NDER), Credit and other institutions (MFI except MMFs and central banks) reporting sector - Lending for house purchase excluding revolving loans and overdrafts, convenience and extended credit card debt, Total calculated by weighting the volumes with a moving average (defined for cost of borrowing purposes), New business coverage, Households and non-profit institutions serving households (S.14 and S.15) sector, denominated in Euro",PCPA,0
MIR.M.DE.B.A2C.AM.R.A.2250.EUR.N,M,DE,B,A2C,AM,R,A,2250,EUR,N,2007-02,4.92,A,F,,,P1M,,A,,,,,,,,,,4,,DE2,Cost of borrowing for households for house purchase ,"Germany, Annualised agreed rate (AAR) / Narrowly defined effective rate (NDER), Credit and other institutions (MFI except MMFs and central banks) reporting sector - Lending for house purchase excluding revolving loans and overdrafts, convenience and extended credit card debt, Total calculated by weighting the volumes with a moving average (defined for cost of borrowing purposes), New business coverage, Households and non-profit institutions serving households (S.14 and S.15) sector, denominated in Euro",PCPA,0
MIR.M.DE.B.A2C.AM.R.A.2250.EUR.N,M,DE,B,A2C,AM,R,A,2250,EUR,N,2007-03,4.91,A,F,,,P1M,,A,,,,,,,,,,4,,DE2,Cost of borrowing for households for house purchase ,"Germany, Annualised agreed rate (AAR) / Narrowly defined effective rate (NDER), Credit and other institutions (MFI except MMFs and central banks) reporting sector - Lending for house purchase excluding revolving loans and overdrafts, convenience and extended credit card debt, Total calculated by weighting the volumes with a moving average (defined for cost of borrowing purposes), New business coverage, Households and non-profit institutions serving households (S.14 and S.15) sector, denominated in Euro",PCPA,0
MIR.M.DE.B.A2C.AM.R.A.2250.EUR.N,M,DE,B,A2C,AM,R,A,2250,EUR,N,2007-04,4.94,A,F,,,P1M,,A,,,,,,,,,,4,,DE2,Cost of borrowing for households for house purchase ,"Germany, Annualised agreed rate (AAR) / Narrowly defined effective rate (NDER), Credit and other institutions (MFI except MMFs and central banks) reporting sector - Lending for house purchase excluding revolving loans and overdrafts, convenience and extended credit card debt, Total calculated by weighting the volumes with a moving average (defined for cost of borrowing purposes), New business coverage, Households and non-profit institutions serving households (S.14 and S.15) sector, denominated in Euro",PCPA,0
MIR.M.DE.B.A2C.AM.R.A.2250.EUR.N,M,DE,B,A2C,AM,R,A,2250,EUR,N,2007-05,4.99,A,F,,,P1M,,A,,,,,,,,,,4,,DE2,Cost of borrowing for households for house purchase ,"Germany, Annualised agreed rate (AAR) / Narrowly defined effective rate (NDER), Credit and other institutions (MFI except MMFs and central banks) reporting sector - Lending for house purchase excluding revolving loans and overdrafts, convenience and extended credit card debt, Total calculated by weighting the volumes with a moving average (defined for cost of borrowing purposes), New business coverage, Households and non-profit institutions serving households (S.14 and S.15) sector, denominated in Euro",PCPA,0
MIR.M.DE.B.A2C.AM.R.A.2250.EUR.N,M,DE,B,A2C,AM,R,A,2250,EUR,N,2007-06,5.14,A,F,,,P1M,,A,,,,,,,,,,4,,DE2,Cost of borrowing for households for house purchase ,"Germany, Annualised agreed rate (AAR) / Narrowly defined effective rate (NDER), Credit and other institutions (MFI except MMFs and central banks) reporting sector - Lending for house purchase excluding revolving loans and overdrafts, convenience and extended credit card debt, Total calculated by weighting the volumes with a moving average (defined for cost of borrowing purposes), New business coverage, Households and non-profit institutions serving households (S.14 and S.15) sector, denominated in Euro",PCPA,0
MIR.M.DE.B.A2C.AM.R.A.2250.EUR.N,M,DE,B,A2C,AM,R,A,2250,EUR,N,2007-07,5.26,A,F,,,P1M,,A,,,,,,,,,,4,,DE2,Cost of borrowing for households for house purchase ,"Germany, Annualised agreed rate (AAR) / Narrowly defined effective rate (NDER), Credit and other institutions (MFI except MMFs and central banks) reporting sector - Lending for house purchase excluding revolving loans and overdrafts, convenience and extended credit card debt, Total calculated by weighting the volumes with a moving average (defined for cost of borrowing purposes), New business coverage, Households and non-profit institutions serving households (S.14 and S.15) sector, denominated in Euro",PCPA,0
MIR.M.DE.B.A2C.AM.R.A.2250.EUR.N,M,DE,B,A2C,AM,R,A,2250,EUR,N,2007-08,5.31,A,F,,,P1M,,A,,,,,,,,,,4,,DE2,Cost of borrowing for households for house purchase ,"Germany, Annualised agreed rate (AAR) / Narrowly defined effective rate (NDER), Credit and other institutions (MFI except MMFs and central banks) reporting sector - Lending for house purchase excluding revolving loans and overdrafts, convenience and extended credit card debt, Total calculated by weighting the volumes with a moving average (defined for cost of borrowing purposes), New business coverage, Households and non-profit institutions serving households (S.14 and S.15) sector, denominated in Euro",PCPA,0
MIR.M.DE.B.A2C.AM.R.A.2250.EUR.N,M,DE,B,A2C,AM,R,A,2250,EUR,N,2007-09,5.25,A,F,,,P1M,,A,,,,,,,,,,4,,DE2,Cost of borrowing for households for house purchase ,"Germany, Annualised agreed rate (AAR) / Narrowly defined effective rate (NDER), Credit and other institutions (MFI except MMFs and central banks) reporting sector - Lending for house purchase excluding revolving loans and overdrafts, convenience and extended credit card debt, Total calculated by weighting the volumes with a moving average (defined for cost of borrowing purposes), New business coverage, Households and non-profit institutions serving households (S.14 and S.15) sector, denominated in Euro",PCPA,0
MIR.M.DE.B.A2C.AM.R.A.2250.EUR.N,M,DE,B,A2C,AM,R,A,2250,EUR,N,2007-10,5.23,A,F,,,P1M,,A,,,,,,,,,,4,,DE2,Cost of borrowing for households for house purchase ,"Germany, Annualised agreed rate (AAR) / Narrowly defined effective rate (NDER), Credit and other institutions (MFI except MMFs and central banks) reporting sector - Lending for house purchase excluding revolving loans and overdrafts, convenience and extended credit card debt, Total calculated by weighting the volumes with a moving average (defined for cost of borrowing purposes), New business coverage, Households and non-profit institutions serving households (S.14 and S.15) sector, denominated in Euro",PCPA,0
MIR.M.DE.B.A2C.AM.R.A.2250.EUR.N,M,DE,B,A2C,AM,R,A,2250,EUR,N,2007-11,5.22,A,F,,,P1M,,A,,,,,,,,,,4,,DE2,Cost of borrowing for households for house purchase ,"Germany, Annualised agreed rate (AAR) / Narrowly defined effective rate (NDER), Credit and other institutions (MFI except MMFs and central banks) reporting sector - Lending for house purchase excluding revolving loans and overdrafts, convenience and extended credit card debt, Total calculated by weighting the volumes with a moving average (defined for cost of borrowing purposes), New business coverage, Households and non-profit institutions serving households (S.14 and S.15) sector, denominated in Euro",PCPA,0
MIR.M.DE.B.A2C.AM.R.A.2250.EUR.N,M,DE,B,A2C,AM,R,A,2250,EUR,N,2007-12,5.21,A,F,,,P1M,,A,,,,,,,,,,4,,DE2,Cost of borrowing for households for house purchase ,"Germany, Annualised agreed rate (AAR) / Narrowly defined effective rate (NDER), Credit and other institutions (MFI except MMFs and central banks) reporting sector - Lending for house purchase excluding revolving loans and overdrafts, convenience and extended credit card debt, Total calculated by weighting the volumes with a moving average (defined for cost of borrowing purposes), New business coverage, Households and non-profit institutions serving households (S.14 and S.15) sector, denominated in Euro",PCPA,0
MIR.M.DE.B.A2C.AM.R.A.2250.EUR.N,M,DE,B,A2C,AM,R,A,2250,EUR,N,2008-01,5.22,A,F,,,P1M,,A,,,,,,,,,,4,,DE2,Cost of borrowing for households for house purchase ,"Germany, Annualised agreed rate (AAR) / Narrowly defined effective rate (NDER), Credit and other institutions (MFI except MMFs and central banks) reporting sector - Lending for house purchase excluding revolving loans and overdrafts, convenience and extended credit card debt, Total calculated by weighting the volumes with a moving average (defined for cost of borrowing purposes), New business coverage, Households and non-profit institutions serving households (S.14 and S.15) sector, denominated in Euro",PCPA,0
MIR.M.DE.B.A2C.AM.R.A.2250.EUR.N,M,DE,B,A2C,AM,R,A,2250,EUR,N,2008-02,5.09,A,F,,,P1M,,A,,,,,,,,,,4,,DE2,Cost of borrowing for households for house purchase ,"Germany, Annualised agreed rate (AAR) / Narrowly defined effective rate (NDER), Credit and other institutions (MFI except MMFs and central banks) reporting sector - Lending for house purchase excluding revolving loans and overdrafts, convenience and extended credit card debt, Total calculated by weighting the volumes with a moving average (defined for cost of borrowing purposes), New business coverage, Households and non-profit institutions serving households (S.14 and S.15) sector, denominated in Euro",PCPA,0
MIR.M.DE.B.A2C.AM.R.A.2250.EUR.N,M,DE,B,A2C,AM,R,A,2250,EUR,N,2008-03,5.04,A,F,,,P1M,,A,,,,,,,,,,4,,DE2,Cost of borrowing for households for house purchase ,"Germany, Annualised agreed rate (AAR) / Narrowly defined effective rate (NDER), Credit and other institutions (MFI except MMFs and central banks) reporting sector - Lending for house purchase excluding revolving loans and overdrafts, convenience and extended credit card debt, Total calculated by weighting the volumes with a moving average (defined for cost of borrowing purposes), New business coverage, Households and non-profit institutions serving households (S.14 and S.15) sector, denominated in Euro",PCPA,0
MIR.M.DE.B.A2C.AM.R.A.2250.EUR.N,M,DE,B,A2C,AM,R,A,2250,EUR,N,2008-04,5.08,A,F,,,P1M,,A,,,,,,,,,,4,,DE2,Cost of borrowing for households for house purchase ,"Germany, Annualised agreed rate (AAR) / Narrowly defined effective rate (NDER), Credit and other institutions (MFI except MMFs and central banks) reporting sector - Lending for house purchase excluding revolving loans and overdrafts, convenience and extended credit card debt, Total calculated by weighting the volumes with a moving average (defined for cost of borrowing purposes), New business coverage, Households and non-profit institutions serving households (S.14 and S.15) sector, denominated in Euro",PCPA,0
MIR.M.DE.B.A2C.AM.R.A.2250.EUR.N,M,DE,B,A2C,AM,R,A,2250,EUR,N,2008-05,5.14,A,F,,,P1M,,A,,,,,,,,,,4,,DE2,Cost of borrowing for households for house purchase ,"Germany, Annualised agreed rate (AAR) / Narrowly defined effective rate (NDER), Credit and other institutions (MFI except MMFs and central banks) reporting sector - Lending for house purchase excluding revolving loans and overdrafts, convenience and extended credit card debt, Total calculated by weighting the volumes with a moving average (defined for cost of borrowing purposes), New business coverage, Households and non-profit institutions serving households (S.14 and S.15) sector, denominated in Euro",PCPA,0
MIR.M.DE.B.A2C.AM.R.A.2250.EUR.N,M,DE,B,A2C,AM,R,A,2250,EUR,N,2008-06,5.25,A,F,,,P1M,,A,,,,,,,,,,4,,DE2,Cost of borrowing for households for house purchase ,"Germany, Annualised agreed rate (AAR) / Narrowly defined effective rate (NDER), Credit and other institutions (MFI except MMFs and central banks) reporting sector - Lending for house purchase excluding revolving loans and overdrafts, convenience and extended credit card debt, Total calculated by weighting the volumes with a moving average (defined for cost of borrowing purposes), New business coverage, Households and non-profit institutions serving households (S.14 and S.15) sector, denominated in Euro",PCPA,0
MIR.M.DE.B.A2C.AM.R.A.2250.EUR.N,M,DE,B,A2C,AM,R,A,2250,EUR,N,2008-07,5.42,A,F,,,P1M,,A,,,,,,,,,,4,,DE2,Cost of borrowing for households for house purchase ,"Germany, Annualised agreed rate (AAR) / Narrowly defined effective rate (NDER), Credit and other institutions (MFI except MMFs and central banks) reporting sector - Lending for house purchase excluding revolving loans and overdrafts, convenience and extended credit card debt, Total calculated by weighting the volumes with a moving average (defined for cost of borrowing purposes), New business coverage, Households and non-profit institutions serving households (S.14 and S.15) sector, denominated in Euro",PCPA,0
MIR.M.DE.B.A2C.AM.R.A.2250.EUR.N,M,DE,B,A2C,AM,R,A,2250,EUR,N,2008-08,5.48,A,F,,,P1M,,A,,,,,,,,,,4,,DE2,Cost of borrowing for households for house purchase ,"Germany, Annualised agreed rate (AAR) / Narrowly defined effective rate (NDER), Credit and other institutions (MFI except MMFs and central banks) reporting sector - Lending for house purchase excluding revolving loans and overdrafts, convenience and extended credit card debt, Total calculated by weighting the volumes with a moving average (defined for cost of borrowing purposes), New business coverage, Households and non-profit institutions serving households (S.14 and S.15) sector, denominated in Euro",PCPA,0
MIR.M.DE.B.A2C.AM.R.A.2250.EUR.N,M,DE,B,A2C,AM,R,A,2250,EUR,N,2008-09,5.39,A,F,,,P1M,,A,,,,,,,,,,4,,DE2,Cost of borrowing for households for house purchase ,"Germany, Annualised agreed rate (AAR) / Narrowly defined effective rate (NDER), Credit and other institutions (MFI except MMFs and central banks) reporting sector - Lending for house purchase excluding revolving loans and overdrafts, convenience and extended credit card debt, Total calculated by weighting the volumes with a moving average (defined for cost of borrowing purposes), New business coverage, Households and non-profit institutions serving households (S.14 and S.15) sector, denominated in Euro",PCPA,0
MIR.M.DE.B.A2C.AM.R.A.2250.EUR.N,M,DE,B,A2C,AM,R,A,2250,EUR,N,2008-10,5.36,A,F,,,P1M,,A,,,,,,,,,,4,,DE2,Cost of borrowing for households for house purchase ,"Germany, Annualised agreed rate (AAR) / Narrowly defined effective rate (NDER), Credit and other institutions (MFI except MMFs and central banks) reporting sector - Lending for house purchase excluding revolving loans and overdrafts, convenience and extended credit card debt, Total calculated by weighting the volumes with a moving average (defined for cost of borrowing purposes), New business coverage, Households and non-profit institutions serving households (S.14 and S.15) sector, denominated in Euro",PCPA,0
MIR.M.DE.B.A2C.AM.R.A.2250.EUR.N,M,DE,B,A2C,AM,R,A,2250,EUR,N,2008-11,5.21,A,F,,,P1M,,A,,,,,,,,,,4,,DE2,Cost of borrowing for households for house purchase ,"Germany, Annualised agreed rate (AAR) / Narrowly defined effective rate (NDER), Credit and other institutions (MFI except MMFs and central banks) reporting sector - Lending for house purchase excluding revolving loans and overdrafts, convenience and extended credit card debt, Total calculated by weighting the volumes with a moving average (defined for cost of borrowing purposes), New business coverage, Households and non-profit institutions serving households (S.14 and S.15) sector, denominated in Euro",PCPA,0
MIR.M.DE.B.A2C.AM.R.A.2250.EUR.N,M,DE,B,A2C,AM,R,A,2250,EUR,N,2008-12,4.89,A,F,,,P1M,,A,,,,,,,,,,4,,DE2,Cost of borrowing for households for house purchase ,"Germany, Annualised agreed rate (AAR) / Narrowly defined effective rate (NDER), Credit and other institutions (MFI except MMFs and central banks) reporting sector - Lending for house purchase excluding revolving loans and overdrafts, convenience and extended credit card debt, Total calculated by weighting the volumes with a moving average (defined for cost of borrowing purposes), New business coverage, Households and non-profit institutions serving households (S.14 and S.15) sector, denominated in Euro",PCPA,0
MIR.M.DE.B.A2C.AM.R.A.2250.EUR.N,M,DE,B,A2C,AM,R,A,2250,EUR,N,2009-01,4.75,A,F,,,P1M,,A,,,,,,,,,,4,,DE2,Cost of borrowing for households for house purchase ,"Germany, Annualised agreed rate (AAR) / Narrowly defined effective rate (NDER), Credit and other institutions (MFI except MMFs and central banks) reporting sector - Lending for house purchase excluding revolving loans and overdrafts, convenience and extended credit card debt, Total calculated by weighting the volumes with a moving average (defined for cost of borrowing purposes), New business coverage, Households and non-profit institutions serving households (S.14 and S.15) sector, denominated in Euro",PCPA,0
MIR.M.DE.B.A2C.AM.R.A.2250.EUR.N,M,DE,B,A2C,AM,R,A,2250,EUR,N,2009-02,4.5,A,F,,,P1M,,A,,,,,,,,,,4,,DE2,Cost of borrowing for households for house purchase ,"Germany, Annualised agreed rate (AAR) / Narrowly defined effective rate (NDER), Credit and other institutions (MFI except MMFs and central banks) reporting sector - Lending for house purchase excluding revolving loans and overdrafts, convenience and extended credit card debt, Total calculated by weighting the volumes with a moving average (defined for cost of borrowing purposes), New business coverage, Households and non-profit institutions serving households (S.14 and S.15) sector, denominated in Euro",PCPA,0
MIR.M.DE.B.A2C.AM.R.A.2250.EUR.N,M,DE,B,A2C,AM,R,A,2250,EUR,N,2009-03,4.34,A,F,,,P1M,,A,,,,,,,,,,4,,DE2,Cost of borrowing for households for house purchase ,"Germany, Annualised agreed rate (AAR) / Narrowly defined effective rate (NDER), Credit and other institutions (MFI except MMFs and central banks) reporting sector - Lending for house purchase excluding revolving loans and overdrafts, convenience and extended credit card debt, Total calculated by weighting the volumes with a moving average (defined for cost of borrowing purposes), New business coverage, Households and non-profit institutions serving households (S.14 and S.15) sector, denominated in Euro",PCPA,0
MIR.M.DE.B.A2C.AM.R.A.2250.EUR.N,M,DE,B,A2C,AM,R,A,2250,EUR,N,2009-04,4.26,A,F,,,P1M,,A,,,,,,,,,,4,,DE2,Cost of borrowing for households for house purchase ,"Germany, Annualised agreed rate (AAR) / Narrowly defined effective rate (NDER), Credit and other institutions (MFI except MMFs and central banks) reporting sector - Lending for house purchase excluding revolving loans and overdrafts, convenience and extended credit card debt, Total calculated by weighting the volumes with a moving average (defined for cost of borrowing purposes), New business coverage, Households and non-profit institutions serving households (S.14 and S.15) sector, denominated in Euro",PCPA,0
MIR.M.DE.B.A2C.AM.R.A.2250.EUR.N,M,DE,B,A2C,AM,R,A,2250,EUR,N,2009-05,4.21,A,F,,,P1M,,A,,,,,,,,,,4,,DE2,Cost of borrowing for households for house purchase ,"Germany, Annualised agreed rate (AAR) / Narrowly defined effective rate (NDER), Credit and other institutions (MFI except MMFs and central banks) reporting sector - Lending for house purchase excluding revolving loans and overdrafts, convenience and extended credit card debt, Total calculated by weighting the volumes with a moving average (defined for cost of borrowing purposes), New business coverage, Households and non-profit institutions serving households (S.14 and S.15) sector, denominated in Euro",PCPA,0
MIR.M.DE.B.A2C.AM.R.A.2250.EUR.N,M,DE,B,A2C,AM,R,A,2250,EUR,N,2009-06,4.22,A,F,,,P1M,,A,,,,,,,,,,4,,DE2,Cost of borrowing for households for house purchase ,"Germany, Annualised agreed rate (AAR) / Narrowly defined effective rate (NDER), Credit and other institutions (MFI except MMFs and central banks) reporting sector - Lending for house purchase excluding revolving loans and overdrafts, convenience and extended credit card debt, Total calculated by weighting the volumes with a moving average (defined for cost of borrowing purposes), New business coverage, Households and non-profit institutions serving households (S.14 and S.15) sector, denominated in Euro",PCPA,0
MIR.M.DE.B.A2C.AM.R.A.2250.EUR.N,M,DE,B,A2C,AM,R,A,2250,EUR,N,2009-07,4.23,A,F,,,P1M,,A,,,,,,,,,,4,,DE2,Cost of borrowing for households for house purchase ,"Germany, Annualised agreed rate (AAR) / Narrowly defined effective rate (NDER), Credit and other institutions (MFI except MMFs and central banks) reporting sector - Lending for house purchase excluding revolving loans and overdrafts, convenience and extended credit card debt, Total calculated by weighting the volumes with a moving average (defined for cost of borrowing purposes), New business coverage, Households and non-profit institutions serving households (S.14 and S.15) sector, denominated in Euro",PCPA,0
MIR.M.DE.B.A2C.AM.R.A.2250.EUR.N,M,DE,B,A2C,AM,R,A,2250,EUR,N,2009-08,4.21,A,F,,,P1M,,A,,,,,,,,,,4,,DE2,Cost of borrowing for households for house purchase ,"Germany, Annualised agreed rate (AAR) / Narrowly defined effective rate (NDER), Credit and other institutions (MFI except MMFs and central banks) reporting sector - Lending for house purchase excluding revolving loans and overdrafts, convenience and extended credit card debt, Total calculated by weighting the volumes with a moving average (defined for cost of borrowing purposes), New business coverage, Households and non-profit institutions serving households (S.14 and S.15) sector, denominated in Euro",PCPA,0
MIR.M.DE.B.A2C.AM.R.A.2250.EUR.N,M,DE,B,A2C,AM,R,A,2250,EUR,N,2009-09,4.14,A,F,,,P1M,,A,,,,,,,,,,4,,DE2,Cost of borrowing for households for house purchase ,"Germany, Annualised agreed rate (AAR) / Narrowly defined effective rate (NDER), Credit and other institutions (MFI except MMFs and central banks) reporting sector - Lending for house purchase excluding revolving loans and overdrafts, convenience and extended credit card debt, Total calculated by weighting the volumes with a moving average (defined for cost of borrowing purposes), New business coverage, Households and non-profit institutions serving households (S.14 and S.15) sector, denominated in Euro",PCPA,0
MIR.M.DE.B.A2C.AM.R.A.2250.EUR.N,M,DE,B,A2C,AM,R,A,2250,EUR,N,2009-10,4.1,A,F,,,P1M,,A,,,,,,,,,,4,,DE2,Cost of borrowing for households for house purchase ,"Germany, Annualised agreed rate (AAR) / Narrowly defined effective rate (NDER), Credit and other institutions (MFI except MMFs and central banks) reporting sector - Lending for house purchase excluding revolving loans and overdrafts, convenience and extended credit card debt, Total calculated by weighting the volumes with a moving average (defined for cost of borrowing purposes), New business coverage, Households and non-profit institutions serving households (S.14 and S.15) sector, denominated in Euro",PCPA,0
MIR.M.DE.B.A2C.AM.R.A.2250.EUR.N,M,DE,B,A2C,AM,R,A,2250,EUR,N,2009-11,4.06,A,F,,,P1M,,A,,,,,,,,,,4,,DE2,Cost of borrowing for households for house purchase ,"Germany, Annualised agreed rate (AAR) / Narrowly defined effective rate (NDER), Credit and other institutions (MFI except MMFs and central banks) reporting sector - Lending for house purchase excluding revolving loans and overdrafts, convenience and extended credit card debt, Total calculated by weighting the volumes with a moving average (defined for cost of borrowing purposes), New business coverage, Households and non-profit institutions serving households (S.14 and S.15) sector, denominated in Euro",PCPA,0
MIR.M.DE.B.A2C.AM.R.A.2250.EUR.N,M,DE,B,A2C,AM,R,A,2250,EUR,N,2009-12,4.06,A,F,,,P1M,,A,,,,,,,,,,4,,DE2,Cost of borrowing for households for house purchase ,"Germany, Annualised agreed rate (AAR) / Narrowly defined effective rate (NDER), Credit and other institutions (MFI except MMFs and central banks) reporting sector - Lending for house purchase excluding revolving loans and overdrafts, convenience and extended credit card debt, Total calculated by weighting the volumes with a moving average (defined for cost of borrowing purposes), New business coverage, Households and non-profit institutions serving households (S.14 and S.15) sector, denominated in Euro",PCPA,0
MIR.M.DE.B.A2C.AM.R.A.2250.EUR.N,M,DE,B,A2C,AM,R,A,2250,EUR,N,2010-01,4.04,A,F,,,P1M,,A,,,,,,,,,,4,,DE2,Cost of borrowing for households for house purchase ,"Germany, Annualised agreed rate (AAR) / Narrowly defined effective rate (NDER), Credit and other institutions (MFI except MMFs and central banks) reporting sector - Lending for house purchase excluding revolving loans and overdrafts, convenience and extended credit card debt, Total calculated by weighting the volumes with a moving average (defined for cost of borrowing purposes), New business coverage, Households and non-profit institutions serving households (S.14 and S.15) sector, denominated in Euro",PCPA,0
MIR.M.DE.B.A2C.AM.R.A.2250.EUR.N,M,DE,B,A2C,AM,R,A,2250,EUR,N,2010-02,3.98,A,F,,,P1M,,A,,,,,,,,,,4,,DE2,Cost of borrowing for households for house purchase ,"Germany, Annualised agreed rate (AAR) / Narrowly defined effective rate (NDER), Credit and other institutions (MFI except MMFs and central banks) reporting sector - Lending for house purchase excluding revolving loans and overdrafts, convenience and extended credit card debt, Total calculated by weighting the volumes with a moving average (defined for cost of borrowing purposes), New business coverage, Households and non-profit institutions serving households (S.14 and S.15) sector, denominated in Euro",PCPA,0
MIR.M.DE.B.A2C.AM.R.A.2250.EUR.N,M,DE,B,A2C,AM,R,A,2250,EUR,N,2010-03,3.89,A,F,,,P1M,,A,,,,,,,,,,4,,DE2,Cost of borrowing for households for house purchase ,"Germany, Annualised agreed rate (AAR) / Narrowly defined effective rate (NDER), Credit and other institutions (MFI except MMFs and central banks) reporting sector - Lending for house purchase excluding revolving loans and overdrafts, convenience and extended credit card debt, Total calculated by weighting the volumes with a moving average (defined for cost of borrowing purposes), New business coverage, Households and non-profit institutions serving households (S.14 and S.15) sector, denominated in Euro",PCPA,0
MIR.M.DE.B.A2C.AM.R.A.2250.EUR.N,M,DE,B,A2C,AM,R,A,2250,EUR,N,2010-04,3.9,A,F,,,P1M,,A,,,,,,,,,,4,,DE2,Cost of borrowing for households for house purchase ,"Germany, Annualised agreed rate (AAR) / Narrowly defined effective rate (NDER), Credit and other institutions (MFI except MMFs and central banks) reporting sector - Lending for house purchase excluding revolving loans and overdrafts, convenience and extended credit card debt, Total calculated by weighting the volumes with a moving average (defined for cost of borrowing purposes), New business coverage, Households and non-profit institutions serving households (S.14 and S.15) sector, denominated in Euro",PCPA,0
MIR.M.DE.B.A2C.AM.R.A.2250.EUR.N,M,DE,B,A2C,AM,R,A,2250,EUR,N,2010-05,3.8,A,F,,,P1M,,A,,,,,,,,,,4,,DE2,Cost of borrowing for households for house purchase ,"Germany, Annualised agreed rate (AAR) / Narrowly defined effective rate (NDER), Credit and other institutions (MFI except MMFs and central banks) reporting sector - Lending for house purchase excluding revolving loans and overdrafts, convenience and extended credit card debt, Total calculated by weighting the volumes with a moving average (defined for cost of borrowing purposes), New business coverage, Households and non-profit institutions serving households (S.14 and S.15) sector, denominated in Euro",PCPA,0
MIR.M.DE.B.A2C.AM.R.A.2250.EUR.N,M,DE,B,A2C,AM,R,A,2250,EUR,N,2010-06,3.68,A,F,,,P1M,,A,,,,,,,,,,4,,DE2,Cost of borrowing for households for house purchase ,"Germany, Annualised agreed rate (AAR) / Narrowly defined effective rate (NDER), Credit and other institutions (MFI except MMFs and central banks) reporting sector - Lending for house purchase excluding revolving loans and overdrafts, convenience and extended credit card debt, Total calculated by weighting the volumes with a moving average (defined for cost of borrowing purposes), New business coverage, Households and non-profit institutions serving households (S.14 and S.15) sector, denominated in Euro",PCPA,0
MIR.M.DE.B.A2C.AM.R.A.2250.EUR.N,M,DE,B,A2C,AM,R,A,2250,EUR,N,2010-07,3.57,A,F,,,P1M,,A,,,,,,,,,,4,,DE2,Cost of borrowing for households for house purchase ,"Germany, Annualised agreed rate (AAR) / Narrowly defined effective rate (NDER), Credit and other institutions (MFI except MMFs and central banks) reporting sector - Lending for house purchase excluding revolving loans and overdrafts, convenience and extended credit card debt, Total calculated by weighting the volumes with a moving average (defined for cost of borrowing purposes), New business coverage, Households and non-profit institutions serving households (S.14 and S.15) sector, denominated in Euro",PCPA,0
MIR.M.DE.B.A2C.AM.R.A.2250.EUR.N,M,DE,B,A2C,AM,R,A,2250,EUR,N,2010-08,3.62,A,F,,,P1M,,A,,,,,,,,,,4,,DE2,Cost of borrowing for households for house purchase ,"Germany, Annualised agreed rate (AAR) / Narrowly defined effective rate (NDER), Credit and other institutions (MFI except MMFs and central banks) reporting sector - Lending for house purchase excluding revolving loans and overdrafts, convenience and extended credit card debt, Total calculated by weighting the volumes with a moving average (defined for cost of borrowing purposes), New business coverage, Households and non-profit institutions serving households (S.14 and S.15) sector, denominated in Euro",PCPA,0
MIR.M.DE.B.A2C.AM.R.A.2250.EUR.N,M,DE,B,A2C,AM,R,A,2250,EUR,N,2010-09,3.5,A,F,,,P1M,,A,,,,,,,,,,4,,DE2,Cost of borrowing for households for house purchase ,"Germany, Annualised agreed rate (AAR) / Narrowly defined effective rate (NDER), Credit and other institutions (MFI except MMFs and central banks) reporting sector - Lending for house purchase excluding revolving loans and overdrafts, convenience and extended credit card debt, Total calculated by weighting the volumes with a moving average (defined for cost of borrowing purposes), New business coverage, Households and non-profit institutions serving households (S.14 and S.15) sector, denominated in Euro",PCPA,0
MIR.M.DE.B.A2C.AM.R.A.2250.EUR.N,M,DE,B,A2C,AM,R,A,2250,EUR,N,2010-10,3.45,A,F,,,P1M,,A,,,,,,,,,,4,,DE2,Cost of borrowing for households for house purchase ,"Germany, Annualised agreed rate (AAR) / Narrowly defined effective rate (NDER), Credit and other institutions (MFI except MMFs and central banks) reporting sector - Lending for house purchase excluding revolving loans and overdrafts, convenience and extended credit card debt, Total calculated by weighting the volumes with a moving average (defined for cost of borrowing purposes), New business coverage, Households and non-profit institutions serving households (S.14 and S.15) sector, denominated in Euro",PCPA,0
MIR.M.DE.B.A2C.AM.R.A.2250.EUR.N,M,DE,B,A2C,AM,R,A,2250,EUR,N,2010-11,3.52,A,F,,,P1M,,A,,,,,,,,,,4,,DE2,Cost of borrowing for households for house purchase ,"Germany, Annualised agreed rate (AAR) / Narrowly defined effective rate (NDER), Credit and other institutions (MFI except MMFs and central banks) reporting sector - Lending for house purchase excluding revolving loans and overdrafts, convenience and extended credit card debt, Total calculated by weighting the volumes with a moving average (defined for cost of borrowing purposes), New business coverage, Households and non-profit institutions serving households (S.14 and S.15) sector, denominated in Euro",PCPA,0
MIR.M.DE.B.A2C.AM.R.A.2250.EUR.N,M,DE,B,A2C,AM,R,A,2250,EUR,N,2010-12,3.6,A,F,,,P1M,,A,,,,,,,,,,4,,DE2,Cost of borrowing for households for house purchase ,"Germany, Annualised agreed rate (AAR) / Narrowly defined effective rate (NDER), Credit and other institutions (MFI except MMFs and central banks) reporting sector - Lending for house purchase excluding revolving loans and overdrafts, convenience and extended credit card debt, Total calculated by weighting the volumes with a moving average (defined for cost of borrowing purposes), New business coverage, Households and non-profit institutions serving households (S.14 and S.15) sector, denominated in Euro",PCPA,0
MIR.M.DE.B.A2C.AM.R.A.2250.EUR.N,M,DE,B,A2C,AM,R,A,2250,EUR,N,2011-01,3.72,A,F,,,P1M,,A,,,,,,,,,,4,,DE2,Cost of borrowing for households for house purchase ,"Germany, Annualised agreed rate (AAR) / Narrowly defined effective rate (NDER), Credit and other institutions (MFI except MMFs and central banks) reporting sector - Lending for house purchase excluding revolving loans and overdrafts, convenience and extended credit card debt, Total calculated by weighting the volumes with a moving average (defined for cost of borrowing purposes), New business coverage, Households and non-profit institutions serving households (S.14 and S.15) sector, denominated in Euro",PCPA,0
MIR.M.DE.B.A2C.AM.R.A.2250.EUR.N,M,DE,B,A2C,AM,R,A,2250,EUR,N,2011-02,3.89,A,F,,,P1M,,A,,,,,,,,,,4,,DE2,Cost of borrowing for households for house purchase ,"Germany, Annualised agreed rate (AAR) / Narrowly defined effective rate (NDER), Credit and other institutions (MFI except MMFs and central banks) reporting sector - Lending for house purchase excluding revolving loans and overdrafts, convenience and extended credit card debt, Total calculated by weighting the volumes with a moving average (defined for cost of borrowing purposes), New business coverage, Households and non-profit institutions serving households (S.14 and S.15) sector, denominated in Euro",PCPA,0
MIR.M.DE.B.A2C.AM.R.A.2250.EUR.N,M,DE,B,A2C,AM,R,A,2250,EUR,N,2011-03,3.97,A,F,,,P1M,,A,,,,,,,,,,4,,DE2,Cost of borrowing for households for house purchase ,"Germany, Annualised agreed rate (AAR) / Narrowly defined effective rate (NDER), Credit and other institutions (MFI except MMFs and central banks) reporting sector - Lending for house purchase excluding revolving loans and overdrafts, convenience and extended credit card debt, Total calculated by weighting the volumes with a moving average (defined for cost of borrowing purposes), New business coverage, Households and non-profit institutions serving households (S.14 and S.15) sector, denominated in Euro",PCPA,0
MIR.M.DE.B.A2C.AM.R.A.2250.EUR.N,M,DE,B,A2C,AM,R,A,2250,EUR,N,2011-04,4.08,A,F,,,P1M,,A,,,,,,,,,,4,,DE2,Cost of borrowing for households for house purchase ,"Germany, Annualised agreed rate (AAR) / Narrowly defined effective rate (NDER), Credit and other institutions (MFI except MMFs and central banks) reporting sector - Lending for house purchase excluding revolving loans and overdrafts, convenience and extended credit card debt, Total calculated by weighting the volumes with a moving average (defined for cost of borrowing purposes), New business coverage, Households and non-profit institutions serving households (S.14 and S.15) sector, denominated in Euro",PCPA,0
MIR.M.DE.B.A2C.AM.R.A.2250.EUR.N,M,DE,B,A2C,AM,R,A,2250,EUR,N,2011-05,4.15,A,F,,,P1M,,A,,,,,,,,,,4,,DE2,Cost of borrowing for households for house purchase ,"Germany, Annualised agreed rate (AAR) / Narrowly defined effective rate (NDER), Credit and other institutions (MFI except MMFs and central banks) reporting sector - Lending for house purchase excluding revolving loans and overdrafts, convenience and extended credit card debt, Total calculated by weighting the volumes with a moving average (defined for cost of borrowing purposes), New business coverage, Households and non-profit institutions serving households (S.14 and S.15) sector, denominated in Euro",PCPA,0
MIR.M.DE.B.A2C.AM.R.A.2250.EUR.N,M,DE,B,A2C,AM,R,A,2250,EUR,N,2011-06,4.1,A,F,,,P1M,,A,,,,,,,,,,4,,DE2,Cost of borrowing for households for house purchase ,"Germany, Annualised agreed rate (AAR) / Narrowly defined effective rate (NDER), Credit and other institutions (MFI except MMFs and central banks) reporting sector - Lending for house purchase excluding revolving loans and overdrafts, convenience and extended credit card debt, Total calculated by weighting the volumes with a moving average (defined for cost of borrowing purposes), New business coverage, Households and non-profit institutions serving households (S.14 and S.15) sector, denominated in Euro",PCPA,0
MIR.M.DE.B.A2C.AM.R.A.2250.EUR.N,M,DE,B,A2C,AM,R,A,2250,EUR,N,2011-07,4.02,A,F,,,P1M,,A,,,,,,,,,,4,,DE2,Cost of borrowing for households for house purchase ,"Germany, Annualised agreed rate (AAR) / Narrowly defined effective rate (NDER), Credit and other institutions (MFI except MMFs and central banks) reporting sector - Lending for house purchase excluding revolving loans and overdrafts, convenience and extended credit card debt, Total calculated by weighting the volumes with a moving average (defined for cost of borrowing purposes), New business coverage, Households and non-profit institutions serving households (S.14 and S.15) sector, denominated in Euro",PCPA,0
MIR.M.DE.B.A2C.AM.R.A.2250.EUR.N,M,DE,B,A2C,AM,R,A,2250,EUR,N,2011-08,3.96,A,F,,,P1M,,A,,,,,,,,,,4,,DE2,Cost of borrowing for households for house purchase ,"Germany, Annualised agreed rate (AAR) / Narrowly defined effective rate (NDER), Credit and other institutions (MFI except MMFs and central banks) reporting sector - Lending for house purchase excluding revolving loans and overdrafts, convenience and extended credit card debt, Total calculated by weighting the volumes with a moving average (defined for cost of borrowing purposes), New business coverage, Households and non-profit institutions serving households (S.14 and S.15) sector, denominated in Euro",PCPA,0
MIR.M.DE.B.A2C.AM.R.A.2250.EUR.N,M,DE,B,A2C,AM,R,A,2250,EUR,N,2011-09,3.73,A,F,,,P1M,,A,,,,,,,,,,4,,DE2,Cost of borrowing for households for house purchase ,"Germany, Annualised agreed rate (AAR) / Narrowly defined effective rate (NDER), Credit and other institutions (MFI except MMFs and central banks) reporting sector - Lending for house purchase excluding revolving loans and overdrafts, convenience and extended credit card debt, Total calculated by weighting the volumes with a moving average (defined for cost of borrowing purposes), New business coverage, Households and non-profit institutions serving households (S.14 and S.15) sector, denominated in Euro",PCPA,0
MIR.M.DE.B.A2C.AM.R.A.2250.EUR.N,M,DE,B,A2C,AM,R,A,2250,EUR,N,2011-10,3.56,A,F,,,P1M,,A,,,,,,,,,,4,,DE2,Cost of borrowing for households for house purchase ,"Germany, Annualised agreed rate (AAR) / Narrowly defined effective rate (NDER), Credit and other institutions (MFI except MMFs and central banks) reporting sector - Lending for house purchase excluding revolving loans and overdrafts, convenience and extended credit card debt, Total calculated by weighting the volumes with a moving average (defined for cost of borrowing purposes), New business coverage, Households and non-profit institutions serving households (S.14 and S.15) sector, denominated in Euro",PCPA,0
MIR.M.DE.B.A2C.AM.R.A.2250.EUR.N,M,DE,B,A2C,AM,R,A,2250,EUR,N,2011-11,3.54,A,F,,,P1M,,A,,,,,,,,,,4,,DE2,Cost of borrowing for households for house purchase ,"Germany, Annualised agreed rate (AAR) / Narrowly defined effective rate (NDER), Credit and other institutions (MFI except MMFs and central banks) reporting sector - Lending for house purchase excluding revolving loans and overdrafts, convenience and extended credit card debt, Total calculated by weighting the volumes with a moving average (defined for cost of borrowing purposes), New business coverage, Households and non-profit institutions serving households (S.14 and S.15) sector, denominated in Euro",PCPA,0
MIR.M.DE.B.A2C.AM.R.A.2250.EUR.N,M,DE,B,A2C,AM,R,A,2250,EUR,N,2011-12,3.49,A,F,,,P1M,,A,,,,,,,,,,4,,DE2,Cost of borrowing for households for house purchase ,"Germany, Annualised agreed rate (AAR) / Narrowly defined effective rate (NDER), Credit and other institutions (MFI except MMFs and central banks) reporting sector - Lending for house purchase excluding revolving loans and overdrafts, convenience and extended credit card debt, Total calculated by weighting the volumes with a moving average (defined for cost of borrowing purposes), New business coverage, Households and non-profit institutions serving households (S.14 and S.15) sector, denominated in Euro",PCPA,0
MIR.M.DE.B.A2C.AM.R.A.2250.EUR.N,M,DE,B,A2C,AM,R,A,2250,EUR,N,2012-01,3.46,A,F,,,P1M,,A,,,,,,,,,,4,,DE2,Cost of borrowing for households for house purchase ,"Germany, Annualised agreed rate (AAR) / Narrowly defined effective rate (NDER), Credit and other institutions (MFI except MMFs and central banks) reporting sector - Lending for house purchase excluding revolving loans and overdrafts, convenience and extended credit card debt, Total calculated by weighting the volumes with a moving average (defined for cost of borrowing purposes), New business coverage, Households and non-profit institutions serving households (S.14 and S.15) sector, denominated in Euro",PCPA,0
MIR.M.DE.B.A2C.AM.R.A.2250.EUR.N,M,DE,B,A2C,AM,R,A,2250,EUR,N,2012-02,3.39,A,F,,,P1M,,A,,,,,,,,,,4,,DE2,Cost of borrowing for households for house purchase ,"Germany, Annualised agreed rate (AAR) / Narrowly defined effective rate (NDER), Credit and other institutions (MFI except MMFs and central banks) reporting sector - Lending for house purchase excluding revolving loans and overdrafts, convenience and extended credit card debt, Total calculated by weighting the volumes with a moving average (defined for cost of borrowing purposes), New business coverage, Households and non-profit institutions serving households (S.14 and S.15) sector, denominated in Euro",PCPA,0
MIR.M.DE.B.A2C.AM.R.A.2250.EUR.N,M,DE,B,A2C,AM,R,A,2250,EUR,N,2012-03,3.27,A,F,,,P1M,,A,,,,,,,,,,4,,DE2,Cost of borrowing for households for house purchase ,"Germany, Annualised agreed rate (AAR) / Narrowly defined effective rate (NDER), Credit and other institutions (MFI except MMFs and central banks) reporting sector - Lending for house purchase excluding revolving loans and overdrafts, convenience and extended credit card debt, Total calculated by weighting the volumes with a moving average (defined for cost of borrowing purposes), New business coverage, Households and non-profit institutions serving households (S.14 and S.15) sector, denominated in Euro",PCPA,0
MIR.M.DE.B.A2C.AM.R.A.2250.EUR.N,M,DE,B,A2C,AM,R,A,2250,EUR,N,2012-04,3.3,A,F,,,P1M,,A,,,,,,,,,,4,,DE2,Cost of borrowing for households for house purchase ,"Germany, Annualised agreed rate (AAR) / Narrowly defined effective rate (NDER), Credit and other institutions (MFI except MMFs and central banks) reporting sector - Lending for house purchase excluding revolving loans and overdrafts, convenience and extended credit card debt, Total calculated by weighting the volumes with a moving average (defined for cost of borrowing purposes), New business coverage, Households and non-profit institutions serving households (S.14 and S.15) sector, denominated in Euro",PCPA,0
MIR.M.DE.B.A2C.AM.R.A.2250.EUR.N,M,DE,B,A2C,AM,R,A,2250,EUR,N,2012-05,3.18,A,F,,,P1M,,A,,,,,,,,,,4,,DE2,Cost of borrowing for households for house purchase ,"Germany, Annualised agreed rate (AAR) / Narrowly defined effective rate (NDER), Credit and other institutions (MFI except MMFs and central banks) reporting sector - Lending for house purchase excluding revolving loans and overdrafts, convenience and extended credit card debt, Total calculated by weighting the volumes with a moving average (defined for cost of borrowing purposes), New business coverage, Households and non-profit institutions serving households (S.14 and S.15) sector, denominated in Euro",PCPA,0
MIR.M.DE.B.A2C.AM.R.A.2250.EUR.N,M,DE,B,A2C,AM,R,A,2250,EUR,N,2012-06,3.03,A,F,,,P1M,,A,,,,,,,,,,4,,DE2,Cost of borrowing for households for house purchase ,"Germany, Annualised agreed rate (AAR) / Narrowly defined effective rate (NDER), Credit and other institutions (MFI except MMFs and central banks) reporting sector - Lending for house purchase excluding revolving loans and overdrafts, convenience and extended credit card debt, Total calculated by weighting the volumes with a moving average (defined for cost of borrowing purposes), New business coverage, Households and non-profit institutions serving households (S.14 and S.15) sector, denominated in Euro",PCPA,0
MIR.M.DE.B.A2C.AM.R.A.2250.EUR.N,M,DE,B,A2C,AM,R,A,2250,EUR,N,2012-07,2.99,A,F,,,P1M,,A,,,,,,,,,,4,,DE2,Cost of borrowing for households for house purchase ,"Germany, Annualised agreed rate (AAR) / Narrowly defined effective rate (NDER), Credit and other institutions (MFI except MMFs and central banks) reporting sector - Lending for house purchase excluding revolving loans and overdrafts, convenience and extended credit card debt, Total calculated by weighting the volumes with a moving average (defined for cost of borrowing purposes), New business coverage, Households and non-profit institutions serving households (S.14 and S.15) sector, denominated in Euro",PCPA,0
MIR.M.DE.B.A2C.AM.R.A.2250.EUR.N,M,DE,B,A2C,AM,R,A,2250,EUR,N,2012-08,2.92,A,F,,,P1M,,A,,,,,,,,,,4,,DE2,Cost of borrowing for households for house purchase ,"Germany, Annualised agreed rate (AAR) / Narrowly defined effective rate (NDER), Credit and other institutions (MFI except MMFs and central banks) reporting sector - Lending for house purchase excluding revolving loans and overdrafts, convenience and extended credit card debt, Total calculated by weighting the volumes with a moving average (defined for cost of borrowing purposes), New business coverage, Households and non-profit institutions serving households (S.14 and S.15) sector, denominated in Euro",PCPA,0
MIR.M.DE.B.A2C.AM.R.A.2250.EUR.N,M,DE,B,A2C,AM,R,A,2250,EUR,N,2012-09,2.86,A,F,,,P1M,,A,,,,,,,,,,4,,DE2,Cost of borrowing for households for house purchase ,"Germany, Annualised agreed rate (AAR) / Narrowly defined effective rate (NDER), Credit and other institutions (MFI except MMFs and central banks) reporting sector - Lending for house purchase excluding revolving loans and overdrafts, convenience and extended credit card debt, Total calculated by weighting the volumes with a moving average (defined for cost of borrowing purposes), New business coverage, Households and non-profit institutions serving households (S.14 and S.15) sector, denominated in Euro",PCPA,0
MIR.M.DE.B.A2C.AM.R.A.2250.EUR.N,M,DE,B,A2C,AM,R,A,2250,EUR,N,2012-10,2.83,A,F,,,P1M,,A,,,,,,,,,,4,,DE2,Cost of borrowing for households for house purchase ,"Germany, Annualised agreed rate (AAR) / Narrowly defined effective rate (NDER), Credit and other institutions (MFI except MMFs and central banks) reporting sector - Lending for house purchase excluding revolving loans and overdrafts, convenience and extended credit card debt, Total calculated by weighting the volumes with a moving average (defined for cost of borrowing purposes), New business coverage, Households and non-profit institutions serving households (S.14 and S.15) sector, denominated in Euro",PCPA,0
MIR.M.DE.B.A2C.AM.R.A.2250.EUR.N,M,DE,B,A2C,AM,R,A,2250,EUR,N,2012-11,2.8,A,F,,,P1M,,A,,,,,,,,,,4,,DE2,Cost of borrowing for households for house purchase ,"Germany, Annualised agreed rate (AAR) / Narrowly defined effective rate (NDER), Credit and other institutions (MFI except MMFs and central banks) reporting sector - Lending for house purchase excluding revolving loans and overdrafts, convenience and extended credit card debt, Total calculated by weighting the volumes with a moving average (defined for cost of borrowing purposes), New business coverage, Households and non-profit institutions serving households (S.14 and S.15) sector, denominated in Euro",PCPA,0
MIR.M.DE.B.A2C.AM.R.A.2250.EUR.N,M,DE,B,A2C,AM,R,A,2250,EUR,N,2012-12,2.79,A,F,,,P1M,,A,,,,,,,,,,4,,DE2,Cost of borrowing for households for house purchase ,"Germany, Annualised agreed rate (AAR) / Narrowly defined effective rate (NDER), Credit and other institutions (MFI except MMFs and central banks) reporting sector - Lending for house purchase excluding revolving loans and overdrafts, convenience and extended credit card debt, Total calculated by weighting the volumes with a moving average (defined for cost of borrowing purposes), New business coverage, Households and non-profit institutions serving households (S.14 and S.15) sector, denominated in Euro",PCPA,0
MIR.M.DE.B.A2C.AM.R.A.2250.EUR.N,M,DE,B,A2C,AM,R,A,2250,EUR,N,2013-01,2.75,A,F,,,P1M,,A,,,,,,,,,,4,,DE2,Cost of borrowing for households for house purchase ,"Germany, Annualised agreed rate (AAR) / Narrowly defined effective rate (NDER), Credit and other institutions (MFI except MMFs and central banks) reporting sector - Lending for house purchase excluding revolving loans and overdrafts, convenience and extended credit card debt, Total calculated by weighting the volumes with a moving average (defined for cost of borrowing purposes), New business coverage, Households and non-profit institutions serving households (S.14 and S.15) sector, denominated in Euro",PCPA,0
MIR.M.DE.B.A2C.AM.R.A.2250.EUR.N,M,DE,B,A2C,AM,R,A,2250,EUR,N,2013-02,2.77,A,F,,,P1M,,A,,,,,,,,,,4,,DE2,Cost of borrowing for households for house purchase ,"Germany, Annualised agreed rate (AAR) / Narrowly defined effective rate (NDER), Credit and other institutions (MFI except MMFs and central banks) reporting sector - Lending for house purchase excluding revolving loans and overdrafts, convenience and extended credit card debt, Total calculated by weighting the volumes with a moving average (defined for cost of borrowing purposes), New business coverage, Households and non-profit institutions serving households (S.14 and S.15) sector, denominated in Euro",PCPA,0
MIR.M.DE.B.A2C.AM.R.A.2250.EUR.N,M,DE,B,A2C,AM,R,A,2250,EUR,N,2013-03,2.78,A,F,,,P1M,,A,,,,,,,,,,4,,DE2,Cost of borrowing for households for house purchase ,"Germany, Annualised agreed rate (AAR) / Narrowly defined effective rate (NDER), Credit and other institutions (MFI except MMFs and central banks) reporting sector - Lending for house purchase excluding revolving loans and overdrafts, convenience and extended credit card debt, Total calculated by weighting the volumes with a moving average (defined for cost of borrowing purposes), New business coverage, Households and non-profit institutions serving households (S.14 and S.15) sector, denominated in Euro",PCPA,0
MIR.M.DE.B.A2C.AM.R.A.2250.EUR.N,M,DE,B,A2C,AM,R,A,2250,EUR,N,2013-04,2.78,A,F,,,P1M,,A,,,,,,,,,,4,,DE2,Cost of borrowing for households for house purchase ,"Germany, Annualised agreed rate (AAR) / Narrowly defined effective rate (NDER), Credit and other institutions (MFI except MMFs and central banks) reporting sector - Lending for house purchase excluding revolving loans and overdrafts, convenience and extended credit card debt, Total calculated by weighting the volumes with a moving average (defined for cost of borrowing purposes), New business coverage, Households and non-profit institutions serving households (S.14 and S.15) sector, denominated in Euro",PCPA,0
MIR.M.DE.B.A2C.AM.R.A.2250.EUR.N,M,DE,B,A2C,AM,R,A,2250,EUR,N,2013-05,2.68,A,F,,,P1M,,A,,,,,,,,,,4,,DE2,Cost of borrowing for households for house purchase ,"Germany, Annualised agreed rate (AAR) / Narrowly defined effective rate (NDER), Credit and other institutions (MFI except MMFs and central banks) reporting sector - Lending for house purchase excluding revolving loans and overdrafts, convenience and extended credit card debt, Total calculated by weighting the volumes with a moving average (defined for cost of borrowing purposes), New business coverage, Households and non-profit institutions serving households (S.14 and S.15) sector, denominated in Euro",PCPA,0
MIR.M.DE.B.A2C.AM.R.A.2250.EUR.N,M,DE,B,A2C,AM,R,A,2250,EUR,N,2013-06,2.62,A,F,,,P1M,,A,,,,,,,,,,4,,DE2,Cost of borrowing for households for house purchase ,"Germany, Annualised agreed rate (AAR) / Narrowly defined effective rate (NDER), Credit and other institutions (MFI except MMFs and central banks) reporting sector - Lending for house purchase excluding revolving loans and overdrafts, convenience and extended credit card debt, Total calculated by weighting the volumes with a moving average (defined for cost of borrowing purposes), New business coverage, Households and non-profit institutions serving households (S.14 and S.15) sector, denominated in Euro",PCPA,0
MIR.M.DE.B.A2C.AM.R.A.2250.EUR.N,M,DE,B,A2C,AM,R,A,2250,EUR,N,2013-07,2.67,A,F,,,P1M,,A,,,,,,,,,,4,,DE2,Cost of borrowing for households for house purchase ,"Germany, Annualised agreed rate (AAR) / Narrowly defined effective rate (NDER), Credit and other institutions (MFI except MMFs and central banks) reporting sector - Lending for house purchase excluding revolving loans and overdrafts, convenience and extended credit card debt, Total calculated by weighting the volumes with a moving average (defined for cost of borrowing purposes), New business coverage, Households and non-profit institutions serving households (S.14 and S.15) sector, denominated in Euro",PCPA,0
MIR.M.DE.B.A2C.AM.R.A.2250.EUR.N,M,DE,B,A2C,AM,R,A,2250,EUR,N,2013-08,2.76,A,F,,,P1M,,A,,,,,,,,,,4,,DE2,Cost of borrowing for households for house purchase ,"Germany, Annualised agreed rate (AAR) / Narrowly defined effective rate (NDER), Credit and other institutions (MFI except MMFs and central banks) reporting sector - Lending for house purchase excluding revolving loans and overdrafts, convenience and extended credit card debt, Total calculated by weighting the volumes with a moving average (defined for cost of borrowing purposes), New business coverage, Households and non-profit institutions serving households (S.14 and S.15) sector, denominated in Euro",PCPA,0
MIR.M.DE.B.A2C.AM.R.A.2250.EUR.N,M,DE,B,A2C,AM,R,A,2250,EUR,N,2013-09,2.84,A,F,,,P1M,,A,,,,,,,,,,4,,DE2,Cost of borrowing for households for house purchase ,"Germany, Annualised agreed rate (AAR) / Narrowly defined effective rate (NDER), Credit and other institutions (MFI except MMFs and central banks) reporting sector - Lending for house purchase excluding revolving loans and overdrafts, convenience and extended credit card debt, Total calculated by weighting the volumes with a moving average (defined for cost of borrowing purposes), New business coverage, Households and non-profit institutions serving households (S.14 and S.15) sector, denominated in Euro",PCPA,0
MIR.M.DE.B.A2C.AM.R.A.2250.EUR.N,M,DE,B,A2C,AM,R,A,2250,EUR,N,2013-10,2.85,A,F,,,P1M,,A,,,,,,,,,,4,,DE2,Cost of borrowing for households for house purchase ,"Germany, Annualised agreed rate (AAR) / Narrowly defined effective rate (NDER), Credit and other institutions (MFI except MMFs and central banks) reporting sector - Lending for house purchase excluding revolving loans and overdrafts, convenience and extended credit card debt, Total calculated by weighting the volumes with a moving average (defined for cost of borrowing purposes), New business coverage, Households and non-profit institutions serving households (S.14 and S.15) sector, denominated in Euro",PCPA,0
MIR.M.DE.B.A2C.AM.R.A.2250.EUR.N,M,DE,B,A2C,AM,R,A,2250,EUR,N,2013-11,2.87,A,F,,,P1M,,A,,,,,,,,,,4,,DE2,Cost of borrowing for households for house purchase ,"Germany, Annualised agreed rate (AAR) / Narrowly defined effective rate (NDER), Credit and other institutions (MFI except MMFs and central banks) reporting sector - Lending for house purchase excluding revolving loans and overdrafts, convenience and extended credit card debt, Total calculated by weighting the volumes with a moving average (defined for cost of borrowing purposes), New business coverage, Households and non-profit institutions serving households (S.14 and S.15) sector, denominated in Euro",PCPA,0
MIR.M.DE.B.A2C.AM.R.A.2250.EUR.N,M,DE,B,A2C,AM,R,A,2250,EUR,N,2013-12,2.81,A,F,,,P1M,,A,,,,,,,,,,4,,DE2,Cost of borrowing for households for house purchase ,"Germany, Annualised agreed rate (AAR) / Narrowly defined effective rate (NDER), Credit and other institutions (MFI except MMFs and central banks) reporting sector - Lending for house purchase excluding revolving loans and overdrafts, convenience and extended credit card debt, Total calculated by weighting the volumes with a moving average (defined for cost of borrowing purposes), New business coverage, Households and non-profit institutions serving households (S.14 and S.15) sector, denominated in Euro",PCPA,0
MIR.M.DE.B.A2C.AM.R.A.2250.EUR.N,M,DE,B,A2C,AM,R,A,2250,EUR,N,2014-01,2.81,A,F,,,P1M,,A,,,,,,,,,,4,,DE2,Cost of borrowing for households for house purchase ,"Germany, Annualised agreed rate (AAR) / Narrowly defined effective rate (NDER), Credit and other institutions (MFI except MMFs and central banks) reporting sector - Lending for house purchase excluding revolving loans and overdrafts, convenience and extended credit card debt, Total calculated by weighting the volumes with a moving average (defined for cost of borrowing purposes), New business coverage, Households and non-profit institutions serving households (S.14 and S.15) sector, denominated in Euro",PCPA,0
MIR.M.DE.B.A2C.AM.R.A.2250.EUR.N,M,DE,B,A2C,AM,R,A,2250,EUR,N,2014-02,2.82,A,F,,,P1M,,A,,,,,,,,,,4,,DE2,Cost of borrowing for households for house purchase ,"Germany, Annualised agreed rate (AAR) / Narrowly defined effective rate (NDER), Credit and other institutions (MFI except MMFs and central banks) reporting sector - Lending for house purchase excluding revolving loans and overdrafts, convenience and extended credit card debt, Total calculated by weighting the volumes with a moving average (defined for cost of borrowing purposes), New business coverage, Households and non-profit institutions serving households (S.14 and S.15) sector, denominated in Euro",PCPA,0
MIR.M.DE.B.A2C.AM.R.A.2250.EUR.N,M,DE,B,A2C,AM,R,A,2250,EUR,N,2014-03,2.72,A,F,,,P1M,,A,,,,,,,,,,4,,DE2,Cost of borrowing for households for house purchase ,"Germany, Annualised agreed rate (AAR) / Narrowly defined effective rate (NDER), Credit and other institutions (MFI except MMFs and central banks) reporting sector - Lending for house purchase excluding revolving loans and overdrafts, convenience and extended credit card debt, Total calculated by weighting the volumes with a moving average (defined for cost of borrowing purposes), New business coverage, Households and non-profit institutions serving households (S.14 and S.15) sector, denominated in Euro",PCPA,0
MIR.M.DE.B.A2C.AM.R.A.2250.EUR.N,M,DE,B,A2C,AM,R,A,2250,EUR,N,2014-04,2.71,A,F,,,P1M,,A,,,,,,,,,,4,,DE2,Cost of borrowing for households for house purchase ,"Germany, Annualised agreed rate (AAR) / Narrowly defined effective rate (NDER), Credit and other institutions (MFI except MMFs and central banks) reporting sector - Lending for house purchase excluding revolving loans and overdrafts, convenience and extended credit card debt, Total calculated by weighting the volumes with a moving average (defined for cost of borrowing purposes), New business coverage, Households and non-profit institutions serving households (S.14 and S.15) sector, denominated in Euro",PCPA,0
MIR.M.DE.B.A2C.AM.R.A.2250.EUR.N,M,DE,B,A2C,AM,R,A,2250,EUR,N,2014-05,2.62,A,F,,,P1M,,A,,,,,,,,,,4,,DE2,Cost of borrowing for households for house purchase ,"Germany, Annualised agreed rate (AAR) / Narrowly defined effective rate (NDER), Credit and other institutions (MFI except MMFs and central banks) reporting sector - Lending for house purchase excluding revolving loans and overdrafts, convenience and extended credit card debt, Total calculated by weighting the volumes with a moving average (defined for cost of borrowing purposes), New business coverage, Households and non-profit institutions serving households (S.14 and S.15) sector, denominated in Euro",PCPA,0
MIR.M.DE.B.A2C.AM.R.A.2250.EUR.N,M,DE,B,A2C,AM,R,A,2250,EUR,N,2014-06,2.55,A,F,,,P1M,,A,,,,,,,,,,4,,DE2,Cost of borrowing for households for house purchase ,"Germany, Annualised agreed rate (AAR) / Narrowly defined effective rate (NDER), Credit and other institutions (MFI except MMFs and central banks) reporting sector - Lending for house purchase excluding revolving loans and overdrafts, convenience and extended credit card debt, Total calculated by weighting the volumes with a moving average (defined for cost of borrowing purposes), New business coverage, Households and non-profit institutions serving households (S.14 and S.15) sector, denominated in Euro",PCPA,0
MIR.M.DE.B.A2C.AM.R.A.2250.EUR.N,M,DE,B,A2C,AM,R,A,2250,EUR,N,2014-07,2.46,A,F,,,P1M,,A,,,,,,,,,,4,,DE2,Cost of borrowing for households for house purchase ,"Germany, Annualised agreed rate (AAR) / Narrowly defined effective rate (NDER), Credit and other institutions (MFI except MMFs and central banks) reporting sector - Lending for house purchase excluding revolving loans and overdrafts, convenience and extended credit card debt, Total calculated by weighting the volumes with a moving average (defined for cost of borrowing purposes), New business coverage, Households and non-profit institutions serving households (S.14 and S.15) sector, denominated in Euro",PCPA,0
MIR.M.DE.B.A2C.AM.R.A.2250.EUR.N,M,DE,B,A2C,AM,R,A,2250,EUR,N,2014-08,2.41,A,F,,,P1M,,A,,,,,,,,,,4,,DE2,Cost of borrowing for households for house purchase ,"Germany, Annualised agreed rate (AAR) / Narrowly defined effective rate (NDER), Credit and other institutions (MFI except MMFs and central banks) reporting sector - Lending for house purchase excluding revolving loans and overdrafts, convenience and extended credit card debt, Total calculated by weighting the volumes with a moving average (defined for cost of borrowing purposes), New business coverage, Households and non-profit institutions serving households (S.14 and S.15) sector, denominated in Euro",PCPA,0
MIR.M.DE.B.A2C.AM.R.A.2250.EUR.N,M,DE,B,A2C,AM,R,A,2250,EUR,N,2014-09,2.31,A,F,,,P1M,,A,,,,,,,,,,4,,DE2,Cost of borrowing for households for house purchase ,"Germany, Annualised agreed rate (AAR) / Narrowly defined effective rate (NDER), Credit and other institutions (MFI except MMFs and central banks) reporting sector - Lending for house purchase excluding revolving loans and overdrafts, convenience and extended credit card debt, Total calculated by weighting the volumes with a moving average (defined for cost of borrowing purposes), New business coverage, Households and non-profit institutions serving households (S.14 and S.15) sector, denominated in Euro",PCPA,0
MIR.M.DE.B.A2C.AM.R.A.2250.EUR.N,M,DE,B,A2C,AM,R,A,2250,EUR,N,2014-10,2.25,A,F,,,P1M,,A,,,,,,,,,,4,,DE2,Cost of borrowing for households for house purchase ,"Germany, Annualised agreed rate (AAR) / Narrowly defined effective rate (NDER), Credit and other institutions (MFI except MMFs and central banks) reporting sector - Lending for house purchase excluding revolving loans and overdrafts, convenience and extended credit card debt, Total calculated by weighting the volumes with a moving average (defined for cost of borrowing purposes), New business coverage, Households and non-profit institutions serving households (S.14 and S.15) sector, denominated in Euro",PCPA,0
MIR.M.DE.B.A2C.AM.R.A.2250.EUR.N,M,DE,B,A2C,AM,R,A,2250,EUR,N,2014-11,2.17,A,F,,,P1M,,A,,,,,,,,,,4,,DE2,Cost of borrowing for households for house purchase ,"Germany, Annualised agreed rate (AAR) / Narrowly defined effective rate (NDER), Credit and other institutions (MFI except MMFs and central banks) reporting sector - Lending for house purchase excluding revolving loans and overdrafts, convenience and extended credit card debt, Total calculated by weighting the volumes with a moving average (defined for cost of borrowing purposes), New business coverage, Households and non-profit institutions serving households (S.14 and S.15) sector, denominated in Euro",PCPA,0
MIR.M.DE.B.A2C.AM.R.A.2250.EUR.N,M,DE,B,A2C,AM,R,A,2250,EUR,N,2014-12,2.13,A,F,,,P1M,,A,,,,,,,,,,4,,DE2,Cost of borrowing for households for house purchase ,"Germany, Annualised agreed rate (AAR) / Narrowly defined effective rate (NDER), Credit and other institutions (MFI except MMFs and central banks) reporting sector - Lending for house purchase excluding revolving loans and overdrafts, convenience and extended credit card debt, Total calculated by weighting the volumes with a moving average (defined for cost of borrowing purposes), New business coverage, Households and non-profit institutions serving households (S.14 and S.15) sector, denominated in Euro",PCPA,0
MIR.M.DE.B.A2C.AM.R.A.2250.EUR.N,M,DE,B,A2C,AM,R,A,2250,EUR,N,2015-01,1.97,A,F,,,P1M,,A,,,,,,,,,,4,,DE2,Cost of borrowing for households for house purchase ,"Germany, Annualised agreed rate (AAR) / Narrowly defined effective rate (NDER), Credit and other institutions (MFI except MMFs and central banks) reporting sector - Lending for house purchase excluding revolving loans and overdrafts, convenience and extended credit card debt, Total calculated by weighting the volumes with a moving average (defined for cost of borrowing purposes), New business coverage, Households and non-profit institutions serving households (S.14 and S.15) sector, denominated in Euro",PCPA,0
MIR.M.DE.B.A2C.AM.R.A.2250.EUR.N,M,DE,B,A2C,AM,R,A,2250,EUR,N,2015-02,1.97,A,F,,,P1M,,A,,,,,,,,,,4,,DE2,Cost of borrowing for households for house purchase ,"Germany, Annualised agreed rate (AAR) / Narrowly defined effective rate (NDER), Credit and other institutions (MFI except MMFs and central banks) reporting sector - Lending for house purchase excluding revolving loans and overdrafts, convenience and extended credit card debt, Total calculated by weighting the volumes with a moving average (defined for cost of borrowing purposes), New business coverage, Households and non-profit institutions serving households (S.14 and S.15) sector, denominated in Euro",PCPA,0
MIR.M.DE.B.A2C.AM.R.A.2250.EUR.N,M,DE,B,A2C,AM,R,A,2250,EUR,N,2015-03,1.89,A,F,,,P1M,,A,,,,,,,,,,4,,DE2,Cost of borrowing for households for house purchase ,"Germany, Annualised agreed rate (AAR) / Narrowly defined effective rate (NDER), Credit and other institutions (MFI except MMFs and central banks) reporting sector - Lending for house purchase excluding revolving loans and overdrafts, convenience and extended credit card debt, Total calculated by weighting the volumes with a moving average (defined for cost of borrowing purposes), New business coverage, Households and non-profit institutions serving households (S.14 and S.15) sector, denominated in Euro",PCPA,0
MIR.M.DE.B.A2C.AM.R.A.2250.EUR.N,M,DE,B,A2C,AM,R,A,2250,EUR,N,2015-04,1.88,A,F,,,P1M,,A,,,,,,,,,,4,,DE2,Cost of borrowing for households for house purchase ,"Germany, Annualised agreed rate (AAR) / Narrowly defined effective rate (NDER), Credit and other institutions (MFI except MMFs and central banks) reporting sector - Lending for house purchase excluding revolving loans and overdrafts, convenience and extended credit card debt, Total calculated by weighting the volumes with a moving average (defined for cost of borrowing purposes), New business coverage, Households and non-profit institutions serving households (S.14 and S.15) sector, denominated in Euro",PCPA,0
MIR.M.DE.B.A2C.AM.R.A.2250.EUR.N,M,DE,B,A2C,AM,R,A,2250,EUR,N,2015-05,1.79,A,F,,,P1M,,A,,,,,,,,,,4,,DE2,Cost of borrowing for households for house purchase ,"Germany, Annualised agreed rate (AAR) / Narrowly defined effective rate (NDER), Credit and other institutions (MFI except MMFs and central banks) reporting sector - Lending for house purchase excluding revolving loans and overdrafts, convenience and extended credit card debt, Total calculated by weighting the volumes with a moving average (defined for cost of borrowing purposes), New business coverage, Households and non-profit institutions serving households (S.14 and S.15) sector, denominated in Euro",PCPA,0
MIR.M.DE.B.A2C.AM.R.A.2250.EUR.N,M,DE,B,A2C,AM,R,A,2250,EUR,N,2015-06,1.86,A,F,,,P1M,,A,,,,,,,,,,4,,DE2,Cost of borrowing for households for house purchase ,"Germany, Annualised agreed rate (AAR) / Narrowly defined effective rate (NDER), Credit and other institutions (MFI except MMFs and central banks) reporting sector - Lending for house purchase excluding revolving loans and overdrafts, convenience and extended credit card debt, Total calculated by weighting the volumes with a moving average (defined for cost of borrowing purposes), New business coverage, Households and non-profit institutions serving households (S.14 and S.15) sector, denominated in Euro",PCPA,0
MIR.M.DE.B.A2C.AM.R.A.2250.EUR.N,M,DE,B,A2C,AM,R,A,2250,EUR,N,2015-07,2,A,F,,,P1M,,A,,,,,,,,,,4,,DE2,Cost of borrowing for households for house purchase ,"Germany, Annualised agreed rate (AAR) / Narrowly defined effective rate (NDER), Credit and other institutions (MFI except MMFs and central banks) reporting sector - Lending for house purchase excluding revolving loans and overdrafts, convenience and extended credit card debt, Total calculated by weighting the volumes with a moving average (defined for cost of borrowing purposes), New business coverage, Households and non-profit institutions serving households (S.14 and S.15) sector, denominated in Euro",PCPA,0
MIR.M.DE.B.A2C.AM.R.A.2250.EUR.N,M,DE,B,A2C,AM,R,A,2250,EUR,N,2015-08,2.06,A,F,,,P1M,,A,,,,,,,,,,4,,DE2,Cost of borrowing for households for house purchase ,"Germany, Annualised agreed rate (AAR) / Narrowly defined effective rate (NDER), Credit and other institutions (MFI except MMFs and central banks) reporting sector - Lending for house purchase excluding revolving loans and overdrafts, convenience and extended credit card debt, Total calculated by weighting the volumes with a moving average (defined for cost of borrowing purposes), New business coverage, Households and non-profit institutions serving households (S.14 and S.15) sector, denominated in Euro",PCPA,0
MIR.M.DE.B.A2C.AM.R.A.2250.EUR.N,M,DE,B,A2C,AM,R,A,2250,EUR,N,2015-09,2.04,A,F,,,P1M,,A,,,,,,,,,,4,,DE2,Cost of borrowing for households for house purchase ,"Germany, Annualised agreed rate (AAR) / Narrowly defined effective rate (NDER), Credit and other institutions (MFI except MMFs and central banks) reporting sector - Lending for house purchase excluding revolving loans and overdrafts, convenience and extended credit card debt, Total calculated by weighting the volumes with a moving average (defined for cost of borrowing purposes), New business coverage, Households and non-profit institutions serving households (S.14 and S.15) sector, denominated in Euro",PCPA,0
MIR.M.DE.B.A2C.AM.R.A.2250.EUR.N,M,DE,B,A2C,AM,R,A,2250,EUR,N,2015-10,2.05,A,F,,,P1M,,A,,,,,,,,,,4,,DE2,Cost of borrowing for households for house purchase ,"Germany, Annualised agreed rate (AAR) / Narrowly defined effective rate (NDER), Credit and other institutions (MFI except MMFs and central banks) reporting sector - Lending for house purchase excluding revolving loans and overdrafts, convenience and extended credit card debt, Total calculated by weighting the volumes with a moving average (defined for cost of borrowing purposes), New business coverage, Households and non-profit institutions serving households (S.14 and S.15) sector, denominated in Euro",PCPA,0
MIR.M.DE.B.A2C.AM.R.A.2250.EUR.N,M,DE,B,A2C,AM,R,A,2250,EUR,N,2015-11,2.02,A,F,,,P1M,,A,,,,,,,,,,4,,DE2,Cost of borrowing for households for house purchase ,"Germany, Annualised agreed rate (AAR) / Narrowly defined effective rate (NDER), Credit and other institutions (MFI except MMFs and central banks) reporting sector - Lending for house purchase excluding revolving loans and overdrafts, convenience and extended credit card debt, Total calculated by weighting the volumes with a moving average (defined for cost of borrowing purposes), New business coverage, Households and non-profit institutions serving households (S.14 and S.15) sector, denominated in Euro",PCPA,0
MIR.M.DE.B.A2C.AM.R.A.2250.EUR.N,M,DE,B,A2C,AM,R,A,2250,EUR,N,2015-12,1.95,A,F,,,P1M,,A,,,,,,,,,,4,,DE2,Cost of borrowing for households for house purchase ,"Germany, Annualised agreed rate (AAR) / Narrowly defined effective rate (NDER), Credit and other institutions (MFI except MMFs and central banks) reporting sector - Lending for house purchase excluding revolving loans and overdrafts, convenience and extended credit card debt, Total calculated by weighting the volumes with a moving average (defined for cost of borrowing purposes), New business coverage, Households and non-profit institutions serving households (S.14 and S.15) sector, denominated in Euro",PCPA,0
MIR.M.DE.B.A2C.AM.R.A.2250.EUR.N,M,DE,B,A2C,AM,R,A,2250,EUR,N,2016-01,1.98,A,F,,,P1M,,A,,,,,,,,,,4,,DE2,Cost of borrowing for households for house purchase ,"Germany, Annualised agreed rate (AAR) / Narrowly defined effective rate (NDER), Credit and other institutions (MFI except MMFs and central banks) reporting sector - Lending for house purchase excluding revolving loans and overdrafts, convenience and extended credit card debt, Total calculated by weighting the volumes with a moving average (defined for cost of borrowing purposes), New business coverage, Households and non-profit institutions serving households (S.14 and S.15) sector, denominated in Euro",PCPA,0
MIR.M.DE.B.A2C.AM.R.A.2250.EUR.N,M,DE,B,A2C,AM,R,A,2250,EUR,N,2016-02,1.96,A,F,,,P1M,,A,,,,,,,,,,4,,DE2,Cost of borrowing for households for house purchase ,"Germany, Annualised agreed rate (AAR) / Narrowly defined effective rate (NDER), Credit and other institutions (MFI except MMFs and central banks) reporting sector - Lending for house purchase excluding revolving loans and overdrafts, convenience and extended credit card debt, Total calculated by weighting the volumes with a moving average (defined for cost of borrowing purposes), New business coverage, Households and non-profit institutions serving households (S.14 and S.15) sector, denominated in Euro",PCPA,0
MIR.M.DE.B.A2C.AM.R.A.2250.EUR.N,M,DE,B,A2C,AM,R,A,2250,EUR,N,2016-03,1.83,A,F,,,P1M,,A,,,,,,,,,,4,,DE2,Cost of borrowing for households for house purchase ,"Germany, Annualised agreed rate (AAR) / Narrowly defined effective rate (NDER), Credit and other institutions (MFI except MMFs and central banks) reporting sector - Lending for house purchase excluding revolving loans and overdrafts, convenience and extended credit card debt, Total calculated by weighting the volumes with a moving average (defined for cost of borrowing purposes), New business coverage, Households and non-profit institutions serving households (S.14 and S.15) sector, denominated in Euro",PCPA,0
MIR.M.DE.B.A2C.AM.R.A.2250.EUR.N,M,DE,B,A2C,AM,R,A,2250,EUR,N,2016-04,1.88,A,F,,,P1M,,A,,,,,,,,,,4,,DE2,Cost of borrowing for households for house purchase ,"Germany, Annualised agreed rate (AAR) / Narrowly defined effective rate (NDER), Credit and other institutions (MFI except MMFs and central banks) reporting sector - Lending for house purchase excluding revolving loans and overdrafts, convenience and extended credit card debt, Total calculated by weighting the volumes with a moving average (defined for cost of borrowing purposes), New business coverage, Households and non-profit institutions serving households (S.14 and S.15) sector, denominated in Euro",PCPA,0
MIR.M.DE.B.A2C.AM.R.A.2250.EUR.N,M,DE,B,A2C,AM,R,A,2250,EUR,N,2016-05,1.8,A,F,,,P1M,,A,,,,,,,,,,4,,DE2,Cost of borrowing for households for house purchase ,"Germany, Annualised agreed rate (AAR) / Narrowly defined effective rate (NDER), Credit and other institutions (MFI except MMFs and central banks) reporting sector - Lending for house purchase excluding revolving loans and overdrafts, convenience and extended credit card debt, Total calculated by weighting the volumes with a moving average (defined for cost of borrowing purposes), New business coverage, Households and non-profit institutions serving households (S.14 and S.15) sector, denominated in Euro",PCPA,0
MIR.M.DE.B.A2C.AM.R.A.2250.EUR.N,M,DE,B,A2C,AM,R,A,2250,EUR,N,2016-06,1.76,A,F,,,P1M,,A,,,,,,,,,,4,,DE2,Cost of borrowing for households for house purchase ,"Germany, Annualised agreed rate (AAR) / Narrowly defined effective rate (NDER), Credit and other institutions (MFI except MMFs and central banks) reporting sector - Lending for house purchase excluding revolving loans and overdrafts, convenience and extended credit card debt, Total calculated by weighting the volumes with a moving average (defined for cost of borrowing purposes), New business coverage, Households and non-profit institutions serving households (S.14 and S.15) sector, denominated in Euro",PCPA,0
MIR.M.DE.B.A2C.AM.R.A.2250.EUR.N,M,DE,B,A2C,AM,R,A,2250,EUR,N,2016-07,1.73,A,F,,,P1M,,A,,,,,,,,,,4,,DE2,Cost of borrowing for households for house purchase ,"Germany, Annualised agreed rate (AAR) / Narrowly defined effective rate (NDER), Credit and other institutions (MFI except MMFs and central banks) reporting sector - Lending for house purchase excluding revolving loans and overdrafts, convenience and extended credit card debt, Total calculated by weighting the volumes with a moving average (defined for cost of borrowing purposes), New business coverage, Households and non-profit institutions serving households (S.14 and S.15) sector, denominated in Euro",PCPA,0
MIR.M.DE.B.A2C.AM.R.A.2250.EUR.N,M,DE,B,A2C,AM,R,A,2250,EUR,N,2016-08,1.69,A,F,,,P1M,,A,,,,,,,,,,4,,DE2,Cost of borrowing for households for house purchase ,"Germany, Annualised agreed rate (AAR) / Narrowly defined effective rate (NDER), Credit and other institutions (MFI except MMFs and central banks) reporting sector - Lending for house purchase excluding revolving loans and overdrafts, convenience and extended credit card debt, Total calculated by weighting the volumes with a moving average (defined for cost of borrowing purposes), New business coverage, Households and non-profit institutions serving households (S.14 and S.15) sector, denominated in Euro",PCPA,0
MIR.M.DE.B.A2C.AM.R.A.2250.EUR.N,M,DE,B,A2C,AM,R,A,2250,EUR,N,2016-09,1.65,A,F,,,P1M,,A,,,,,,,,,,4,,DE2,Cost of borrowing for households for house purchase ,"Germany, Annualised agreed rate (AAR) / Narrowly defined effective rate (NDER), Credit and other institutions (MFI except MMFs and central banks) reporting sector - Lending for house purchase excluding revolving loans and overdrafts, convenience and extended credit card debt, Total calculated by weighting the volumes with a moving average (defined for cost of borrowing purposes), New business coverage, Households and non-profit institutions serving households (S.14 and S.15) sector, denominated in Euro",PCPA,0
MIR.M.DE.B.A2C.AM.R.A.2250.EUR.N,M,DE,B,A2C,AM,R,A,2250,EUR,N,2016-10,1.62,A,F,,,P1M,,A,,,,,,,,,,4,,DE2,Cost of borrowing for households for house purchase ,"Germany, Annualised agreed rate (AAR) / Narrowly defined effective rate (NDER), Credit and other institutions (MFI except MMFs and central banks) reporting sector - Lending for house purchase excluding revolving loans and overdrafts, convenience and extended credit card debt, Total calculated by weighting the volumes with a moving average (defined for cost of borrowing purposes), New business coverage, Households and non-profit institutions serving households (S.14 and S.15) sector, denominated in Euro",PCPA,0
MIR.M.DE.B.A2C.AM.R.A.2250.EUR.N,M,DE,B,A2C,AM,R,A,2250,EUR,N,2016-11,1.61,A,F,,,P1M,,A,,,,,,,,,,4,,DE2,Cost of borrowing for households for house purchase ,"Germany, Annualised agreed rate (AAR) / Narrowly defined effective rate (NDER), Credit and other institutions (MFI except MMFs and central banks) reporting sector - Lending for house purchase excluding revolving loans and overdrafts, convenience and extended credit card debt, Total calculated by weighting the volumes with a moving average (defined for cost of borrowing purposes), New business coverage, Households and non-profit institutions serving households (S.14 and S.15) sector, denominated in Euro",PCPA,0
MIR.M.DE.B.A2C.AM.R.A.2250.EUR.N,M,DE,B,A2C,AM,R,A,2250,EUR,N,2016-12,1.66,A,F,,,P1M,,A,,,,,,,,,,4,,DE2,Cost of borrowing for households for house purchase ,"Germany, Annualised agreed rate (AAR) / Narrowly defined effective rate (NDER), Credit and other institutions (MFI except MMFs and central banks) reporting sector - Lending for house purchase excluding revolving loans and overdrafts, convenience and extended credit card debt, Total calculated by weighting the volumes with a moving average (defined for cost of borrowing purposes), New business coverage, Households and non-profit institutions serving households (S.14 and S.15) sector, denominated in Euro",PCPA,0
MIR.M.DE.B.A2C.AM.R.A.2250.EUR.N,M,DE,B,A2C,AM,R,A,2250,EUR,N,2017-01,1.77,A,F,,,P1M,,A,,,,,,,,,,4,,DE2,Cost of borrowing for households for house purchase ,"Germany, Annualised agreed rate (AAR) / Narrowly defined effective rate (NDER), Credit and other institutions (MFI except MMFs and central banks) reporting sector - Lending for house purchase excluding revolving loans and overdrafts, convenience and extended credit card debt, Total calculated by weighting the volumes with a moving average (defined for cost of borrowing purposes), New business coverage, Households and non-profit institutions serving households (S.14 and S.15) sector, denominated in Euro",PCPA,0
MIR.M.DE.B.A2C.AM.R.A.2250.EUR.N,M,DE,B,A2C,AM,R,A,2250,EUR,N,2017-02,1.82,A,F,,,P1M,,A,,,,,,,,,,4,,DE2,Cost of borrowing for households for house purchase ,"Germany, Annualised agreed rate (AAR) / Narrowly defined effective rate (NDER), Credit and other institutions (MFI except MMFs and central banks) reporting sector - Lending for house purchase excluding revolving loans and overdrafts, convenience and extended credit card debt, Total calculated by weighting the volumes with a moving average (defined for cost of borrowing purposes), New business coverage, Households and non-profit institutions serving households (S.14 and S.15) sector, denominated in Euro",PCPA,0
MIR.M.DE.B.A2C.AM.R.A.2250.EUR.N,M,DE,B,A2C,AM,R,A,2250,EUR,N,2017-03,1.82,A,F,,,P1M,,A,,,,,,,,,,4,,DE2,Cost of borrowing for households for house purchase ,"Germany, Annualised agreed rate (AAR) / Narrowly defined effective rate (NDER), Credit and other institutions (MFI except MMFs and central banks) reporting sector - Lending for house purchase excluding revolving loans and overdrafts, convenience and extended credit card debt, Total calculated by weighting the volumes with a moving average (defined for cost of borrowing purposes), New business coverage, Households and non-profit institutions serving households (S.14 and S.15) sector, denominated in Euro",PCPA,0
MIR.M.DE.B.A2C.AM.R.A.2250.EUR.N,M,DE,B,A2C,AM,R,A,2250,EUR,N,2017-04,1.85,A,F,,,P1M,,A,,,,,,,,,,4,,DE2,Cost of borrowing for households for house purchase ,"Germany, Annualised agreed rate (AAR) / Narrowly defined effective rate (NDER), Credit and other institutions (MFI except MMFs and central banks) reporting sector - Lending for house purchase excluding revolving loans and overdrafts, convenience and extended credit card debt, Total calculated by weighting the volumes with a moving average (defined for cost of borrowing purposes), New business coverage, Households and non-profit institutions serving households (S.14 and S.15) sector, denominated in Euro",PCPA,0
MIR.M.DE.B.A2C.AM.R.A.2250.EUR.N,M,DE,B,A2C,AM,R,A,2250,EUR,N,2017-05,1.83,A,F,,,P1M,,A,,,,,,,,,,4,,DE2,Cost of borrowing for households for house purchase ,"Germany, Annualised agreed rate (AAR) / Narrowly defined effective rate (NDER), Credit and other institutions (MFI except MMFs and central banks) reporting sector - Lending for house purchase excluding revolving loans and overdrafts, convenience and extended credit card debt, Total calculated by weighting the volumes with a moving average (defined for cost of borrowing purposes), New business coverage, Households and non-profit institutions serving households (S.14 and S.15) sector, denominated in Euro",PCPA,0
MIR.M.DE.B.A2C.AM.R.A.2250.EUR.N,M,DE,B,A2C,AM,R,A,2250,EUR,N,2017-06,1.82,A,F,,,P1M,,A,,,,,,,,,,4,,DE2,Cost of borrowing for households for house purchase ,"Germany, Annualised agreed rate (AAR) / Narrowly defined effective rate (NDER), Credit and other institutions (MFI except MMFs and central banks) reporting sector - Lending for house purchase excluding revolving loans and overdrafts, convenience and extended credit card debt, Total calculated by weighting the volumes with a moving average (defined for cost of borrowing purposes), New business coverage, Households and non-profit institutions serving households (S.14 and S.15) sector, denominated in Euro",PCPA,0
MIR.M.DE.B.A2C.AM.R.A.2250.EUR.N,M,DE,B,A2C,AM,R,A,2250,EUR,N,2017-07,1.82,A,F,,,P1M,,A,,,,,,,,,,4,,DE2,Cost of borrowing for households for house purchase ,"Germany, Annualised agreed rate (AAR) / Narrowly defined effective rate (NDER), Credit and other institutions (MFI except MMFs and central banks) reporting sector - Lending for house purchase excluding revolving loans and overdrafts, convenience and extended credit card debt, Total calculated by weighting the volumes with a moving average (defined for cost of borrowing purposes), New business coverage, Households and non-profit institutions serving households (S.14 and S.15) sector, denominated in Euro",PCPA,0
MIR.M.DE.B.A2C.AM.R.A.2250.EUR.N,M,DE,B,A2C,AM,R,A,2250,EUR,N,2017-08,1.87,A,F,,,P1M,,A,,,,,,,,,,4,,DE2,Cost of borrowing for households for house purchase ,"Germany, Annualised agreed rate (AAR) / Narrowly defined effective rate (NDER), Credit and other institutions (MFI except MMFs and central banks) reporting sector - Lending for house purchase excluding revolving loans and overdrafts, convenience and extended credit card debt, Total calculated by weighting the volumes with a moving average (defined for cost of borrowing purposes), New business coverage, Households and non-profit institutions serving households (S.14 and S.15) sector, denominated in Euro",PCPA,0
MIR.M.DE.B.A2C.AM.R.A.2250.EUR.N,M,DE,B,A2C,AM,R,A,2250,EUR,N,2017-09,1.86,A,F,,,P1M,,A,,,,,,,,,,4,,DE2,Cost of borrowing for households for house purchase ,"Germany, Annualised agreed rate (AAR) / Narrowly defined effective rate (NDER), Credit and other institutions (MFI except MMFs and central banks) reporting sector - Lending for house purchase excluding revolving loans and overdrafts, convenience and extended credit card debt, Total calculated by weighting the volumes with a moving average (defined for cost of borrowing purposes), New business coverage, Households and non-profit institutions serving households (S.14 and S.15) sector, denominated in Euro",PCPA,0
MIR.M.DE.B.A2C.AM.R.A.2250.EUR.N,M,DE,B,A2C,AM,R,A,2250,EUR,N,2017-10,1.85,A,F,,,P1M,,A,,,,,,,,,,4,,DE2,Cost of borrowing for households for house purchase ,"Germany, Annualised agreed rate (AAR) / Narrowly defined effective rate (NDER), Credit and other institutions (MFI except MMFs and central banks) reporting sector - Lending for house purchase excluding revolving loans and overdrafts, convenience and extended credit card debt, Total calculated by weighting the volumes with a moving average (defined for cost of borrowing purposes), New business coverage, Households and non-profit institutions serving households (S.14 and S.15) sector, denominated in Euro",PCPA,0
MIR.M.DE.B.A2C.AM.R.A.2250.EUR.N,M,DE,B,A2C,AM,R,A,2250,EUR,N,2017-11,1.84,A,F,,,P1M,,A,,,,,,,,,,4,,DE2,Cost of borrowing for households for house purchase ,"Germany, Annualised agreed rate (AAR) / Narrowly defined effective rate (NDER), Credit and other institutions (MFI except MMFs and central banks) reporting sector - Lending for house purchase excluding revolving loans and overdrafts, convenience and extended credit card debt, Total calculated by weighting the volumes with a moving average (defined for cost of borrowing purposes), New business coverage, Households and non-profit institutions serving households (S.14 and S.15) sector, denominated in Euro",PCPA,0
MIR.M.DE.B.A2C.AM.R.A.2250.EUR.N,M,DE,B,A2C,AM,R,A,2250,EUR,N,2017-12,1.79,A,F,,,P1M,,A,,,,,,,,,,4,,DE2,Cost of borrowing for households for house purchase ,"Germany, Annualised agreed rate (AAR) / Narrowly defined effective rate (NDER), Credit and other institutions (MFI except MMFs and central banks) reporting sector - Lending for house purchase excluding revolving loans and overdrafts, convenience and extended credit card debt, Total calculated by weighting the volumes with a moving average (defined for cost of borrowing purposes), New business coverage, Households and non-profit institutions serving households (S.14 and S.15) sector, denominated in Euro",PCPA,0
MIR.M.DE.B.A2C.AM.R.A.2250.EUR.N,M,DE,B,A2C,AM,R,A,2250,EUR,N,2018-01,1.82,A,F,,,P1M,,A,,,,,,,,,,4,,DE2,Cost of borrowing for households for house purchase ,"Germany, Annualised agreed rate (AAR) / Narrowly defined effective rate (NDER), Credit and other institutions (MFI except MMFs and central banks) reporting sector - Lending for house purchase excluding revolving loans and overdrafts, convenience and extended credit card debt, Total calculated by weighting the volumes with a moving average (defined for cost of borrowing purposes), New business coverage, Households and non-profit institutions serving households (S.14 and S.15) sector, denominated in Euro",PCPA,0
MIR.M.DE.B.A2C.AM.R.A.2250.EUR.N,M,DE,B,A2C,AM,R,A,2250,EUR,N,2018-02,1.84,A,F,,,P1M,,A,,,,,,,,,,4,,DE2,Cost of borrowing for households for house purchase ,"Germany, Annualised agreed rate (AAR) / Narrowly defined effective rate (NDER), Credit and other institutions (MFI except MMFs and central banks) reporting sector - Lending for house purchase excluding revolving loans and overdrafts, convenience and extended credit card debt, Total calculated by weighting the volumes with a moving average (defined for cost of borrowing purposes), New business coverage, Households and non-profit institutions serving households (S.14 and S.15) sector, denominated in Euro",PCPA,0
MIR.M.DE.B.A2C.AM.R.A.2250.EUR.N,M,DE,B,A2C,AM,R,A,2250,EUR,N,2018-03,1.89,A,F,,,P1M,,A,,,,,,,,,,4,,DE2,Cost of borrowing for households for house purchase ,"Germany, Annualised agreed rate (AAR) / Narrowly defined effective rate (NDER), Credit and other institutions (MFI except MMFs and central banks) reporting sector - Lending for house purchase excluding revolving loans and overdrafts, convenience and extended credit card debt, Total calculated by weighting the volumes with a moving average (defined for cost of borrowing purposes), New business coverage, Households and non-profit institutions serving households (S.14 and S.15) sector, denominated in Euro",PCPA,0
MIR.M.DE.B.A2C.AM.R.A.2250.EUR.N,M,DE,B,A2C,AM,R,A,2250,EUR,N,2018-04,1.89,A,F,,,P1M,,A,,,,,,,,,,4,,DE2,Cost of borrowing for households for house purchase ,"Germany, Annualised agreed rate (AAR) / Narrowly defined effective rate (NDER), Credit and other institutions (MFI except MMFs and central banks) reporting sector - Lending for house purchase excluding revolving loans and overdrafts, convenience and extended credit card debt, Total calculated by weighting the volumes with a moving average (defined for cost of borrowing purposes), New business coverage, Households and non-profit institutions serving households (S.14 and S.15) sector, denominated in Euro",PCPA,0
MIR.M.DE.B.A2C.AM.R.A.2250.EUR.N,M,DE,B,A2C,AM,R,A,2250,EUR,N,2018-05,1.91,A,F,,,P1M,,A,,,,,,,,,,4,,DE2,Cost of borrowing for households for house purchase ,"Germany, Annualised agreed rate (AAR) / Narrowly defined effective rate (NDER), Credit and other institutions (MFI except MMFs and central banks) reporting sector - Lending for house purchase excluding revolving loans and overdrafts, convenience and extended credit card debt, Total calculated by weighting the volumes with a moving average (defined for cost of borrowing purposes), New business coverage, Households and non-profit institutions serving households (S.14 and S.15) sector, denominated in Euro",PCPA,0
MIR.M.DE.B.A2C.AM.R.A.2250.EUR.N,M,DE,B,A2C,AM,R,A,2250,EUR,N,2018-06,1.89,A,F,,,P1M,,A,,,,,,,,,,4,,DE2,Cost of borrowing for households for house purchase ,"Germany, Annualised agreed rate (AAR) / Narrowly defined effective rate (NDER), Credit and other institutions (MFI except MMFs and central banks) reporting sector - Lending for house purchase excluding revolving loans and overdrafts, convenience and extended credit card debt, Total calculated by weighting the volumes with a moving average (defined for cost of borrowing purposes), New business coverage, Households and non-profit institutions serving households (S.14 and S.15) sector, denominated in Euro",PCPA,0
MIR.M.DE.B.A2C.AM.R.A.2250.EUR.N,M,DE,B,A2C,AM,R,A,2250,EUR,N,2018-07,1.88,A,F,,,P1M,,A,,,,,,,,,,4,,DE2,Cost of borrowing for households for house purchase ,"Germany, Annualised agreed rate (AAR) / Narrowly defined effective rate (NDER), Credit and other institutions (MFI except MMFs and central banks) reporting sector - Lending for house purchase excluding revolving loans and overdrafts, convenience and extended credit card debt, Total calculated by weighting the volumes with a moving average (defined for cost of borrowing purposes), New business coverage, Households and non-profit institutions serving households (S.14 and S.15) sector, denominated in Euro",PCPA,0
MIR.M.DE.B.A2C.AM.R.A.2250.EUR.N,M,DE,B,A2C,AM,R,A,2250,EUR,N,2018-08,1.87,A,F,,,P1M,,A,,,,,,,,,,4,,DE2,Cost of borrowing for households for house purchase ,"Germany, Annualised agreed rate (AAR) / Narrowly defined effective rate (NDER), Credit and other institutions (MFI except MMFs and central banks) reporting sector - Lending for house purchase excluding revolving loans and overdrafts, convenience and extended credit card debt, Total calculated by weighting the volumes with a moving average (defined for cost of borrowing purposes), New business coverage, Households and non-profit institutions serving households (S.14 and S.15) sector, denominated in Euro",PCPA,0
MIR.M.DE.B.A2C.AM.R.A.2250.EUR.N,M,DE,B,A2C,AM,R,A,2250,EUR,N,2018-09,1.86,A,F,,,P1M,,A,,,,,,,,,,4,,DE2,Cost of borrowing for households for house purchase ,"Germany, Annualised agreed rate (AAR) / Narrowly defined effective rate (NDER), Credit and other institutions (MFI except MMFs and central banks) reporting sector - Lending for house purchase excluding revolving loans and overdrafts, convenience and extended credit card debt, Total calculated by weighting the volumes with a moving average (defined for cost of borrowing purposes), New business coverage, Households and non-profit institutions serving households (S.14 and S.15) sector, denominated in Euro",PCPA,0
MIR.M.DE.B.A2C.AM.R.A.2250.EUR.N,M,DE,B,A2C,AM,R,A,2250,EUR,N,2018-10,1.86,A,F,,,P1M,,A,,,,,,,,,,4,,DE2,Cost of borrowing for households for house purchase ,"Germany, Annualised agreed rate (AAR) / Narrowly defined effective rate (NDER), Credit and other institutions (MFI except MMFs and central banks) reporting sector - Lending for house purchase excluding revolving loans and overdrafts, convenience and extended credit card debt, Total calculated by weighting the volumes with a moving average (defined for cost of borrowing purposes), New business coverage, Households and non-profit institutions serving households (S.14 and S.15) sector, denominated in Euro",PCPA,0
MIR.M.DE.B.A2C.AM.R.A.2250.EUR.N,M,DE,B,A2C,AM,R,A,2250,EUR,N,2018-11,1.88,A,F,,,P1M,,A,,,,,,,,,,4,,DE2,Cost of borrowing for households for house purchase ,"Germany, Annualised agreed rate (AAR) / Narrowly defined effective rate (NDER), Credit and other institutions (MFI except MMFs and central banks) reporting sector - Lending for house purchase excluding revolving loans and overdrafts, convenience and extended credit card debt, Total calculated by weighting the volumes with a moving average (defined for cost of borrowing purposes), New business coverage, Households and non-profit institutions serving households (S.14 and S.15) sector, denominated in Euro",PCPA,0
MIR.M.DE.B.A2C.AM.R.A.2250.EUR.N,M,DE,B,A2C,AM,R,A,2250,EUR,N,2018-12,1.85,A,F,,,P1M,,A,,,,,,,,,,4,,DE2,Cost of borrowing for households for house purchase ,"Germany, Annualised agreed rate (AAR) / Narrowly defined effective rate (NDER), Credit and other institutions (MFI except MMFs and central banks) reporting sector - Lending for house purchase excluding revolving loans and overdrafts, convenience and extended credit card debt, Total calculated by weighting the volumes with a moving average (defined for cost of borrowing purposes), New business coverage, Households and non-profit institutions serving households (S.14 and S.15) sector, denominated in Euro",PCPA,0
MIR.M.DE.B.A2C.AM.R.A.2250.EUR.N,M,DE,B,A2C,AM,R,A,2250,EUR,N,2019-01,1.86,A,F,,,P1M,,A,,,,,,,,,,4,,DE2,Cost of borrowing for households for house purchase ,"Germany, Annualised agreed rate (AAR) / Narrowly defined effective rate (NDER), Credit and other institutions (MFI except MMFs and central banks) reporting sector - Lending for house purchase excluding revolving loans and overdrafts, convenience and extended credit card debt, Total calculated by weighting the volumes with a moving average (defined for cost of borrowing purposes), New business coverage, Households and non-profit institutions serving households (S.14 and S.15) sector, denominated in Euro",PCPA,0
MIR.M.DE.B.A2C.AM.R.A.2250.EUR.N,M,DE,B,A2C,AM,R,A,2250,EUR,N,2019-02,1.78,A,F,,,P1M,,A,,,,,,,,,,4,,DE2,Cost of borrowing for households for house purchase ,"Germany, Annualised agreed rate (AAR) / Narrowly defined effective rate (NDER), Credit and other institutions (MFI except MMFs and central banks) reporting sector - Lending for house purchase excluding revolving loans and overdrafts, convenience and extended credit card debt, Total calculated by weighting the volumes with a moving average (defined for cost of borrowing purposes), New business coverage, Households and non-profit institutions serving households (S.14 and S.15) sector, denominated in Euro",PCPA,0
MIR.M.DE.B.A2C.AM.R.A.2250.EUR.N,M,DE,B,A2C,AM,R,A,2250,EUR,N,2019-03,1.74,A,F,,,P1M,,A,,,,,,,,,,4,,DE2,Cost of borrowing for households for house purchase ,"Germany, Annualised agreed rate (AAR) / Narrowly defined effective rate (NDER), Credit and other institutions (MFI except MMFs and central banks) reporting sector - Lending for house purchase excluding revolving loans and overdrafts, convenience and extended credit card debt, Total calculated by weighting the volumes with a moving average (defined for cost of borrowing purposes), New business coverage, Households and non-profit institutions serving households (S.14 and S.15) sector, denominated in Euro",PCPA,0
MIR.M.DE.B.A2C.AM.R.A.2250.EUR.N,M,DE,B,A2C,AM,R,A,2250,EUR,N,2019-04,1.68,A,F,,,P1M,,A,,,,,,,,,,4,,DE2,Cost of borrowing for households for house purchase ,"Germany, Annualised agreed rate (AAR) / Narrowly defined effective rate (NDER), Credit and other institutions (MFI except MMFs and central banks) reporting sector - Lending for house purchase excluding revolving loans and overdrafts, convenience and extended credit card debt, Total calculated by weighting the volumes with a moving average (defined for cost of borrowing purposes), New business coverage, Households and non-profit institutions serving households (S.14 and S.15) sector, denominated in Euro",PCPA,0
MIR.M.DE.B.A2C.AM.R.A.2250.EUR.N,M,DE,B,A2C,AM,R,A,2250,EUR,N,2019-05,1.63,A,F,,,P1M,,A,,,,,,,,,,4,,DE2,Cost of borrowing for households for house purchase ,"Germany, Annualised agreed rate (AAR) / Narrowly defined effective rate (NDER), Credit and other institutions (MFI except MMFs and central banks) reporting sector - Lending for house purchase excluding revolving loans and overdrafts, convenience and extended credit card debt, Total calculated by weighting the volumes with a moving average (defined for cost of borrowing purposes), New business coverage, Households and non-profit institutions serving households (S.14 and S.15) sector, denominated in Euro",PCPA,0
MIR.M.DE.B.A2C.AM.R.A.2250.EUR.N,M,DE,B,A2C,AM,R,A,2250,EUR,N,2019-06,1.58,A,F,,,P1M,,A,,,,,,,,,,4,,DE2,Cost of borrowing for households for house purchase ,"Germany, Annualised agreed rate (AAR) / Narrowly defined effective rate (NDER), Credit and other institutions (MFI except MMFs and central banks) reporting sector - Lending for house purchase excluding revolving loans and overdrafts, convenience and extended credit card debt, Total calculated by weighting the volumes with a moving average (defined for cost of borrowing purposes), New business coverage, Households and non-profit institutions serving households (S.14 and S.15) sector, denominated in Euro",PCPA,0
MIR.M.DE.B.A2C.AM.R.A.2250.EUR.N,M,DE,B,A2C,AM,R,A,2250,EUR,N,2019-07,1.5,A,F,,,P1M,,A,,,,,,,,,,4,,DE2,Cost of borrowing for households for house purchase ,"Germany, Annualised agreed rate (AAR) / Narrowly defined effective rate (NDER), Credit and other institutions (MFI except MMFs and central banks) reporting sector - Lending for house purchase excluding revolving loans and overdrafts, convenience and extended credit card debt, Total calculated by weighting the volumes with a moving average (defined for cost of borrowing purposes), New business coverage, Households and non-profit institutions serving households (S.14 and S.15) sector, denominated in Euro",PCPA,0
MIR.M.DE.B.A2C.AM.R.A.2250.EUR.N,M,DE,B,A2C,AM,R,A,2250,EUR,N,2019-08,1.38,A,F,,,P1M,,A,,,,,,,,,,4,,DE2,Cost of borrowing for households for house purchase ,"Germany, Annualised agreed rate (AAR) / Narrowly defined effective rate (NDER), Credit and other institutions (MFI except MMFs and central banks) reporting sector - Lending for house purchase excluding revolving loans and overdrafts, convenience and extended credit card debt, Total calculated by weighting the volumes with a moving average (defined for cost of borrowing purposes), New business coverage, Households and non-profit institutions serving households (S.14 and S.15) sector, denominated in Euro",PCPA,0
MIR.M.DE.B.A2C.AM.R.A.2250.EUR.N,M,DE,B,A2C,AM,R,A,2250,EUR,N,2019-09,1.29,A,F,,,P1M,,A,,,,,,,,,,4,,DE2,Cost of borrowing for households for house purchase ,"Germany, Annualised agreed rate (AAR) / Narrowly defined effective rate (NDER), Credit and other institutions (MFI except MMFs and central banks) reporting sector - Lending for house purchase excluding revolving loans and overdrafts, convenience and extended credit card debt, Total calculated by weighting the volumes with a moving average (defined for cost of borrowing purposes), New business coverage, Households and non-profit institutions serving households (S.14 and S.15) sector, denominated in Euro",PCPA,0
MIR.M.DE.B.A2C.AM.R.A.2250.EUR.N,M,DE,B,A2C,AM,R,A,2250,EUR,N,2019-10,1.27,A,F,,,P1M,,A,,,,,,,,,,4,,DE2,Cost of borrowing for households for house purchase ,"Germany, Annualised agreed rate (AAR) / Narrowly defined effective rate (NDER), Credit and other institutions (MFI except MMFs and central banks) reporting sector - Lending for house purchase excluding revolving loans and overdrafts, convenience and extended credit card debt, Total calculated by weighting the volumes with a moving average (defined for cost of borrowing purposes), New business coverage, Households and non-profit institutions serving households (S.14 and S.15) sector, denominated in Euro",PCPA,0
MIR.M.DE.B.A2C.AM.R.A.2250.EUR.N,M,DE,B,A2C,AM,R,A,2250,EUR,N,2019-11,1.27,A,F,,,P1M,,A,,,,,,,,,,4,,DE2,Cost of borrowing for households for house purchase ,"Germany, Annualised agreed rate (AAR) / Narrowly defined effective rate (NDER), Credit and other institutions (MFI except MMFs and central banks) reporting sector - Lending for house purchase excluding revolving loans and overdrafts, convenience and extended credit card debt, Total calculated by weighting the volumes with a moving average (defined for cost of borrowing purposes), New business coverage, Households and non-profit institutions serving households (S.14 and S.15) sector, denominated in Euro",PCPA,0
MIR.M.DE.B.A2C.AM.R.A.2250.EUR.N,M,DE,B,A2C,AM,R,A,2250,EUR,N,2019-12,1.29,A,F,,,P1M,,A,,,,,,,,,,4,,DE2,Cost of borrowing for households for house purchase ,"Germany, Annualised agreed rate (AAR) / Narrowly defined effective rate (NDER), Credit and other institutions (MFI except MMFs and central banks) reporting sector - Lending for house purchase excluding revolving loans and overdrafts, convenience and extended credit card debt, Total calculated by weighting the volumes with a moving average (defined for cost of borrowing purposes), New business coverage, Households and non-profit institutions serving households (S.14 and S.15) sector, denominated in Euro",PCPA,0
MIR.M.DE.B.A2C.AM.R.A.2250.EUR.N,M,DE,B,A2C,AM,R,A,2250,EUR,N,2020-01,1.34,A,F,,,P1M,,A,,,,,,,,,,4,,DE2,Cost of borrowing for households for house purchase ,"Germany, Annualised agreed rate (AAR) / Narrowly defined effective rate (NDER), Credit and other institutions (MFI except MMFs and central banks) reporting sector - Lending for house purchase excluding revolving loans and overdrafts, convenience and extended credit card debt, Total calculated by weighting the volumes with a moving average (defined for cost of borrowing purposes), New business coverage, Households and non-profit institutions serving households (S.14 and S.15) sector, denominated in Euro",PCPA,0
MIR.M.DE.B.A2C.AM.R.A.2250.EUR.N,M,DE,B,A2C,AM,R,A,2250,EUR,N,2020-02,1.29,A,F,,,P1M,,A,,,,,,,,,,4,,DE2,Cost of borrowing for households for house purchase ,"Germany, Annualised agreed rate (AAR) / Narrowly defined effective rate (NDER), Credit and other institutions (MFI except MMFs and central banks) reporting sector - Lending for house purchase excluding revolving loans and overdrafts, convenience and extended credit card debt, Total calculated by weighting the volumes with a moving average (defined for cost of borrowing purposes), New business coverage, Households and non-profit institutions serving households (S.14 and S.15) sector, denominated in Euro",PCPA,0
MIR.M.DE.B.A2C.AM.R.A.2250.EUR.N,M,DE,B,A2C,AM,R,A,2250,EUR,N,2020-03,1.23,A,F,,,P1M,,A,,,,,,,,,,4,,DE2,Cost of borrowing for households for house purchase ,"Germany, Annualised agreed rate (AAR) / Narrowly defined effective rate (NDER), Credit and other institutions (MFI except MMFs and central banks) reporting sector - Lending for house purchase excluding revolving loans and overdrafts, convenience and extended credit card debt, Total calculated by weighting the volumes with a moving average (defined for cost of borrowing purposes), New business coverage, Households and non-profit institutions serving households (S.14 and S.15) sector, denominated in Euro",PCPA,0
MIR.M.DE.B.A2C.AM.R.A.2250.EUR.N,M,DE,B,A2C,AM,R,A,2250,EUR,N,2020-04,1.26,A,F,,,P1M,,A,,,,,,,,,,4,,DE2,Cost of borrowing for households for house purchase ,"Germany, Annualised agreed rate (AAR) / Narrowly defined effective rate (NDER), Credit and other institutions (MFI except MMFs and central banks) reporting sector - Lending for house purchase excluding revolving loans and overdrafts, convenience and extended credit card debt, Total calculated by weighting the volumes with a moving average (defined for cost of borrowing purposes), New business coverage, Households and non-profit institutions serving households (S.14 and S.15) sector, denominated in Euro",PCPA,0
MIR.M.DE.B.A2C.AM.R.A.2250.EUR.N,M,DE,B,A2C,AM,R,A,2250,EUR,N,2020-05,1.31,A,F,,,P1M,,A,,,,,,,,,,4,,DE2,Cost of borrowing for households for house purchase ,"Germany, Annualised agreed rate (AAR) / Narrowly defined effective rate (NDER), Credit and other institutions (MFI except MMFs and central banks) reporting sector - Lending for house purchase excluding revolving loans and overdrafts, convenience and extended credit card debt, Total calculated by weighting the volumes with a moving average (defined for cost of borrowing purposes), New business coverage, Households and non-profit institutions serving households (S.14 and S.15) sector, denominated in Euro",PCPA,0
MIR.M.DE.B.A2C.AM.R.A.2250.EUR.N,M,DE,B,A2C,AM,R,A,2250,EUR,N,2020-06,1.34,A,F,,,P1M,,A,,,,,,,,,,4,,DE2,Cost of borrowing for households for house purchase ,"Germany, Annualised agreed rate (AAR) / Narrowly defined effective rate (NDER), Credit and other institutions (MFI except MMFs and central banks) reporting sector - Lending for house purchase excluding revolving loans and overdrafts, convenience and extended credit card debt, Total calculated by weighting the volumes with a moving average (defined for cost of borrowing purposes), New business coverage, Households and non-profit institutions serving households (S.14 and S.15) sector, denominated in Euro",PCPA,0
MIR.M.DE.B.A2C.AM.R.A.2250.EUR.N,M,DE,B,A2C,AM,R,A,2250,EUR,N,2020-07,1.27,A,F,,,P1M,,A,,,,,,,,,,4,,DE2,Cost of borrowing for households for house purchase ,"Germany, Annualised agreed rate (AAR) / Narrowly defined effective rate (NDER), Credit and other institutions (MFI except MMFs and central banks) reporting sector - Lending for house purchase excluding revolving loans and overdrafts, convenience and extended credit card debt, Total calculated by weighting the volumes with a moving average (defined for cost of borrowing purposes), New business coverage, Households and non-profit institutions serving households (S.14 and S.15) sector, denominated in Euro",PCPA,0
MIR.M.DE.B.A2C.AM.R.A.2250.EUR.N,M,DE,B,A2C,AM,R,A,2250,EUR,N,2020-08,1.24,A,F,,,P1M,,A,,,,,,,,,,4,,DE2,Cost of borrowing for households for house purchase ,"Germany, Annualised agreed rate (AAR) / Narrowly defined effective rate (NDER), Credit and other institutions (MFI except MMFs and central banks) reporting sector - Lending for house purchase excluding revolving loans and overdrafts, convenience and extended credit card debt, Total calculated by weighting the volumes with a moving average (defined for cost of borrowing purposes), New business coverage, Households and non-profit institutions serving households (S.14 and S.15) sector, denominated in Euro",PCPA,0
MIR.M.DE.B.A2C.AM.R.A.2250.EUR.N,M,DE,B,A2C,AM,R,A,2250,EUR,N,2020-09,1.22,A,F,,,P1M,,A,,,,,,,,,,4,,DE2,Cost of borrowing for households for house purchase ,"Germany, Annualised agreed rate (AAR) / Narrowly defined effective rate (NDER), Credit and other institutions (MFI except MMFs and central banks) reporting sector - Lending for house purchase excluding revolving loans and overdrafts, convenience and extended credit card debt, Total calculated by weighting the volumes with a moving average (defined for cost of borrowing purposes), New business coverage, Households and non-profit institutions serving households (S.14 and S.15) sector, denominated in Euro",PCPA,0
MIR.M.DE.B.A2C.AM.R.A.2250.EUR.N,M,DE,B,A2C,AM,R,A,2250,EUR,N,2020-10,1.19,A,F,,,P1M,,A,,,,,,,,,,4,,DE2,Cost of borrowing for households for house purchase ,"Germany, Annualised agreed rate (AAR) / Narrowly defined effective rate (NDER), Credit and other institutions (MFI except MMFs and central banks) reporting sector - Lending for house purchase excluding revolving loans and overdrafts, convenience and extended credit card debt, Total calculated by weighting the volumes with a moving average (defined for cost of borrowing purposes), New business coverage, Households and non-profit institutions serving households (S.14 and S.15) sector, denominated in Euro",PCPA,0
MIR.M.DE.B.A2C.AM.R.A.2250.EUR.N,M,DE,B,A2C,AM,R,A,2250,EUR,N,2020-11,1.18,A,F,,,P1M,,A,,,,,,,,,,4,,DE2,Cost of borrowing for households for house purchase ,"Germany, Annualised agreed rate (AAR) / Narrowly defined effective rate (NDER), Credit and other institutions (MFI except MMFs and central banks) reporting sector - Lending for house purchase excluding revolving loans and overdrafts, convenience and extended credit card debt, Total calculated by weighting the volumes with a moving average (defined for cost of borrowing purposes), New business coverage, Households and non-profit institutions serving households (S.14 and S.15) sector, denominated in Euro",PCPA,0
MIR.M.DE.B.A2C.AM.R.A.2250.EUR.N,M,DE,B,A2C,AM,R,A,2250,EUR,N,2020-12,1.16,A,F,,,P1M,,A,,,,,,,,,,4,,DE2,Cost of borrowing for households for house purchase ,"Germany, Annualised agreed rate (AAR) / Narrowly defined effective rate (NDER), Credit and other institutions (MFI except MMFs and central banks) reporting sector - Lending for house purchase excluding revolving loans and overdrafts, convenience and extended credit card debt, Total calculated by weighting the volumes with a moving average (defined for cost of borrowing purposes), New business coverage, Households and non-profit institutions serving households (S.14 and S.15) sector, denominated in Euro",PCPA,0
MIR.M.DE.B.A2C.AM.R.A.2250.EUR.N,M,DE,B,A2C,AM,R,A,2250,EUR,N,2021-01,1.19,A,F,,,P1M,,A,,,,,,,,,,4,,DE2,Cost of borrowing for households for house purchase ,"Germany, Annualised agreed rate (AAR) / Narrowly defined effective rate (NDER), Credit and other institutions (MFI except MMFs and central banks) reporting sector - Lending for house purchase excluding revolving loans and overdrafts, convenience and extended credit card debt, Total calculated by weighting the volumes with a moving average (defined for cost of borrowing purposes), New business coverage, Households and non-profit institutions serving households (S.14 and S.15) sector, denominated in Euro",PCPA,0
MIR.M.DE.B.A2C.AM.R.A.2250.EUR.N,M,DE,B,A2C,AM,R,A,2250,EUR,N,2021-02,1.18,A,F,,,P1M,,A,,,,,,,,,,4,,DE2,Cost of borrowing for households for house purchase ,"Germany, Annualised agreed rate (AAR) / Narrowly defined effective rate (NDER), Credit and other institutions (MFI except MMFs and central banks) reporting sector - Lending for house purchase excluding revolving loans and overdrafts, convenience and extended credit card debt, Total calculated by weighting the volumes with a moving average (defined for cost of borrowing purposes), New business coverage, Households and non-profit institutions serving households (S.14 and S.15) sector, denominated in Euro",PCPA,0
MIR.M.DE.B.A2C.AM.R.A.2250.EUR.N,M,DE,B,A2C,AM,R,A,2250,EUR,N,2021-03,1.19,A,F,,,P1M,,A,,,,,,,,,,4,,DE2,Cost of borrowing for households for house purchase ,"Germany, Annualised agreed rate (AAR) / Narrowly defined effective rate (NDER), Credit and other institutions (MFI except MMFs and central banks) reporting sector - Lending for house purchase excluding revolving loans and overdrafts, convenience and extended credit card debt, Total calculated by weighting the volumes with a moving average (defined for cost of borrowing purposes), New business coverage, Households and non-profit institutions serving households (S.14 and S.15) sector, denominated in Euro",PCPA,0
MIR.M.DE.B.A2C.AM.R.A.2250.EUR.N,M,DE,B,A2C,AM,R,A,2250,EUR,N,2021-04,1.23,A,F,,,P1M,,A,,,,,,,,,,4,,DE2,Cost of borrowing for households for house purchase ,"Germany, Annualised agreed rate (AAR) / Narrowly defined effective rate (NDER), Credit and other institutions (MFI except MMFs and central banks) reporting sector - Lending for house purchase excluding revolving loans and overdrafts, convenience and extended credit card debt, Total calculated by weighting the volumes with a moving average (defined for cost of borrowing purposes), New business coverage, Households and non-profit institutions serving households (S.14 and S.15) sector, denominated in Euro",PCPA,0
MIR.M.DE.B.A2C.AM.R.A.2250.EUR.N,M,DE,B,A2C,AM,R,A,2250,EUR,N,2021-05,1.27,A,F,,,P1M,,A,,,,,,,,,,4,,DE2,Cost of borrowing for households for house purchase ,"Germany, Annualised agreed rate (AAR) / Narrowly defined effective rate (NDER), Credit and other institutions (MFI except MMFs and central banks) reporting sector - Lending for house purchase excluding revolving loans and overdrafts, convenience and extended credit card debt, Total calculated by weighting the volumes with a moving average (defined for cost of borrowing purposes), New business coverage, Households and non-profit institutions serving households (S.14 and S.15) sector, denominated in Euro",PCPA,0
MIR.M.DE.B.A2C.AM.R.A.2250.EUR.N,M,DE,B,A2C,AM,R,A,2250,EUR,N,2021-06,1.3,A,F,,,P1M,,A,,,,,,,,,,4,,DE2,Cost of borrowing for households for house purchase ,"Germany, Annualised agreed rate (AAR) / Narrowly defined effective rate (NDER), Credit and other institutions (MFI except MMFs and central banks) reporting sector - Lending for house purchase excluding revolving loans and overdrafts, convenience and extended credit card debt, Total calculated by weighting the volumes with a moving average (defined for cost of borrowing purposes), New business coverage, Households and non-profit institutions serving households (S.14 and S.15) sector, denominated in Euro",PCPA,0
MIR.M.DE.B.A2C.AM.R.A.2250.EUR.N,M,DE,B,A2C,AM,R,A,2250,EUR,N,2021-07,1.31,A,F,,,P1M,,A,,,,,,,,,,4,,DE2,Cost of borrowing for households for house purchase ,"Germany, Annualised agreed rate (AAR) / Narrowly defined effective rate (NDER), Credit and other institutions (MFI except MMFs and central banks) reporting sector - Lending for house purchase excluding revolving loans and overdrafts, convenience and extended credit card debt, Total calculated by weighting the volumes with a moving average (defined for cost of borrowing purposes), New business coverage, Households and non-profit institutions serving households (S.14 and S.15) sector, denominated in Euro",PCPA,0
MIR.M.DE.B.A2C.AM.R.A.2250.EUR.N,M,DE,B,A2C,AM,R,A,2250,EUR,N,2021-08,1.27,A,F,,,P1M,,A,,,,,,,,,,4,,DE2,Cost of borrowing for households for house purchase ,"Germany, Annualised agreed rate (AAR) / Narrowly defined effective rate (NDER), Credit and other institutions (MFI except MMFs and central banks) reporting sector - Lending for house purchase excluding revolving loans and overdrafts, convenience and extended credit card debt, Total calculated by weighting the volumes with a moving average (defined for cost of borrowing purposes), New business coverage, Households and non-profit institutions serving households (S.14 and S.15) sector, denominated in Euro",PCPA,0
MIR.M.DE.B.A2C.AM.R.A.2250.EUR.N,M,DE,B,A2C,AM,R,A,2250,EUR,N,2021-09,1.26,A,F,,,P1M,,A,,,,,,,,,,4,,DE2,Cost of borrowing for households for house purchase ,"Germany, Annualised agreed rate (AAR) / Narrowly defined effective rate (NDER), Credit and other institutions (MFI except MMFs and central banks) reporting sector - Lending for house purchase excluding revolving loans and overdrafts, convenience and extended credit card debt, Total calculated by weighting the volumes with a moving average (defined for cost of borrowing purposes), New business coverage, Households and non-profit institutions serving households (S.14 and S.15) sector, denominated in Euro",PCPA,0
MIR.M.DE.B.A2C.AM.R.A.2250.EUR.N,M,DE,B,A2C,AM,R,A,2250,EUR,N,2021-10,1.28,A,F,,,P1M,,A,,,,,,,,,,4,,DE2,Cost of borrowing for households for house purchase ,"Germany, Annualised agreed rate (AAR) / Narrowly defined effective rate (NDER), Credit and other institutions (MFI except MMFs and central banks) reporting sector - Lending for house purchase excluding revolving loans and overdrafts, convenience and extended credit card debt, Total calculated by weighting the volumes with a moving average (defined for cost of borrowing purposes), New business coverage, Households and non-profit institutions serving households (S.14 and S.15) sector, denominated in Euro",PCPA,0
MIR.M.DE.B.A2C.AM.R.A.2250.EUR.N,M,DE,B,A2C,AM,R,A,2250,EUR,N,2021-11,1.32,A,F,,,P1M,,A,,,,,,,,,,4,,DE2,Cost of borrowing for households for house purchase ,"Germany, Annualised agreed rate (AAR) / Narrowly defined effective rate (NDER), Credit and other institutions (MFI except MMFs and central banks) reporting sector - Lending for house purchase excluding revolving loans and overdrafts, convenience and extended credit card debt, Total calculated by weighting the volumes with a moving average (defined for cost of borrowing purposes), New business coverage, Households and non-profit institutions serving households (S.14 and S.15) sector, denominated in Euro",PCPA,0
MIR.M.DE.B.A2C.AM.R.A.2250.EUR.N,M,DE,B,A2C,AM,R,A,2250,EUR,N,2021-12,1.32,A,F,,,P1M,,A,,,,,,,,,,4,,DE2,Cost of borrowing for households for house purchase ,"Germany, Annualised agreed rate (AAR) / Narrowly defined effective rate (NDER), Credit and other institutions (MFI except MMFs and central banks) reporting sector - Lending for house purchase excluding revolving loans and overdrafts, convenience and extended credit card debt, Total calculated by weighting the volumes with a moving average (defined for cost of borrowing purposes), New business coverage, Households and non-profit institutions serving households (S.14 and S.15) sector, denominated in Euro",PCPA,0
MIR.M.DE.B.A2C.AM.R.A.2250.EUR.N,M,DE,B,A2C,AM,R,A,2250,EUR,N,2022-01,1.35,A,F,,,P1M,,A,,,,,,,,,,4,,DE2,Cost of borrowing for households for house purchase ,"Germany, Annualised agreed rate (AAR) / Narrowly defined effective rate (NDER), Credit and other institutions (MFI except MMFs and central banks) reporting sector - Lending for house purchase excluding revolving loans and overdrafts, convenience and extended credit card debt, Total calculated by weighting the volumes with a moving average (defined for cost of borrowing purposes), New business coverage, Households and non-profit institutions serving households (S.14 and S.15) sector, denominated in Euro",PCPA,0
MIR.M.DE.B.A2C.AM.R.A.2250.EUR.N,M,DE,B,A2C,AM,R,A,2250,EUR,N,2022-02,1.45,A,F,,,P1M,,A,,,,,,,,,,4,,DE2,Cost of borrowing for households for house purchase ,"Germany, Annualised agreed rate (AAR) / Narrowly defined effective rate (NDER), Credit and other institutions (MFI except MMFs and central banks) reporting sector - Lending for house purchase excluding revolving loans and overdrafts, convenience and extended credit card debt, Total calculated by weighting the volumes with a moving average (defined for cost of borrowing purposes), New business coverage, Households and non-profit institutions serving households (S.14 and S.15) sector, denominated in Euro",PCPA,0
MIR.M.DE.B.A2C.AM.R.A.2250.EUR.N,M,DE,B,A2C,AM,R,A,2250,EUR,N,2022-03,1.65,A,F,,,P1M,,A,,,,,,,,,,4,,DE2,Cost of borrowing for households for house purchase ,"Germany, Annualised agreed rate (AAR) / Narrowly defined effective rate (NDER), Credit and other institutions (MFI except MMFs and central banks) reporting sector - Lending for house purchase excluding revolving loans and overdrafts, convenience and extended credit card debt, Total calculated by weighting the volumes with a moving average (defined for cost of borrowing purposes), New business coverage, Households and non-profit institutions serving households (S.14 and S.15) sector, denominated in Euro",PCPA,0
MIR.M.DE.B.A2C.AM.R.A.2250.EUR.N,M,DE,B,A2C,AM,R,A,2250,EUR,N,2022-04,1.94,A,F,,,P1M,,A,,,,,,,,,,4,,DE2,Cost of borrowing for households for house purchase ,"Germany, Annualised agreed rate (AAR) / Narrowly defined effective rate (NDER), Credit and other institutions (MFI except MMFs and central banks) reporting sector - Lending for house purchase excluding revolving loans and overdrafts, convenience and extended credit card debt, Total calculated by weighting the volumes with a moving average (defined for cost of borrowing purposes), New business coverage, Households and non-profit institutions serving households (S.14 and S.15) sector, denominated in Euro",PCPA,0
MIR.M.DE.B.A2C.AM.R.A.2250.EUR.N,M,DE,B,A2C,AM,R,A,2250,EUR,N,2022-05,2.25,A,F,,,P1M,,A,,,,,,,,,,4,,DE2,Cost of borrowing for households for house purchase ,"Germany, Annualised agreed rate (AAR) / Narrowly defined effective rate (NDER), Credit and other institutions (MFI except MMFs and central banks) reporting sector - Lending for house purchase excluding revolving loans and overdrafts, convenience and extended credit card debt, Total calculated by weighting the volumes with a moving average (defined for cost of borrowing purposes), New business coverage, Households and non-profit institutions serving households (S.14 and S.15) sector, denominated in Euro",PCPA,0
MIR.M.DE.B.A2C.AM.R.A.2250.EUR.N,M,DE,B,A2C,AM,R,A,2250,EUR,N,2022-06,2.57,A,F,,,P1M,,A,,,,,,,,,,4,,DE2,Cost of borrowing for households for house purchase ,"Germany, Annualised agreed rate (AAR) / Narrowly defined effective rate (NDER), Credit and other institutions (MFI except MMFs and central banks) reporting sector - Lending for house purchase excluding revolving loans and overdrafts, convenience and extended credit card debt, Total calculated by weighting the volumes with a moving average (defined for cost of borrowing purposes), New business coverage, Households and non-profit institutions serving households (S.14 and S.15) sector, denominated in Euro",PCPA,0
MIR.M.DE.B.A2C.AM.R.A.2250.EUR.N,M,DE,B,A2C,AM,R,A,2250,EUR,N,2022-07,2.82,A,F,,,P1M,,A,,,,,,,,,,4,,DE2,Cost of borrowing for households for house purchase ,"Germany, Annualised agreed rate (AAR) / Narrowly defined effective rate (NDER), Credit and other institutions (MFI except MMFs and central banks) reporting sector - Lending for house purchase excluding revolving loans and overdrafts, convenience and extended credit card debt, Total calculated by weighting the volumes with a moving average (defined for cost of borrowing purposes), New business coverage, Households and non-profit institutions serving households (S.14 and S.15) sector, denominated in Euro",PCPA,0
MIR.M.DE.B.A2C.AM.R.A.2250.EUR.N,M,DE,B,A2C,AM,R,A,2250,EUR,N,2022-08,2.85,A,F,,,P1M,,A,,,,,,,,,,4,,DE2,Cost of borrowing for households for house purchase ,"Germany, Annualised agreed rate (AAR) / Narrowly defined effective rate (NDER), Credit and other institutions (MFI except MMFs and central banks) reporting sector - Lending for house purchase excluding revolving loans and overdrafts, convenience and extended credit card debt, Total calculated by weighting the volumes with a moving average (defined for cost of borrowing purposes), New business coverage, Households and non-profit institutions serving households (S.14 and S.15) sector, denominated in Euro",PCPA,0
MIR.M.DE.B.A2C.AM.R.A.2250.EUR.N,M,DE,B,A2C,AM,R,A,2250,EUR,N,2022-09,3.03,A,F,,,P1M,,A,,,,,,,,,,4,,DE2,Cost of borrowing for households for house purchase ,"Germany, Annualised agreed rate (AAR) / Narrowly defined effective rate (NDER), Credit and other institutions (MFI except MMFs and central banks) reporting sector - Lending for house purchase excluding revolving loans and overdrafts, convenience and extended credit card debt, Total calculated by weighting the volumes with a moving average (defined for cost of borrowing purposes), New business coverage, Households and non-profit institutions serving households (S.14 and S.15) sector, denominated in Euro",PCPA,0
MIR.M.DE.B.A2C.AM.R.A.2250.EUR.N,M,DE,B,A2C,AM,R,A,2250,EUR,N,2022-10,3.28,A,F,,,P1M,,A,,,,,,,,,,4,,DE2,Cost of borrowing for households for house purchase ,"Germany, Annualised agreed rate (AAR) / Narrowly defined effective rate (NDER), Credit and other institutions (MFI except MMFs and central banks) reporting sector - Lending for house purchase excluding revolving loans and overdrafts, convenience and extended credit card debt, Total calculated by weighting the volumes with a moving average (defined for cost of borrowing purposes), New business coverage, Households and non-profit institutions serving households (S.14 and S.15) sector, denominated in Euro",PCPA,0
MIR.M.DE.B.A2C.AM.R.A.2250.EUR.N,M,DE,B,A2C,AM,R,A,2250,EUR,N,2022-11,3.62,A,F,,,P1M,,A,,,,,,,,,,4,,DE2,Cost of borrowing for households for house purchase ,"Germany, Annualised agreed rate (AAR) / Narrowly defined effective rate (NDER), Credit and other institutions (MFI except MMFs and central banks) reporting sector - Lending for house purchase excluding revolving loans and overdrafts, convenience and extended credit card debt, Total calculated by weighting the volumes with a moving average (defined for cost of borrowing purposes), New business coverage, Households and non-profit institutions serving households (S.14 and S.15) sector, denominated in Euro",PCPA,0
MIR.M.DE.B.A2C.AM.R.A.2250.EUR.N,M,DE,B,A2C,AM,R,A,2250,EUR,N,2022-12,3.52,A,F,,,P1M,,A,,,,,,,,,,4,,DE2,Cost of borrowing for households for house purchase ,"Germany, Annualised agreed rate (AAR) / Narrowly defined effective rate (NDER), Credit and other institutions (MFI except MMFs and central banks) reporting sector - Lending for house purchase excluding revolving loans and overdrafts, convenience and extended credit card debt, Total calculated by weighting the volumes with a moving average (defined for cost of borrowing purposes), New business coverage, Households and non-profit institutions serving households (S.14 and S.15) sector, denominated in Euro",PCPA,0
MIR.M.DE.B.A2C.AM.R.A.2250.EUR.N,M,DE,B,A2C,AM,R,A,2250,EUR,N,2023-01,3.64,A,F,,,P1M,,A,,,,,,,,,,4,,DE2,Cost of borrowing for households for house purchase ,"Germany, Annualised agreed rate (AAR) / Narrowly defined effective rate (NDER), Credit and other institutions (MFI except MMFs and central banks) reporting sector - Lending for house purchase excluding revolving loans and overdrafts, convenience and extended credit card debt, Total calculated by weighting the volumes with a moving average (defined for cost of borrowing purposes), New business coverage, Households and non-profit institutions serving households (S.14 and S.15) sector, denominated in Euro",PCPA,0
MIR.M.DE.B.A2C.AM.R.A.2250.EUR.N,M,DE,B,A2C,AM,R,A,2250,EUR,N,2023-02,3.76,A,F,,,P1M,,A,,,,,,,,,,4,,DE2,Cost of borrowing for households for house purchase ,"Germany, Annualised agreed rate (AAR) / Narrowly defined effective rate (NDER), Credit and other institutions (MFI except MMFs and central banks) reporting sector - Lending for house purchase excluding revolving loans and overdrafts, convenience and extended credit card debt, Total calculated by weighting the volumes with a moving average (defined for cost of borrowing purposes), New business coverage, Households and non-profit institutions serving households (S.14 and S.15) sector, denominated in Euro",PCPA,0
MIR.M.DE.B.A2C.AM.R.A.2250.EUR.N,M,DE,B,A2C,AM,R,A,2250,EUR,N,2023-03,3.85,A,F,,,P1M,,A,,,,,,,,,,4,,DE2,Cost of borrowing for households for house purchase ,"Germany, Annualised agreed rate (AAR) / Narrowly defined effective rate (NDER), Credit and other institutions (MFI except MMFs and central banks) reporting sector - Lending for house purchase excluding revolving loans and overdrafts, convenience and extended credit card debt, Total calculated by weighting the volumes with a moving average (defined for cost of borrowing purposes), New business coverage, Households and non-profit institutions serving households (S.14 and S.15) sector, denominated in Euro",PCPA,0
MIR.M.DE.B.A2C.AM.R.A.2250.EUR.N,M,DE,B,A2C,AM,R,A,2250,EUR,N,2023-04,3.89,A,F,,,P1M,,A,,,,,,,,,,4,,DE2,Cost of borrowing for households for house purchase ,"Germany, Annualised agreed rate (AAR) / Narrowly defined effective rate (NDER), Credit and other institutions (MFI except MMFs and central banks) reporting sector - Lending for house purchase excluding revolving loans and overdrafts, convenience and extended credit card debt, Total calculated by weighting the volumes with a moving average (defined for cost of borrowing purposes), New business coverage, Households and non-profit institutions serving households (S.14 and S.15) sector, denominated in Euro",PCPA,0
MIR.M.DE.B.A2C.AM.R.A.2250.EUR.N,M,DE,B,A2C,AM,R,A,2250,EUR,N,2023-05,3.9,A,F,,,P1M,,A,,,,,,,,,,4,,DE2,Cost of borrowing for households for house purchase ,"Germany, Annualised agreed rate (AAR) / Narrowly defined effective rate (NDER), Credit and other institutions (MFI except MMFs and central banks) reporting sector - Lending for house purchase excluding revolving loans and overdrafts, convenience and extended credit card debt, Total calculated by weighting the volumes with a moving average (defined for cost of borrowing purposes), New business coverage, Households and non-profit institutions serving households (S.14 and S.15) sector, denominated in Euro",PCPA,0
MIR.M.DE.B.A2C.AM.R.A.2250.EUR.N,M,DE,B,A2C,AM,R,A,2250,EUR,N,2023-06,4,A,F,,,P1M,,A,,,,,,,,,,4,,DE2,Cost of borrowing for households for house purchase ,"Germany, Annualised agreed rate (AAR) / Narrowly defined effective rate (NDER), Credit and other institutions (MFI except MMFs and central banks) reporting sector - Lending for house purchase excluding revolving loans and overdrafts, convenience and extended credit card debt, Total calculated by weighting the volumes with a moving average (defined for cost of borrowing purposes), New business coverage, Households and non-profit institutions serving households (S.14 and S.15) sector, denominated in Euro",PCPA,0
MIR.M.DE.B.A2C.AM.R.A.2250.EUR.N,M,DE,B,A2C,AM,R,A,2250,EUR,N,2023-07,4,A,F,,,P1M,,A,,,,,,,,,,4,,DE2,Cost of borrowing for households for house purchase ,"Germany, Annualised agreed rate (AAR) / Narrowly defined effective rate (NDER), Credit and other institutions (MFI except MMFs and central banks) reporting sector - Lending for house purchase excluding revolving loans and overdrafts, convenience and extended credit card debt, Total calculated by weighting the volumes with a moving average (defined for cost of borrowing purposes), New business coverage, Households and non-profit institutions serving households (S.14 and S.15) sector, denominated in Euro",PCPA,0
MIR.M.DE.B.A2C.AM.R.A.2250.EUR.N,M,DE,B,A2C,AM,R,A,2250,EUR,N,2023-08,4.1,A,F,,,P1M,,A,,,,,,,,,,4,,DE2,Cost of borrowing for households for house purchase ,"Germany, Annualised agreed rate (AAR) / Narrowly defined effective rate (NDER), Credit and other institutions (MFI except MMFs and central banks) reporting sector - Lending for house purchase excluding revolving loans and overdrafts, convenience and extended credit card debt, Total calculated by weighting the volumes with a moving average (defined for cost of borrowing purposes), New business coverage, Households and non-profit institutions serving households (S.14 and S.15) sector, denominated in Euro",PCPA,0
MIR.M.DE.B.A2C.AM.R.A.2250.EUR.N,M,DE,B,A2C,AM,R,A,2250,EUR,N,2023-09,4.12,A,F,,,P1M,,A,,,,,,,,,,4,,DE2,Cost of borrowing for households for house purchase ,"Germany, Annualised agreed rate (AAR) / Narrowly defined effective rate (NDER), Credit and other institutions (MFI except MMFs and central banks) reporting sector - Lending for house purchase excluding revolving loans and overdrafts, convenience and extended credit card debt, Total calculated by weighting the volumes with a moving average (defined for cost of borrowing purposes), New business coverage, Households and non-profit institutions serving households (S.14 and S.15) sector, denominated in Euro",PCPA,0
MIR.M.DE.B.A2C.AM.R.A.2250.EUR.N,M,DE,B,A2C,AM,R,A,2250,EUR,N,2023-10,4.15,A,F,,,P1M,,A,,,,,,,,,,4,,DE2,Cost of borrowing for households for house purchase ,"Germany, Annualised agreed rate (AAR) / Narrowly defined effective rate (NDER), Credit and other institutions (MFI except MMFs and central banks) reporting sector - Lending for house purchase excluding revolving loans and overdrafts, convenience and extended credit card debt, Total calculated by weighting the volumes with a moving average (defined for cost of borrowing purposes), New business coverage, Households and non-profit institutions serving households (S.14 and S.15) sector, denominated in Euro",PCPA,0
MIR.M.DE.B.A2C.AM.R.A.2250.EUR.N,M,DE,B,A2C,AM,R,A,2250,EUR,N,2023-11,4.22,A,F,,,P1M,,A,,,,,,,,,,4,,DE2,Cost of borrowing for households for house purchase ,"Germany, Annualised agreed rate (AAR) / Narrowly defined effective rate (NDER), Credit and other institutions (MFI except MMFs and central banks) reporting sector - Lending for house purchase excluding revolving loans and overdrafts, convenience and extended credit card debt, Total calculated by weighting the volumes with a moving average (defined for cost of borrowing purposes), New business coverage, Households and non-profit institutions serving households (S.14 and S.15) sector, denominated in Euro",PCPA,0
MIR.M.DE.B.A2C.AM.R.A.2250.EUR.N,M,DE,B,A2C,AM,R,A,2250,EUR,N,2023-12,4.05,A,F,,,P1M,,A,,,,,,,,,,4,,DE2,Cost of borrowing for households for house purchase ,"Germany, Annualised agreed rate (AAR) / Narrowly defined effective rate (NDER), Credit and other institutions (MFI except MMFs and central banks) reporting sector - Lending for house purchase excluding revolving loans and overdrafts, convenience and extended credit card debt, Total calculated by weighting the volumes with a moving average (defined for cost of borrowing purposes), New business coverage, Households and non-profit institutions serving households (S.14 and S.15) sector, denominated in Euro",PCPA,0
MIR.M.DE.B.A2C.AM.R.A.2250.EUR.N,M,DE,B,A2C,AM,R,A,2250,EUR,N,2024-01,3.86,A,F,,,P1M,,A,,,,,,,,,,4,,DE2,Cost of borrowing for households for house purchase ,"Germany, Annualised agreed rate (AAR) / Narrowly defined effective rate (NDER), Credit and other institutions (MFI except MMFs and central banks) reporting sector - Lending for house purchase excluding revolving loans and overdrafts, convenience and extended credit card debt, Total calculated by weighting the volumes with a moving average (defined for cost of borrowing purposes), New business coverage, Households and non-profit institutions serving households (S.14 and S.15) sector, denominated in Euro",PCPA,0
MIR.M.DE.B.A2C.AM.R.A.2250.EUR.N,M,DE,B,A2C,AM,R,A,2250,EUR,N,2024-02,3.89,A,F,,,P1M,,A,,,,,,,,,,4,,DE2,Cost of borrowing for households for house purchase ,"Germany, Annualised agreed rate (AAR) / Narrowly defined effective rate (NDER), Credit and other institutions (MFI except MMFs and central banks) reporting sector - Lending for house purchase excluding revolving loans and overdrafts, convenience and extended credit card debt, Total calculated by weighting the volumes with a moving average (defined for cost of borrowing purposes), New business coverage, Households and non-profit institutions serving households (S.14 and S.15) sector, denominated in Euro",PCPA,0
MIR.M.DE.B.A2C.AM.R.A.2250.EUR.N,M,DE,B,A2C,AM,R,A,2250,EUR,N,2024-03,3.87,A,F,,,P1M,,A,,,,,,,,,,4,,DE2,Cost of borrowing for households for house purchase ,"Germany, Annualised agreed rate (AAR) / Narrowly defined effective rate (NDER), Credit and other institutions (MFI except MMFs and central banks) reporting sector - Lending for house purchase excluding revolving loans and overdrafts, convenience and extended credit card debt, Total calculated by weighting the volumes with a moving average (defined for cost of borrowing purposes), New business coverage, Households and non-profit institutions serving households (S.14 and S.15) sector, denominated in Euro",PCPA,0
MIR.M.DE.B.A2C.AM.R.A.2250.EUR.N,M,DE,B,A2C,AM,R,A,2250,EUR,N,2024-04,3.91,A,F,,,P1M,,A,,,,,,,,,,4,,DE2,Cost of borrowing for households for house purchase ,"Germany, Annualised agreed rate (AAR) / Narrowly defined effective rate (NDER), Credit and other institutions (MFI except MMFs and central banks) reporting sector - Lending for house purchase excluding revolving loans and overdrafts, convenience and extended credit card debt, Total calculated by weighting the volumes with a moving average (defined for cost of borrowing purposes), New business coverage, Households and non-profit institutions serving households (S.14 and S.15) sector, denominated in Euro",PCPA,0
MIR.M.DE.B.A2C.AM.R.A.2250.EUR.N,M,DE,B,A2C,AM,R,A,2250,EUR,N,2024-05,3.95,A,F,,,P1M,,A,,,,,,,,,,4,,DE2,Cost of borrowing for households for house purchase ,"Germany, Annualised agreed rate (AAR) / Narrowly defined effective rate (NDER), Credit and other institutions (MFI except MMFs and central banks) reporting sector - Lending for house purchase excluding revolving loans and overdrafts, convenience and extended credit card debt, Total calculated by weighting the volumes with a moving average (defined for cost of borrowing purposes), New business coverage, Households and non-profit institutions serving households (S.14 and S.15) sector, denominated in Euro",PCPA,0
MIR.M.DE.B.A2C.AM.R.A.2250.EUR.N,M,DE,B,A2C,AM,R,A,2250,EUR,N,2024-06,3.98,A,F,,,P1M,,A,,,,,,,,,,4,,DE2,Cost of borrowing for households for house purchase ,"Germany, Annualised agreed rate (AAR) / Narrowly defined effective rate (NDER), Credit and other institutions (MFI except MMFs and central banks) reporting sector - Lending for house purchase excluding revolving loans and overdrafts, convenience and extended credit card debt, Total calculated by weighting the volumes with a moving average (defined for cost of borrowing purposes), New business coverage, Households and non-profit institutions serving households (S.14 and S.15) sector, denominated in Euro",PCPA,0
MIR.M.DE.B.A2C.AM.R.A.2250.EUR.N,M,DE,B,A2C,AM,R,A,2250,EUR,N,2024-07,3.96,A,F,,,P1M,,A,,,,,,,,,,4,,DE2,Cost of borrowing for households for house purchase ,"Germany, Annualised agreed rate (AAR) / Narrowly defined effective rate (NDER), Credit and other institutions (MFI except MMFs and central banks) reporting sector - Lending for house purchase excluding revolving loans and overdrafts, convenience and extended credit card debt, Total calculated by weighting the volumes with a moving average (defined for cost of borrowing purposes), New business coverage, Households and non-profit institutions serving households (S.14 and S.15) sector, denominated in Euro",PCPA,0
MIR.M.DE.B.A2C.AM.R.A.2250.EUR.N,M,DE,B,A2C,AM,R,A,2250,EUR,N,2024-08,3.89,A,F,,,P1M,,A,,,,,,,,,,4,,DE2,Cost of borrowing for households for house purchase ,"Germany, Annualised agreed rate (AAR) / Narrowly defined effective rate (NDER), Credit and other institutions (MFI except MMFs and central banks) reporting sector - Lending for house purchase excluding revolving loans and overdrafts, convenience and extended credit card debt, Total calculated by weighting the volumes with a moving average (defined for cost of borrowing purposes), New business coverage, Households and non-profit institutions serving households (S.14 and S.15) sector, denominated in Euro",PCPA,0
MIR.M.DE.B.A2C.AM.R.A.2250.EUR.N,M,DE,B,A2C,AM,R,A,2250,EUR,N,2024-09,3.78,A,F,,,P1M,,A,,,,,,,,,,4,,DE2,Cost of borrowing for households for house purchase ,"Germany, Annualised agreed rate (AAR) / Narrowly defined effective rate (NDER), Credit and other institutions (MFI except MMFs and central banks) reporting sector - Lending for house purchase excluding revolving loans and overdrafts, convenience and extended credit card debt, Total calculated by weighting the volumes with a moving average (defined for cost of borrowing purposes), New business coverage, Households and non-profit institutions serving households (S.14 and S.15) sector, denominated in Euro",PCPA,0
MIR.M.DE.B.A2C.AM.R.A.2250.EUR.N,M,DE,B,A2C,AM,R,A,2250,EUR,N,2024-10,3.69,A,F,,,P1M,,A,,,,,,,,,,4,,DE2,Cost of borrowing for households for house purchase ,"Germany, Annualised agreed rate (AAR) / Narrowly defined effective rate (NDER), Credit and other institutions (MFI except MMFs and central banks) reporting sector - Lending for house purchase excluding revolving loans and overdrafts, convenience and extended credit card debt, Total calculated by weighting the volumes with a moving average (defined for cost of borrowing purposes), New business coverage, Households and non-profit institutions serving households (S.14 and S.15) sector, denominated in Euro",PCPA,0
MIR.M.DE.B.A2C.AM.R.A.2250.EUR.N,M,DE,B,A2C,AM,R,A,2250,EUR,N,2024-11,3.63,A,F,,,P1M,,A,,,,,,,,,,4,,DE2,Cost of borrowing for households for house purchase ,"Germany, Annualised agreed rate (AAR) / Narrowly defined effective rate (NDER), Credit and other institutions (MFI except MMFs and central banks) reporting sector - Lending for house purchase excluding revolving loans and overdrafts, convenience and extended credit card debt, Total calculated by weighting the volumes with a moving average (defined for cost of borrowing purposes), New business coverage, Households and non-profit institutions serving households (S.14 and S.15) sector, denominated in Euro",PCPA,0
MIR.M.DE.B.A2C.AM.R.A.2250.EUR.N,M,DE,B,A2C,AM,R,A,2250,EUR,N,2024-12,3.57,A,F,,,P1M,,A,,,,,,,,,,4,,DE2,Cost of borrowing for households for house purchase ,"Germany, Annualised agreed rate (AAR) / Narrowly defined effective rate (NDER), Credit and other institutions (MFI except MMFs and central banks) reporting sector - Lending for house purchase excluding revolving loans and overdrafts, convenience and extended credit card debt, Total calculated by weighting the volumes with a moving average (defined for cost of borrowing purposes), New business coverage, Households and non-profit institutions serving households (S.14 and S.15) sector, denominated in Euro",PCPA,0
MIR.M.DE.B.A2C.AM.R.A.2250.EUR.N,M,DE,B,A2C,AM,R,A,2250,EUR,N,2025-01,3.54,A,F,,,P1M,,A,,,,,,,,,,4,,DE2,Cost of borrowing for households for house purchase ,"Germany, Annualised agreed rate (AAR) / Narrowly defined effective rate (NDER), Credit and other institutions (MFI except MMFs and central banks) reporting sector - Lending for house purchase excluding revolving loans and overdrafts, convenience and extended credit card debt, Total calculated by weighting the volumes with a moving average (defined for cost of borrowing purposes), New business coverage, Households and non-profit institutions serving households (S.14 and S.15) sector, denominated in Euro",PCPA,0
MIR.M.DE.B.A2C.AM.R.A.2250.EUR.N,M,DE,B,A2C,AM,R,A,2250,EUR,N,2025-02,3.59,A,F,,,P1M,,A,,,,,,,,,,4,,DE2,Cost of borrowing for households for house purchase ,"Germany, Annualised agreed rate (AAR) / Narrowly defined effective rate (NDER), Credit and other institutions (MFI except MMFs and central banks) reporting sector - Lending for house purchase excluding revolving loans and overdrafts, convenience and extended credit card debt, Total calculated by weighting the volumes with a moving average (defined for cost of borrowing purposes), New business coverage, Households and non-profit institutions serving households (S.14 and S.15) sector, denominated in Euro",PCPA,0
MIR.M.DE.B.A2C.AM.R.A.2250.EUR.N,M,DE,B,A2C,AM,R,A,2250,EUR,N,2025-03,3.61,A,F,,,P1M,,A,,,,,,,,,,4,,DE2,Cost of borrowing for households for house purchase ,"Germany, Annualised agreed rate (AAR) / Narrowly defined effective rate (NDER), Credit and other institutions (MFI except MMFs and central banks) reporting sector - Lending for house purchase excluding revolving loans and overdrafts, convenience and extended credit card debt, Total calculated by weighting the volumes with a moving average (defined for cost of borrowing purposes), New business coverage, Households and non-profit institutions serving households (S.14 and S.15) sector, denominated in Euro",PCPA,0
MIR.M.DE.B.A2C.AM.R.A.2250.EUR.N,M,DE,B,A2C,AM,R,A,2250,EUR,N,2025-04,3.69,A,F,,,P1M,,A,,,,,,,,,,4,,DE2,Cost of borrowing for households for house purchase ,"Germany, Annualised agreed rate (AAR) / Narrowly defined effective rate (NDER), Credit and other institutions (MFI except MMFs and central banks) reporting sector - Lending for house purchase excluding revolving loans and overdrafts, convenience and extended credit card debt, Total calculated by weighting the volumes with a moving average (defined for cost of borrowing purposes), New business coverage, Households and non-profit institutions serving households (S.14 and S.15) sector, denominated in Euro",PCPA,0
MIR.M.DE.B.A2C.AM.R.A.2250.EUR.N,M,DE,B,A2C,AM,R,A,2250,EUR,N,2025-05,3.67,A,F,,,P1M,,A,,,,,,,,,,4,,DE2,Cost of borrowing for households for house purchase ,"Germany, Annualised agreed rate (AAR) / Narrowly defined effective rate (NDER), Credit and other institutions (MFI except MMFs and central banks) reporting sector - Lending for house purchase excluding revolving loans and overdrafts, convenience and extended credit card debt, Total calculated by weighting the volumes with a moving average (defined for cost of borrowing purposes), New business coverage, Households and non-profit institutions serving households (S.14 and S.15) sector, denominated in Euro",PCPA,0
MIR.M.DE.B.A2C.AM.R.A.2250.EUR.N,M,DE,B,A2C,AM,R,A,2250,EUR,N,2025-06,3.68,A,F,,,P1M,,A,,,,,,,,,,4,,DE2,Cost of borrowing for households for house purchase ,"Germany, Annualised agreed rate (AAR) / Narrowly defined effective rate (NDER), Credit and other institutions (MFI except MMFs and central banks) reporting sector - Lending for house purchase excluding revolving loans and overdrafts, convenience and extended credit card debt, Total calculated by weighting the volumes with a moving average (defined for cost of borrowing purposes), New business coverage, Households and non-profit institutions serving households (S.14 and S.15) sector, denominated in Euro",PCPA,0
MIR.M.DE.B.A2C.AM.R.A.2250.EUR.N,M,DE,B,A2C,AM,R,A,2250,EUR,N,2025-07,3.68,A,F,,,P1M,,A,,,,,,,,,,4,,DE2,Cost of borrowing for households for house purchase ,"Germany, Annualised agreed rate (AAR) / Narrowly defined effective rate (NDER), Credit and other institutions (MFI except MMFs and central banks) reporting sector - Lending for house purchase excluding revolving loans and overdrafts, convenience and extended credit card debt, Total calculated by weighting the volumes with a moving average (defined for cost of borrowing purposes), New business coverage, Households and non-profit institutions serving households (S.14 and S.15) sector, denominated in Euro",PCPA,0
MIR.M.DE.B.A2C.AM.R.A.2250.EUR.N,M,DE,B,A2C,AM,R,A,2250,EUR,N,2025-08,3.71,A,F,,,P1M,,A,,,,,,,,,,4,,DE2,Cost of borrowing for households for house purchase ,"Germany, Annualised agreed rate (AAR) / Narrowly defined effective rate (NDER), Credit and other institutions (MFI except MMFs and central banks) reporting sector - Lending for house purchase excluding revolving loans and overdrafts, convenience and extended credit card debt, Total calculated by weighting the volumes with a moving average (defined for cost of borrowing purposes), New business coverage, Households and non-profit institutions serving households (S.14 and S.15) sector, denominated in Euro",PCPA,0
MIR.M.DE.B.A2C.AM.R.A.2250.EUR.N,M,DE,B,A2C,AM,R,A,2250,EUR,N,2025-09,3.75,A,F,,,P1M,,A,,,,,,,,,,4,,DE2,Cost of borrowing for households for house purchase ,"Germany, Annualised agreed rate (AAR) / Narrowly defined effective rate (NDER), Credit and other institutions (MFI except MMFs and central banks) reporting sector - Lending for house purchase excluding revolving loans and overdrafts, convenience and extended credit card debt, Total calculated by weighting the volumes with a moving average (defined for cost of borrowing purposes), New business coverage, Households and non-profit institutions serving households (S.14 and S.15) sector, denominated in Euro",PCPA,0
MIR.M.DE.B.A2C.AM.R.A.2250.EUR.N,M,DE,B,A2C,AM,R,A,2250,EUR,N,2025-10,3.71,A,F,,,P1M,,A,,,,,,,,,,4,,DE2,Cost of borrowing for households for house purchase ,"Germany, Annualised agreed rate (AAR) / Narrowly defined effective rate (NDER), Credit and other institutions (MFI except MMFs and central banks) reporting sector - Lending for house purchase excluding revolving loans and overdrafts, convenience and extended credit card debt, Total calculated by weighting the volumes with a moving average (defined for cost of borrowing purposes), New business coverage, Households and non-profit institutions serving households (S.14 and S.15) sector, denominated in Euro",PCPA,0
MIR.M.DE.B.A2C.AM.R.A.2250.EUR.N,M,DE,B,A2C,AM,R,A,2250,EUR,N,2025-11,3.7,A,F,,,P1M,,A,,,,,,,,,,4,,DE2,Cost of borrowing for households for house purchase ,"Germany, Annualised agreed rate (AAR) / Narrowly defined effective rate (NDER), Credit and other institutions (MFI except MMFs and central banks) reporting sector - Lending for house purchase excluding revolving loans and overdrafts, convenience and extended credit card debt, Total calculated by weighting the volumes with a moving average (defined for cost of borrowing purposes), New business coverage, Households and non-profit institutions serving households (S.14 and S.15) sector, denominated in Euro",PCPA,0
MIR.M.DE.B.A2C.AM.R.A.2250.EUR.N,M,DE,B,A2C,AM,R,A,2250,EUR,N,2025-12,3.71,A,F,,,P1M,,A,,,,,,,,,,4,,DE2,Cost of borrowing for households for house purchase ,"Germany, Annualised agreed rate (AAR) / Narrowly defined effective rate (NDER), Credit and other institutions (MFI except MMFs and central banks) reporting sector - Lending for house purchase excluding revolving loans and overdrafts, convenience and extended credit card debt, Total calculated by weighting the volumes with a moving average (defined for cost of borrowing purposes), New business coverage, Households and non-profit institutions serving households (S.14 and S.15) sector, denominated in Euro",PCPA,0
MIR.M.DE.B.A2C.AM.R.A.2250.EUR.N,M,DE,B,A2C,AM,R,A,2250,EUR,N,2026-01,3.76,A,F,,,P1M,,A,,,,,,,,,,4,,DE2,Cost of borrowing for households for house purchase ,"Germany, Annualised agreed rate (AAR) / Narrowly defined effective rate (NDER), Credit and other institutions (MFI except MMFs and central banks) reporting sector - Lending for house purchase excluding revolving loans and overdrafts, convenience and extended credit card debt, Total calculated by weighting the volumes with a moving average (defined for cost of borrowing purposes), New business coverage, Households and non-profit institutions serving households (S.14 and S.15) sector, denominated in Euro",PCPA,0
MIR.M.DE.B.A2C.AM.R.A.2250.EUR.N,M,DE,B,A2C,AM,R,A,2250,EUR,N,2026-02,3.77,A,F,,,P1M,,A,,,,,,,,,,4,,DE2,Cost of borrowing for households for house purchase ,"Germany, Annualised agreed rate (AAR) / Narrowly defined effective rate (NDER), Credit and other institutions (MFI except MMFs and central banks) reporting sector - Lending for house purchase excluding revolving loans and overdrafts, convenience and extended credit card debt, Total calculated by weighting the volumes with a moving average (defined for cost of borrowing purposes), New business coverage, Households and non-profit institutions serving households (S.14 and S.15) sector, denominated in Euro",PCPA,0
MIR.M.DE.B.A2C.AM.R.A.2250.EUR.N,M,DE,B,A2C,AM,R,A,2250,EUR,N,2026-03,3.72,A,F,,,P1M,,A,,,,,,,,,,4,,DE2,Cost of borrowing for households for house purchase ,"Germany, Annualised agreed rate (AAR) / Narrowly defined effective rate (NDER), Credit and other institutions (MFI except MMFs and central banks) reporting sector - Lending for house purchase excluding revolving loans and overdrafts, convenience and extended credit card debt, Total calculated by weighting the volumes with a moving average (defined for cost of borrowing purposes), New business coverage, Households and non-profit institutions serving households (S.14 and S.15) sector, denominated in Euro",PCPA,0
MIR.M.DE.B.A2C.AM.R.A.2250.EUR.N,M,DE,B,A2C,AM,R,A,2250,EUR,N,2026-04,3.84,A,F,,,P1M,,A,,,,,,,,,,4,,DE2,Cost of borrowing for households for house purchase ,"Germany, Annualised agreed rate (AAR) / Narrowly defined effective rate (NDER), Credit and other institutions (MFI except MMFs and central banks) reporting sector - Lending for house purchase excluding revolving loans and overdrafts, convenience and extended credit card debt, Total calculated by weighting the volumes with a moving average (defined for cost of borrowing purposes), New business coverage, Households and non-profit institutions serving households (S.14 and S.15) sector, denominated in Euro",PCPA,0
MIR.M.DE.B.A2C.AM.R.A.2250.EUR.N,M,DE,B,A2C,AM,R,A,2250,EUR,N,2026-05,3.93,A,F,,,P1M,,A,,,,,,,,,,4,,DE2,Cost of borrowing for households for house purchase ,"Germany, Annualised agreed rate (AAR) / Narrowly defined effective rate (NDER), Credit and other institutions (MFI except MMFs and central banks) reporting sector - Lending for house purchase excluding revolving loans and overdrafts, convenience and extended credit card debt, Total calculated by weighting the volumes with a moving average (defined for cost of borrowing purposes), New business coverage, Households and non-profit institutions serving households (S.14 and S.15) sector, denominated in Euro",PCPA,0
MIR.M.DE.B.A2C.AM.R.A.2250.EUR.N,M,DE,B,A2C,AM,R,A,2250,EUR,N,2026-06,3.95,A,F,,,P1M,,A,,,,,,,,,,4,,DE2,Cost of borrowing for households for house purchase ,"Germany, Annualised agreed rate (AAR) / Narrowly defined effective rate (NDER), Credit and other institutions (MFI except MMFs and central banks) reporting sector - Lending for house purchase excluding revolving loans and overdrafts, convenience and extended credit card debt, Total calculated by weighting the volumes with a moving average (defined for cost of borrowing purposes), New business coverage, Households and non-profit institutions serving households (S.14 and S.15) sector, denominated in Euro",PCPA,0
MIR.M.DE.B.A2C.AM.R.A.2250.EUR.N,M,DE,B,A2C,AM,R,A,2250,EUR,N,2026-07,3.93,A,F,,,P1M,,A,,,,,,,,,,4,,DE2,Cost of borrowing for households for house purchase ,"Germany, Annualised agreed rate (AAR) / Narrowly defined effective rate (NDER), Credit and other institutions (MFI except MMFs and central banks) reporting sector - Lending for house purchase excluding revolving loans and overdrafts, convenience and extended credit card debt, Total calculated by weighting the volumes with a moving average (defined for cost of borrowing purposes), New business coverage, Households and non-profit institutions serving households (S.14 and S.15) sector, denominated in Euro",PCPA,0
MIR.M.DE.B.A2C.AM.R.A.2250.EUR.N,M,DE,B,A2C,AM,R,A,2250,EUR,N,2026-08,4,A,F,,,P1M,,A,,,,,,,,,,4,,DE2,Cost of borrowing for households for house purchase ,"Germany, Annualised agreed rate (AAR) / Narrowly defined effective rate (NDER), Credit and other institutions (MFI except MMFs and central banks) reporting sector - Lending for house purchase excluding revolving loans and overdrafts, convenience and extended credit card debt, Total calculated by weighting the volumes with a moving average (defined for cost of borrowing purposes), New business coverage, Households and non-profit institutions serving households (S.14 and S.15) sector, denominated in Euro",PCPA,0
