sheet,column,row,period,value
A29,34,293,1974/75 31st March,52098.0
A29,34,294,1975/76 31st March,64739.0
A29,34,295,1976/77 31st March,73575.0
A29,34,296,1977/78 31st March,79541.0
A29,34,297,1978/79 31st March,88605.0
A29,34,298,1979/80 31st March,98192.0
A29,34,299,1980/81 31st March,113835.0
A29,34,300,1981/82 31st March,125199.0
A29,34,301,1982/83 31st March,132546.0
A29,34,302,1983/84 31st March,143604.0
A29,34,303,1984/85 31st March,157017.0
A29,34,304,1985/86 31st March,162464.0
A29,34,305,1986/87 31st March,167753.0
A29,34,306,1987/88 31st March,167381.0
A29,34,307,1988/89 31st March,153719.0
A29,34,308,1989/90 31st March,151926.0
A29,34,309,1990/91 31st March,151047.0
A29,34,310,1991/92 31st March,165750.0
A29,34,311,1992/93 31st March,201884.0
A29,34,312,1993/94 31st March,249104.0
A29,34,313,1994/95 31st March,289498.0
A29,34,314,1995/96 31st March,321375.0
A29,34,315,1996/97 31st March,346990.0
A29,34,316,1997/98 31st March,358611.0
A29,34,317,1998/99 31st March,357838.0
A29,34,318,1999/00 31st March,349326.0
A29,34,319,2000/01 31st March,316714.0
A29,34,320,2001/02 31st March,323072.0
A29,34,321,2002/03 31st March,356211.0
A29,34,322,2003/04 31st March,390999.0
A29,34,323,2004/05 31st March,446492.0
A29,34,324,2005/06 31st March,487219.0
A29,34,325,2006/07 31st March,523552.0
A29,34,326,2007/08 31st March,557200.0
A29,34,327,2008/09 31st March,767100.0
A29,34,328,2009/10 31st March,1010600.0
A29,34,329,2010/11 31st March,1156000.0
A29,34,330,2011/12 31st March,1251400.0
A29,34,331,2012/13 31st March,1362700.0
A29,34,332,2013/14 31st March,1465600.0
A29,34,333,2014/15 31st March,1554000.0
A29,34,334,2015/16 31st March,1606000.0
A29,34,335,2016/17 31st March,1729500.0
A29,35,293,1974/75 31st March,40844.0
A29,35,294,1975/76 31st March,50973.0
A29,35,295,1976/77 31st March,59982.0
A29,35,296,1977/78 31st March,69906.0
A29,35,297,1978/79 31st March,79008.0
A29,35,298,1979/80 31st March,87931.0
A29,35,299,1980/81 31st March,105089.0
A29,35,300,1981/82 31st March,111165.0
A29,35,301,1982/83 31st March,123344.0
A29,35,302,1983/84 31st March,136577.0
A29,35,303,1984/85 31st March,148091.0
A29,35,304,1985/86 31st March,163729.0
A29,35,305,1986/87 31st March,177770.0
A29,35,306,1987/88 31st March,189679.0
A29,35,307,1988/89 31st March,185391.0
A29,35,308,1989/90 31st March,178503.0
A29,35,309,1990/91 31st March,179549.0
A29,35,310,1991/92 31st March,195947.0
A29,35,311,1992/93 31st March,237877.0
A29,35,312,1993/94 31st March,286878.0
A29,35,313,1994/95 31st March,327923.0
A29,35,314,1995/96 31st March,365563.0
A29,35,315,1996/97 31st March,389901.0
A29,35,316,1997/98 31st March,393749.0
A29,35,317,1998/99 31st March,396151.0
A29,35,318,1999/00 31st March,390359.0
A29,35,319,2000/01 31st March,379238.0
A29,35,320,2001/02 31st March,377362.0
A29,35,321,2002/03 31st March,397283.0
A29,35,322,2003/04 31st March,438275.0
A29,35,323,2004/05 31st March,491039.0
A29,35,324,2005/06 31st March,538070.0
A29,35,325,2006/07 31st March,577342.0
A29,35,326,2007/08 31st March,618638.0
A29,35,327,2008/09 31st March,804209.0
A29,35,328,2009/10 31st March,1058005.0
A29,35,329,2010/11 31st March,1194428.0
A29,35,330,2011/12 31st March,1329598.0
A29,35,331,2012/13 31st March,1404319.0
A29,35,332,2013/14 31st March,1502068.0
A29,35,333,2014/15 31st March,1581986.0
A29,35,334,2015/16 31st March,1628685.0
A29,36,9,1690/91 End September,3.1
A29,36,10,1691/92 End September,3.3
A29,36,11,1692/93 End September,5.9
A29,36,12,1693/94 End September,10.188789494775843
A29,36,13,1694/95 End September,12.419582703832136
A29,36,14,1695/96 End September,15.644648881282137
A29,36,15,1696/97 End September,20.7900393024739
A29,36,16,1697/98 End September,21.16748412386619
A29,36,17,1698/99 End September,19.20981735714322
A29,36,18,1699/00 End September,17.82314722291607
A29,36,19,1700/01 End September,17.714396512053792
A29,36,20,1701/02 End September,17.77508976967653
A29,36,21,1702/03 End September,17.480432994955102
A29,36,22,1703/04 End September,18.91986720530384
A29,36,23,1704/05 End September,18.43672971745011
A29,36,24,1705/06 End September,22.24348503490817
A29,36,25,1706/07 End September,24.564745622206775
A29,36,26,1707/08 End September,27.053701742974667
A29,36,27,1708/09 End September,30.65257894948379
A29,36,28,1709/10 End September,31.580409741977284
A29,36,29,1710/11 End September,32.243544773648075
A29,36,30,1711/12 End September,44.74305175030621
A29,36,31,1712/13 End September,49.3465154711768
A29,36,32,1713/14 End September,49.27853796393223
A29,36,33,1714/15 End September,53.86581353831788
A29,36,34,1715/16 End September,54.207522902179576
A29,36,35,1716/17 End September,57.09739188026754
A29,36,36,1717/18 End September,56.467259606117366
A29,36,37,1718/19 End September,57.79240785300195
A29,36,38,1719/20 End September,59.552447607166464
A29,36,39,1720/21 End September,58.09445979678329
A29,36,40,1721/22 End September,57.53849840196592
A29,36,41,1722/23 End September,58.332532644238604
A29,36,42,1723/24 End September,58.41942813388417
A29,36,43,1724/25 End September,57.383765036149754
A29,36,44,1725/26 End September,57.45427110219156
A29,36,45,1726/27 End September,57.233733846300396
A29,36,46,1727/28 End September,56.83970418477202
A29,36,47,1728/29 End September,56.434031574800265
A29,36,48,1729/30 End September,55.58146953026272
A29,36,49,1730/31 End September,55.86530985907348
A29,36,50,1731/32 End September,54.44215998659036
A29,36,51,1732/33 End September,54.215768697610734
A29,36,52,1733/34 End September,53.27493811153701
A29,36,53,1734/35 End September,53.27048852934383
A29,36,54,1735/36 End September,54.0233723970403
A29,36,55,1736/37 End September,52.940856211533145
A29,36,56,1737/38 End September,51.70715141798044
A29,36,57,1738/39 End September,51.06930985261874
A29,36,58,1739/40 End September,51.42676046724555
A29,36,59,1740/41 End September,52.65263348779726
A29,36,60,1741/42 End September,55.20999479506624
A29,36,61,1742/43 End September,57.34329847844685
A29,36,62,1743/44 End September,60.711676949889224
A29,36,63,1744/45 End September,63.858043711286804
A29,36,64,1745/46 End September,69.38473822007418
A29,36,65,1746/47 End September,73.79650587171461
A29,36,66,1747/48 End September,80.63876383731447
A29,36,67,1748/49 End September,82.61196128820512
A29,36,68,1749/50 End September,82.67294843257392
A29,36,69,1750/51 End September,82.81465770828005
A29,36,70,1751/52 10th October,81.64858972490238
A29,36,71,1752/53 10th October,79.70414944058922
A29,36,72,1753/54 10th October,76.79123525446113
A29,36,73,1754/55 10th October,76.77345093876048
A29,36,74,1755/56 10th October,78.6181150244874
A29,36,75,1756/57 10th October,82.68053598015486
A29,36,76,1757/58 10th October,87.84966233117673
A29,36,77,1758/59 10th October,95.47478119724009
A29,36,78,1759/60 10th October,107.80646537271062
A29,36,79,1760/61 10th October,122.968206219385
A29,36,80,1761/62 10th October,136.60445666561463
A29,36,81,1762/63 10th October,143.96502443156496
A29,36,82,1763/64 10th October,144.95952635960703
A29,36,83,1764/65 10th October,144.66990340817756
A29,36,84,1765/66 10th October,144.27540430529228
A29,36,85,1766/67 10th October,144.62968376606878
A29,36,86,1767/68 10th October,143.56601749501814
A29,36,87,1768/69 10th October,140.93148100495904
A29,36,88,1769/70 10th October,140.6968571677623
A29,36,89,1770/71 10th October,139.24086929554443
A29,36,90,1771/72 10th October,138.87049482140566
A29,36,91,1772/73 10th October,138.89456949118545
A29,36,92,1773/74 10th October,138.0195088305745
A29,36,93,1774/75 10th October,137.66914109447984
A29,36,94,1775/76 10th October,141.43944493087972
A29,36,95,1776/77 10th October,146.9788930839124
A29,36,96,1777/78 10th October,156.33241236748543
A29,36,97,1778/79 10th October,169.87284664400022
A29,36,98,1779/80 10th October,187.298978835039
A29,36,99,1780/81 10th October,207.63502486208506
A29,36,100,1781/82 10th October,235.01883027690695
A29,36,101,1782/83 10th October,255.38794768691082
A29,36,102,1783/84 10th October,263.9020704391046
A29,36,103,1784/85 10th October,267.0063724209032
A29,36,104,1785/86 10th October,265.4509061992123
A29,36,105,1786/87 1st Feb,270.51249108089297
A29,36,106,1787/88 1st Feb,269.5501444509137
A29,36,107,1788/89 1st Feb,269.04152715461305
A29,36,108,1789/90 1st Feb,269.16529113771685
A29,36,109,1790/91 1st Feb,269.52756177110734
A29,36,110,1791/92 1st Feb,268.85550668518476
A29,36,111,1792/93 1st Feb,267.2599204015465
A29,36,112,1793/94 1st Feb,273.6034629860599
A29,36,113,1794/95 1st Feb,293.1723537707722
A29,36,114,1795/96 1st Feb,335.44796515012376
A29,36,115,1796/97 1st Feb,384.0430139886288
A29,36,116,1797/98 1st Feb,419.2046679129312
A29,36,117,1798/99 1st Feb,460.3087294991428
A29,36,118,1799/00 1st Feb,471.47718812570287
A29,36,119,1800/01 1st Feb,498.1633719334998
A29,36,120,1801/02 1st Feb,547.2417988897065
A29,36,121,1802/03 1st Feb,563.1011407318698
A29,36,122,1803/04 1st Feb,573.1024854863172
A29,36,123,1804/05 1st Feb,596.3432118281111
A29,36,124,1805/06 1st Feb,625.6182562434859
A29,36,125,1806/07 1st Feb,646.5347722447164
A29,36,126,1807/08 1st Feb,659.1008494573126
A29,36,127,1808/09 1st Feb,669.9009934806668
A29,36,128,1809/10 1st Feb,682.4306116754071
A29,36,129,1810/11 1st Feb,688.7642280145269
A29,36,130,1811/12 1st Feb,704.3523287852302
A29,36,131,1812/13 1st Feb,736.6162690406057
A29,36,132,1813/14 1st Feb,822.3206999592948
A29,36,133,1814/15 1st Feb,844.5183896622127
A29,36,134,1815/16 1st Feb,892.8680968574245
A29,36,135,1816/17 1st Feb,884.3116152755883
A29,36,136,1817/18 5th January,879.0076417157946
A29,36,137,1818/19 5th January,877.9834443514592
A29,36,138,1819/20 5th January,873.1298721260836
A29,36,139,1820/21 5th January,873.254086755622
A29,36,140,1821/22 5th January,867.8376194855242
A29,36,141,1822/23 5th January,879.1832471560485
A29,36,142,1823/24 5th January,882.5711021146919
A29,36,143,1824/25 5th January,872.8451091458103
A29,36,144,1825/26 5th January,859.9031656584893
A29,36,145,1826/27 5th January,860.1874573142638
A29,36,146,1827/28 5th January,856.8881026395019
A29,36,147,1828/29 5th January,851.6859849934572
A29,36,148,1829/30 5th January,849.8537022022817
A29,36,149,1830/31 5th January,840.418684060767
A29,36,150,1831/32 5th January,838.1002310500286
A29,36,151,1832/33 5th January,838.1444540412122
A29,36,152,1833/34 5th January,838.2472883665841
A29,36,153,1834/35 5th January,834.2086084752564
A29,36,154,1835/36 5th January,846.1
A29,36,155,1836/37 5th January,845.5
A29,36,156,1837/38 5th January,841.9
A29,36,157,1838/39 5th January,840.4
A29,36,158,1839/40 5th January,839.0
A29,36,159,1840/41 5th January,838.8
A29,36,160,1841/42 5th January,840.8
A29,36,161,1842/43 5th January,838.7
A29,36,162,1843/44 5th January,838.3
A29,36,163,1844/45 5th January,833.8
A29,36,164,1845/46 5th January,829.8
A29,36,165,1846/47 5th January,826.1
A29,36,166,1847/48 5th January,831.6
A29,36,167,1848/49 5th January,831.4
A29,36,168,1849/50 5th January,828.9
A29,36,169,1850/51 5th January,823.7
A29,36,170,1851/52 5th January,818.0
A29,36,171,1852/53 5th January,813.5
A29,36,172,1853/54 5th January,803.6
A29,36,173,1854/55 31st March,806.7
A29,36,174,1855/56 31st March,833.7
A29,36,175,1856/57 31st March,836.8
A29,36,176,1857/58 31st March,831.2
A29,36,177,1858/59 31st March,828.7
A29,36,178,1859/60 31st March,822.8
A29,36,179,1860/61 31st March,822.0
A29,36,180,1861/62 31st March,821.3
A29,36,181,1862/63 31st March,821.5
A29,36,182,1863/64 31st March,817.2
A29,36,183,1864/65 31st March,812.7
A29,36,184,1865/66 31st March,803.4
A29,36,185,1866/67 31st March,800.9
A29,36,186,1867/68 31st March,797.8
A29,36,187,1868/69 31st March,797.8
A29,36,188,1869/70 31st March,793.1
A29,36,189,1870/71 31st March,787.3
A29,36,190,1871/72 31st March,784.2
A29,36,191,1872/73 31st March,777.5
A29,36,192,1873/74 31st March,771.2
A29,36,193,1874/75 31st March,767.3
A29,36,194,1875/76 31st March,769.4
A29,36,195,1876/77 31st March,768.7
A29,36,196,1877/78 31st March,770.9
A29,36,197,1878/79 31st March,771.8
A29,36,198,1879/80 31st March,770.6
A29,36,199,1880/81 31st March,765.2
A29,36,200,1881/82 31st March,759.9
A29,36,201,1882/83 31st March,753.9
A29,36,202,1883/84 31st March,745.6
A29,36,203,1884/85 31st March,739.9
A29,36,204,1885/86 31st March,742.0
A29,36,205,1886/87 31st March,736.2
A29,36,206,1887/88 31st March,704.6
A29,36,207,1888/89 31st March,697.6
A29,36,208,1889/90 31st March,689.1
A29,36,209,1890/91 31st March,683.5
A29,36,210,1891/92 31st March,677.1
A29,36,211,1892/93 31st March,671.1
A29,36,212,1893/94 31st March,667.3
A29,36,213,1894/95 31st March,659.0
A29,36,214,1895/96 31st March,652.3
A29,36,215,1896/97 31st March,645.2
A29,36,216,1897/98 31st March,638.8
A29,36,217,1898/99 31st March,635.4
A29,36,218,1899/00 31st March,638.9
A29,36,219,1900/01 31st March,705.7
A29,36,220,1901/02 31st March,768.4
A29,36,221,1902/03 31st March,798.3
A29,36,222,1903/04 31st March,794.5
A29,36,223,1904/05 31st March,796.7
A29,36,224,1905/06 31st March,789.0
A29,36,225,1906/07 31st March,779.2
A29,36,226,1907/08 31st March,762.3
A29,36,227,1908/09 31st March,754.1
A29,36,228,1909/10 31st March,762.5
A29,36,229,1910/11 31st March,733.1
A29,36,230,1911/12 31st March,718.4
A29,36,231,1912/13 31st March,711.3
A29,36,232,1913/14 31st March,706.2
A29,36,233,1914/15 31st March,1162.0
A29,36,234,1915/16 31st March,2189.8
A29,36,235,1916/17 31st March,4063.6
A29,36,236,1917/18 31st March,5921.1
A29,36,237,1918/19 31st March,7481.1
A29,36,238,1919/20 31st March,7875.6
A29,36,239,1920/21 31st March,7623.1
A29,36,240,1921/22 31st March,7720.5
A29,36,241,1922/23 31st March,7812.6
A29,36,242,1923/24 31st March,7707.5
A29,36,243,1924/25 31st March,7665.9
A29,36,244,1925/26 31st March,7633.7
A29,36,245,1926/27 31st March,7652.7
A29,36,246,1927/28 31st March,7631.0
A29,36,247,1928/29 31st March,7620.9
A29,36,248,1929/30 31st March,7596.2
A29,36,249,1930/31 31st March,7582.9
A29,36,250,1931/32 31st March,7648.0
A29,36,251,1932/33 31st March,7859.7
A29,36,252,1933/34 31st March,8030.4
A29,36,253,1934/35 31st March,7902.4
A29,36,254,1935/36 31st March,7901.6
A29,36,255,1936/37 31st March,7909.9
A29,36,256,1937/38 31st March,8149.0
A29,36,257,1938/39 31st March,8301.1
A29,36,258,1939/40 31st March,9083.2
A29,36,259,1940/41 31st March,11552.7
A29,36,260,1941/42 31st March,14226.3
A29,36,261,1942/43 31st March,17006.1
A29,36,262,1943/44 31st March,19742.9
A29,36,263,1944/45 31st March,22541.3
A29,36,264,1945/46 31st March,23773.9
A29,36,265,1946/47 31st March,25770.6
A29,36,266,1947/48 31st March,25772.7
A29,36,267,1948/49 31st March,25331.8
A29,36,268,1949/50 31st March,25899.8
A29,36,269,1950/51 31st March,25921.6
A29,36,270,1951/52 31st March,25891.0
A29,36,271,1952/53 31st March,26051.0
A29,36,272,1953/54 31st March,26583.0
A29,36,273,1954/55 31st March,26934.0
A29,36,274,1955/56 31st March,27039.0
A29,36,275,1956/57 31st March,27008.0
A29,36,276,1957/58 31st March,27232.0
A29,36,277,1958/59 31st March,27376.0
A29,36,278,1959/60 31st March,27733.0
A29,36,279,1960/61 31st March,28252.0
A29,36,280,1961/62 31st March,28674.0
A29,36,281,1962/63 31st March,29848.0
A29,36,282,1963/64 31st March,30226.0
A29,36,283,1964/65 31st March,30441.0
A29,36,284,1965/66 31st March,31341.0
A29,36,285,1966/67 31st March,31986.0
A29,36,286,1967/68 31st March,34194.0
A29,36,287,1968/69 31st March,33984.0
A29,36,288,1969/70 31st March,33079.0
A29,36,289,1970/71 31st March,33442.0
A29,36,290,1971/72 31st March,35840.0
A29,36,291,1972/73 31st March,36885.0
A29,36,292,1973/74 31st March,40125.0
A29,36,293,1974/75 31st March,52098.0
A29,36,294,1975/76 31st March,64739.0
A29,36,295,1976/77 31st March,73575.0
A29,36,296,1977/78 31st March,79541.0
A29,36,297,1978/79 31st March,88605.0
A29,36,298,1979/80 31st March,98192.0
A29,36,299,1980/81 31st March,113835.0
A29,36,300,1981/82 31st March,125199.0
A29,36,301,1982/83 31st March,132546.0
A29,36,302,1983/84 31st March,143604.0
A29,36,303,1984/85 31st March,157017.0
A29,36,304,1985/86 31st March,162464.0
A29,36,305,1986/87 31st March,167753.0
A29,36,306,1987/88 31st March,167381.0
A29,36,307,1988/89 31st March,153719.0
A29,36,308,1989/90 31st March,151926.0
A29,36,309,1990/91 31st March,151047.0
A29,36,310,1991/92 31st March,165750.0
A29,36,311,1992/93 31st March,201884.0
A29,36,312,1993/94 31st March,249104.0
A29,36,313,1994/95 31st March,289498.0
A29,36,314,1995/96 31st March,321375.0
A29,36,315,1996/97 31st March,346990.0
A29,36,316,1997/98 31st March,358611.0
A29,36,317,1998/99 31st March,357838.0
A29,36,318,1999/00 31st March,349326.0
A29,36,319,2000/01 31st March,316714.0
A29,36,320,2001/02 31st March,323072.0
A29,36,321,2002/03 31st March,356211.0
A29,36,322,2003/04 31st March,390999.0
A29,36,323,2004/05 31st March,446492.0
A29,36,324,2005/06 31st March,487219.0
A29,36,325,2006/07 31st March,523552.0
A29,36,326,2007/08 31st March,557200.0
A29,36,327,2008/09 31st March,767100.0
A29,36,328,2009/10 31st March,1010600.0
A29,36,329,2010/11 31st March,1156000.0
A29,36,330,2011/12 31st March,1251400.0
A29,36,331,2012/13 31st March,1362700.0
A29,36,332,2013/14 31st March,1465600.0
A29,36,333,2014/15 31st March,1554000.0
A29,36,334,2015/16 31st March,1606000.0
A29,36,335,2016/17 31st March,1729500.0
A29,41,9,1690/91 End September,3.15
A29,41,10,1691/92 End September,3.95
A29,41,11,1692/93 End September,5.800000000000001
A29,41,12,1693/94 End September,10.746487797039917
A29,41,13,1694/95 End September,13.225849248194635
A29,41,14,1695/96 End September,16.930996486580078
A29,41,15,1696/97 End September,20.884400507821972
A29,41,16,1697/98 End September,20.678067432185447
A29,41,17,1698/99 End September,18.863149823586433
A29,41,18,1699/00 End September,17.7959595452005
A29,41,19,1700/01 End September,17.729569826459475
A29,41,20,1701/02 End September,17.701425575996172
A29,41,21,1702/03 End September,17.840291547542286
A29,41,22,1703/04 End September,18.799082833340407
A29,41,23,1704/05 End September,19.388418546814627
A29,41,24,1705/06 End September,22.82380018173282
A29,41,25,1706/07 End September,25.18698465239875
A29,41,26,1707/08 End September,27.953421044601946
A29,41,27,1708/09 End September,30.884536647607156
A29,41,28,1709/10 End September,31.74619349989498
A29,41,29,1710/11 End September,35.36842151781261
A29,41,30,1711/12 End September,45.89391768052385
A29,41,31,1712/13 End September,49.32952109436566
A29,41,32,1713/14 End September,50.42535685752864
A29,41,33,1714/15 End September,53.9397026292833
A29,41,34,1715/16 End September,54.92999014670157
A29,41,35,1716/17 End September,56.93985881173
A29,41,36,1717/18 End September,56.79854666783851
A29,41,37,1718/19 End September,58.23241779154308
A29,41,38,1719/20 End September,59.18795065457067
A29,41,39,1720/21 End September,57.955469448078944
A29,41,40,1721/22 End September,57.73700696253409
A29,41,41,1722/23 End September,58.35425651665
A29,41,42,1723/24 End September,58.160512359450564
A29,41,43,1724/25 End September,57.40139155266021
A29,41,44,1725/26 End September,57.399136788218776
A29,41,45,1726/27 End September,57.135226430918294
A29,41,46,1727/28 End September,56.738286032279085
A29,41,47,1728/29 End September,56.29031456366588
A29,41,48,1729/30 End September,55.652429612465404
A29,41,49,1730/31 End September,55.55552239095269
A29,41,50,1731/32 End September,54.38556216434545
A29,41,51,1732/33 End September,53.9725610510923
A29,41,52,1733/34 End September,53.27032571598871
A29,41,53,1734/35 End September,53.454709496267945
A29,41,54,1735/36 End September,53.750243350663496
A29,41,55,1736/37 End September,52.627930013144976
A29,41,56,1737/38 End September,51.542691026640014
A29,41,57,1738/39 End September,51.15667250627544
A29,41,58,1739/40 End September,51.76522872238347
A29,41,59,1740/41 End September,53.3014738146145
A29,41,60,1741/42 End September,55.74982071591138
A29,41,61,1742/43 End September,58.18339309630744
A29,41,62,1743/44 End September,61.49826864023862
A29,41,63,1744/45 End September,65.23921733848364
A29,41,64,1745/46 End September,70.5061801329843
A29,41,65,1746/47 End September,75.51407036311457
A29,41,66,1747/48 End September,81.13356320003712
A29,41,67,1748/49 End September,82.62220807429732
A29,41,68,1749/50 End September,82.64687575150046
A29,41,69,1750/51 End September,82.51864071243563
A29,41,70,1751/52 10th October,81.10897965382408
A29,41,71,1752/53 10th October,78.9609208940572
A29,41,72,1753/54 10th October,76.75378917553597
A29,41,73,1754/55 10th October,77.2326169601922
A29,41,74,1755/56 10th October,79.63072026340427
A29,41,75,1756/57 10th October,83.97131756791033
A29,41,76,1757/58 10th October,89.75594204769257
A29,41,77,1758/59 10th October,98.69620224110771
A29,41,78,1759/60 10th October,111.61990058437922
A29,41,79,1760/61 10th October,126.46726883094239
A29,41,80,1761/62 10th October,138.49059860710224
A29,41,81,1762/63 10th October,144.19764991357545
A29,41,82,1763/64 10th October,144.87762062174966
A29,41,83,1764/65 10th October,144.61077863245623
A29,41,84,1765/66 10th October,144.35897417048645
A29,41,85,1766/67 10th October,144.3502671983061
A29,41,86,1767/68 10th October,142.91438337250332
A29,41,87,1768/69 10th October,140.89182504565986
A29,41,88,1769/70 10th October,140.37886019970784
A29,41,89,1770/71 10th October,139.19427567700973
A29,41,90,1771/72 10th October,138.86301348885064
A29,41,91,1772/73 10th October,138.6758043260327
A29,41,92,1773/74 10th October,137.92691689655084
A29,41,93,1774/75 10th October,138.60971705357983
A29,41,94,1775/76 10th October,142.8243069691379
A29,41,95,1776/77 10th October,149.39377290480567
A29,41,96,1777/78 10th October,159.7175209366141
A29,41,97,1778/79 10th October,174.2293796917599
A29,41,98,1779/80 10th October,192.5799903418005
A29,41,99,1780/81 10th October,214.39947621579051
A29,41,100,1781/82 10th October,240.2311096294079
A29,41,101,1782/83 10th October,257.51647837495926
A29,41,102,1783/84 10th October,264.6611459345542
A29,41,103,1784/85 10th October,266.66100586548043
A29,41,104,1785/86 10th October,266.8426149196324
A29,41,105,1786/87 1st Feb,269.27957109006485
A29,41,106,1787/88 1st Feb,268.42299012683856
A29,41,107,1788/89 1st Feb,268.00580148372234
A29,41,108,1789/90 1st Feb,268.1891921293978
A29,41,109,1790/91 1st Feb,268.35954799962667
A29,41,110,1791/92 1st Feb,267.1834434476085
A29,41,111,1792/93 1st Feb,271.7216393810082
A29,41,112,1793/94 1st Feb,287.60051901557136
A29,41,113,1794/95 1st Feb,339.4865899489434
A29,41,114,1795/96 1st Feb,380.51206069308336
A29,41,115,1796/97 1st Feb,410.0077608030377
A29,41,116,1797/98 1st Feb,450.4936833094841
A29,41,117,1798/99 1st Feb,468.6463547923695
A29,41,118,1799/00 1st Feb,496.6031219334998
A29,41,119,1800/01 1st Feb,543.4132988897065
A29,41,120,1801/02 1st Feb,561.3133907318697
A29,41,121,1802/03 1st Feb,572.8104854863172
A29,41,122,1803/04 1st Feb,595.6062951614443
A29,41,123,1804/05 1st Feb,623.6136729101526
A29,41,124,1805/06 1st Feb,645.2188555780497
A29,41,125,1806/07 1st Feb,658.8057661239793
A29,41,126,1807/08 1st Feb,669.9910768140002
A29,41,127,1808/09 1st Feb,681.8490283420738
A29,41,128,1809/10 1st Feb,688.4651446811936
A29,41,129,1810/11 1st Feb,703.4839121185635
A29,41,130,1811/12 1st Feb,734.6910190406057
A29,41,131,1812/13 1st Feb,816.6083666259615
A29,41,132,1813/14 1st Feb,844.1415563288793
A29,41,133,1814/15 1st Feb,888.7170135240912
A29,41,134,1815/16 1st Feb,885.6829486089218
A29,41,135,1816/17 1st Feb,879.0076417157946
A29,41,136,1817/18 5th January,877.9834443514592
A29,41,137,1818/19 5th January,873.1298721260836
A29,41,138,1819/20 5th January,873.254086755622
A29,41,139,1820/21 5th January,867.8376194855242
A29,41,140,1821/22 5th January,879.1832471560485
A29,41,141,1822/23 5th January,882.5711021146919
A29,41,142,1823/24 5th January,872.8451091458103
A29,41,143,1824/25 5th January,859.9031656584893
A29,41,144,1825/26 5th January,860.1874573142638
A29,41,145,1826/27 5th January,856.8881026395019
A29,41,146,1827/28 5th January,851.6859849934572
A29,41,147,1828/29 5th January,849.8537022022817
A29,41,148,1829/30 5th January,840.418684060767
A29,41,149,1830/31 5th January,838.1002310500286
A29,41,150,1831/32 5th January,838.1444540412122
A29,41,151,1832/33 5th January,838.2472883665841
A29,41,152,1833/34 5th January,834.2086084752564
A29,41,153,1834/35 5th January,846.1
A29,41,154,1835/36 5th January,845.5
A29,41,155,1836/37 5th January,841.9
A29,41,156,1837/38 5th January,840.4
A29,41,157,1838/39 5th January,839.0
A29,41,158,1839/40 5th January,838.8
A29,41,159,1840/41 5th January,840.8
A29,41,160,1841/42 5th January,838.7
A29,41,161,1842/43 5th January,838.3
A29,41,162,1843/44 5th January,833.8
A29,41,163,1844/45 5th January,829.8
A29,41,164,1845/46 5th January,826.1
A29,41,165,1846/47 5th January,831.6
A29,41,166,1847/48 5th January,831.4
A29,41,167,1848/49 5th January,828.9
A29,41,168,1849/50 5th January,823.7
A29,41,169,1850/51 5th January,818.0
A29,41,170,1851/52 5th January,813.5
A29,41,171,1852/53 5th January,803.6
A29,41,172,1853/54 5th January,806.0799999999999
A29,41,173,1854/55 31st March,826.95
A29,41,174,1855/56 31st March,836.025
A29,41,175,1856/57 31st March,832.5999999999999
A29,41,176,1857/58 31st March,829.3250000000002
A29,41,177,1858/59 31st March,824.2750000000001
A29,41,178,1859/60 31st March,822.1999999999999
A29,41,179,1860/61 31st March,821.4749999999999
A29,41,180,1861/62 31st March,821.45
A29,41,181,1862/63 31st March,818.2750000000001
A29,41,182,1863/64 31st March,813.8249999999999
A29,41,183,1864/65 31st March,805.725
A29,41,184,1865/66 31st March,801.5249999999999
A29,41,185,1866/67 31st March,798.5749999999999
A29,41,186,1867/68 31st March,797.8
A29,41,187,1868/69 31st March,794.275
A29,41,188,1869/70 31st March,788.75
A29,41,189,1870/71 31st March,784.975
A29,41,190,1871/72 31st March,779.175
A29,41,191,1872/73 31st March,772.7750000000001
A29,41,192,1873/74 31st March,768.275
A29,41,193,1874/75 31st March,768.875
A29,41,194,1875/76 31st March,768.875
A29,41,195,1876/77 31st March,770.35
A29,41,196,1877/78 31st March,771.5749999999999
A29,41,197,1878/79 31st March,770.9
A29,41,198,1879/80 31st March,766.5500000000001
A29,41,199,1880/81 31st March,761.225
A29,41,200,1881/82 31st March,755.4
A29,41,201,1882/83 31st March,747.675
A29,41,202,1883/84 31st March,741.325
A29,41,203,1884/85 31st March,741.475
A29,41,204,1885/86 31st March,737.6500000000001
A29,41,205,1886/87 31st March,712.5
A29,41,206,1887/88 31st March,699.35
A29,41,207,1888/89 31st March,691.225
A29,41,208,1889/90 31st March,684.9
A29,41,209,1890/91 31st March,678.7
A29,41,210,1891/92 31st March,672.6
A29,41,211,1892/93 31st March,668.25
A29,41,212,1893/94 31st March,661.075
A29,41,213,1894/95 31st March,653.9749999999999
A29,41,214,1895/96 31st March,646.975
A29,41,215,1896/97 31st March,640.4
A29,41,216,1897/98 31st March,636.25
A29,41,217,1898/99 31st March,638.025
A29,41,218,1899/00 31st March,689.0
A29,41,219,1900/01 31st March,752.725
A29,41,220,1901/02 31st March,790.8249999999999
A29,41,221,1902/03 31st March,795.45
A29,41,222,1903/04 31st March,796.1500000000001
A29,41,223,1904/05 31st March,790.925
A29,41,224,1905/06 31st March,781.6500000000001
A29,41,225,1906/07 31st March,766.525
A29,41,226,1907/08 31st March,756.15
A29,41,227,1908/09 31st March,760.4
A29,41,228,1909/10 31st March,740.45
A29,41,229,1910/11 31st March,722.075
A29,41,230,1911/12 31st March,713.0749999999999
A29,41,231,1912/13 31st March,707.475
A29,41,232,1913/14 31st March,1048.05
A29,41,233,1914/15 31st March,1932.8500000000001
A29,41,234,1915/16 31st March,3595.15
A29,41,235,1916/17 31st March,5456.725
A29,41,236,1917/18 31st March,7091.1
A29,41,237,1918/19 31st March,7776.975
A29,41,238,1919/20 31st March,7686.225
A29,41,239,1920/21 31st March,7696.15
A29,41,240,1921/22 31st March,7789.575000000001
A29,41,241,1922/23 31st March,7733.775
A29,41,242,1923/24 31st March,7676.299999999999
A29,41,243,1924/25 31st March,7641.75
A29,41,244,1925/26 31st March,7647.95
A29,41,245,1926/27 31st March,7636.425
A29,41,246,1927/28 31st March,7623.424999999999
A29,41,247,1928/29 31st March,7602.375
A29,41,248,1929/30 31st March,7586.224999999999
A29,41,249,1930/31 31st March,7631.725
A29,41,250,1931/32 31st March,7806.775
A29,41,251,1932/33 31st March,7987.724999999999
A29,41,252,1933/34 31st March,7934.4
A29,41,253,1934/35 31st March,7901.8
A29,41,254,1935/36 31st March,7907.825
A29,41,255,1936/37 31st March,8089.225
A29,41,256,1937/38 31st March,8263.075
A29,41,257,1938/39 31st March,8887.675000000001
A29,41,258,1939/40 31st March,10935.325
A29,41,259,1940/41 31st March,13557.9
A29,41,260,1941/42 31st March,16311.149999999998
A29,41,261,1942/43 31st March,19058.7
A29,41,262,1943/44 31st March,21841.7
A29,41,263,1944/45 31st March,23465.75
A29,41,264,1945/46 31st March,25271.425
A29,41,265,1946/47 31st March,25772.175
A29,41,266,1947/48 31st March,25442.025
A29,41,267,1948/49 31st March,25757.8
A29,41,268,1949/50 31st March,25916.149999999998
A29,41,269,1950/51 31st March,25898.65
A29,41,270,1951/52 31st March,26011.0
A29,41,271,1952/53 31st March,26450.0
A29,41,272,1953/54 31st March,26846.25
A29,41,273,1954/55 31st March,27012.75
A29,41,274,1955/56 31st March,27015.75
A29,41,275,1956/57 31st March,27176.0
A29,41,276,1957/58 31st March,27340.0
A29,41,277,1958/59 31st March,27643.75
A29,41,278,1959/60 31st March,28122.25
A29,41,279,1960/61 31st March,28568.5
A29,41,280,1961/62 31st March,29554.5
A29,41,281,1962/63 31st March,30131.5
A29,41,282,1963/64 31st March,30387.25
A29,41,283,1964/65 31st March,31116.0
A29,41,284,1965/66 31st March,31824.75
A29,41,285,1966/67 31st March,33642.0
A29,41,286,1967/68 31st March,34036.5
A29,41,287,1968/69 31st March,33305.25
A29,41,288,1969/70 31st March,33351.25
A29,41,289,1970/71 31st March,35240.5
A29,41,290,1971/72 31st March,36623.75
A29,41,291,1972/73 31st March,39315.0
A29,41,292,1973/74 31st March,49104.75
A29,41,293,1974/75 31st March,61578.75
A29,41,294,1975/76 31st March,71366.0
A29,41,295,1976/77 31st March,78049.5
A29,41,296,1977/78 31st March,86339.0
A29,41,297,1978/79 31st March,95795.25
A29,41,298,1979/80 31st March,109924.25
A29,41,299,1980/81 31st March,122358.0
A29,41,300,1981/82 31st March,130709.25
A29,41,301,1982/83 31st March,140839.5
A29,41,302,1983/84 31st March,153663.75
A29,41,303,1984/85 31st March,161102.25
A29,41,304,1985/86 31st March,166430.75
A29,41,305,1986/87 31st March,167474.0
A29,41,306,1987/88 31st March,157134.5
A29,41,307,1988/89 31st March,152374.25
A29,41,308,1989/90 31st March,151266.75
A29,41,309,1990/91 31st March,162074.25
A29,41,310,1991/92 31st March,192850.5
A29,41,311,1992/93 31st March,234900.0
A29,41,312,1993/94 31st March,278400.0
A29,41,313,1994/95 31st March,313600.0
A29,41,314,1995/96 31st March,341900.0
A29,41,315,1996/97 31st March,364000.0
A29,41,316,1997/98 31st March,361200.0
A29,41,317,1998/99 31st March,364400.0
A29,41,318,1999/00 31st March,328200.0
A29,41,319,2000/01 31st March,328800.0
A29,41,320,2001/02 31st March,358800.0
A29,41,321,2002/03 31st March,390200.0
A29,41,322,2003/04 31st March,448700.0
A29,41,323,2004/05 31st March,492200.0
A29,41,324,2005/06 31st March,527300.0
A29,41,325,2006/07 31st March,562500.0
A29,41,326,2007/08 31st March,733300.0
A29,41,327,2008/09 31st March,938900.0
A29,41,328,2009/10 31st March,1136900.0
A29,41,329,2010/11 31st March,1240700.0
A29,41,330,2011/12 31st March,1349700.0
A29,41,331,2012/13 31st March,1454000.0
A29,41,332,2013/14 31st March,1556000.0
A29,41,333,2014/15 31st March,1610500.0
A29,41,334,2015/16 31st March,1701800.0
A29,42,18,1699/00 End September,19.716160699921303
A29,42,19,1700/01 End September,18.98549167556554
A29,42,20,1701/02 End September,19.502009555610858
A29,42,21,1702/03 End September,21.153747764659663
A29,42,22,1703/04 End September,18.53636863588469
A29,42,23,1704/05 End September,20.47419977384325
A29,42,24,1705/06 End September,29.056622323635892
A29,42,25,1706/07 End September,29.02606776837532
A29,42,26,1707/08 End September,29.336523223168683
A29,42,27,1708/09 End September,34.12089127627121
A29,42,28,1709/10 End September,37.20930130674791
A29,42,29,1710/11 End September,40.878038995446445
A29,42,30,1711/12 End September,54.19415697378668
A29,42,31,1712/13 End September,59.16303290933355
A29,42,32,1713/14 End September,54.53345507345594
A29,42,33,1714/15 End September,62.335220389264066
A29,42,34,1715/16 End September,61.02733848572378
A29,42,35,1716/17 End September,59.271951109744826
A29,42,36,1717/18 End September,56.32323148823401
A29,42,37,1718/19 End September,59.785597203742036
A29,42,38,1719/20 End September,55.379415044771655
A29,42,39,1720/21 End September,58.60773021139363
A29,42,40,1721/22 End September,58.91759242163322
A29,42,41,1722/23 End September,59.5952537619538
A29,42,42,1723/24 End September,59.924670403322104
A29,42,43,1724/25 End September,56.62575456241204
A29,42,44,1725/26 End September,57.148093220403425
A29,42,45,1726/27 End September,58.06215765694239
A29,42,46,1727/28 End September,53.117253195521336
A29,42,47,1728/29 End September,56.72474763780609
A29,42,48,1729/30 End September,58.40576962033882
A29,42,49,1730/31 End September,59.72701775591349
A29,42,50,1731/32 End September,56.884132670066016
A29,42,51,1732/33 End September,54.9388852027377
A29,42,52,1733/34 End September,54.35536583175259
A29,42,53,1734/35 End September,54.92182959028666
A29,42,54,1735/36 End September,52.022365538799775
A29,42,55,1736/37 End September,54.5292850895305
A29,42,56,1737/38 End September,53.29033976234686
A29,42,57,1738/39 End September,53.004083618764966
A29,42,58,1739/40 End September,50.72011281994487
A29,42,59,1740/41 End September,50.29070572777969
A29,42,60,1741/42 End September,52.675863886746384
A29,42,61,1742/43 End September,56.96569205456223
A29,42,62,1743/44 End September,61.567527541353535
A29,42,63,1744/45 End September,66.01805901963161
A29,42,64,1745/46 End September,67.48116882347733
A29,42,65,1746/47 End September,70.27336656728885
A29,42,66,1747/48 End September,74.88776247232177
A29,42,67,1748/49 End September,75.93935879798153
A29,42,68,1749/50 End September,74.960435869728
A29,42,69,1750/51 End September,75.8083818882263
A29,42,70,1751/52 10th October,69.17529626414427
A29,42,71,1752/53 10th October,67.69530901238325
A29,42,72,1753/54 10th October,68.0176232882948
A29,42,73,1754/55 10th October,67.57426124081832
A29,42,74,1755/56 10th October,67.63893162625425
A29,42,75,1756/57 10th October,63.41111071451995
A29,42,76,1757/58 10th October,67.28292513989575
A29,42,77,1758/59 10th October,77.7196942020328
A29,42,78,1759/60 10th October,84.99087127566838
A29,42,79,1760/61 10th October,94.5459714749808
A29,42,80,1761/62 10th October,104.18510777538106
A29,42,81,1762/63 10th October,103.26243953718807
A29,42,82,1763/64 10th October,102.6758094988833
A29,42,83,1764/65 10th October,102.12131504147914
A29,42,84,1765/66 10th October,99.4525288548343
A29,42,85,1766/67 10th October,95.73770681076137
A29,42,86,1767/68 10th October,96.86279578962353
A29,42,87,1768/69 10th October,93.91106312452791
A29,42,88,1769/70 10th October,95.26024895997011
A29,42,89,1770/71 10th October,88.80306202872656
A29,42,90,1771/72 10th October,87.96502447385194
A29,42,91,1772/73 10th October,86.17253546662752
A29,42,92,1773/74 10th October,85.9639598409547
A29,42,93,1774/75 10th October,83.22255788537991
A29,42,94,1775/76 10th October,84.58401789863916
A29,42,95,1776/77 10th October,83.85802977750777
A29,42,96,1777/78 10th October,90.00113645216005
A29,42,97,1778/79 10th October,101.2062472514617
A29,42,98,1779/80 10th October,107.48064615681614
A29,42,99,1780/81 10th October,104.27958470635079
A29,42,100,1781/82 10th October,117.28260527821432
A29,42,101,1782/83 10th October,128.41488399611893
A29,42,102,1783/84 10th October,136.34831447342626
A29,42,103,1784/85 10th October,137.78786754260756
A29,42,104,1785/86 10th October,128.47156179684706
A29,42,105,1786/87 1st Feb,132.3320329193826
A29,42,106,1787/88 1st Feb,136.2426163472611
A29,42,107,1788/89 1st Feb,134.95253708366147
A29,42,108,1789/90 1st Feb,122.88174625684434
A29,42,109,1790/91 1st Feb,121.81872827408615
A29,42,110,1791/92 1st Feb,110.50358184491179
A29,42,111,1792/93 1st Feb,115.08758034209103
A29,42,112,1793/94 1st Feb,124.33173735154129
A29,42,113,1794/95 1st Feb,121.3423413689411
A29,42,114,1795/96 1st Feb,129.98984983360626
A29,42,115,1796/97 1st Feb,139.7210493973282
A29,42,116,1797/98 1st Feb,146.0609134506149
A29,42,117,1798/99 1st Feb,137.9532800628021
A29,42,118,1799/00 1st Feb,128.47409015461412
A29,42,119,1800/01 1st Feb,131.92914063635854
A29,42,120,1801/02 1st Feb,155.9799752132412
A29,42,121,1802/03 1st Feb,160.99136803313922
A29,42,122,1803/04 1st Feb,157.59034335570453
A29,42,123,1804/05 1st Feb,151.48680246689628
A29,42,124,1805/06 1st Feb,154.56187166326202
A29,42,125,1806/07 1st Feb,147.9012157690805
A29,42,126,1807/08 1st Feb,153.68544902126342
A29,42,127,1808/09 1st Feb,143.5163560819292
A29,42,128,1809/10 1st Feb,131.92256860491622
A29,42,129,1810/11 1st Feb,140.53569793392296
A29,42,130,1811/12 1st Feb,144.31702098129546
A29,42,131,1812/13 1st Feb,149.44324042857568
A29,42,132,1813/14 1st Feb,161.26326431824398
A29,42,133,1814/15 1st Feb,164.6431469686882
A29,42,134,1815/16 1st Feb,183.56290670792959
A29,42,135,1816/17 1st Feb,175.74975505391546
A29,42,136,1817/18 5th January,169.08332361826888
A29,42,137,1818/19 5th January,179.3515746648121
A29,42,138,1819/20 5th January,176.78678273407422
A29,42,139,1820/21 5th January,182.87046670316738
A29,42,140,1821/22 5th January,194.082037913809
A29,42,141,1822/23 5th January,186.87054009676703
A29,42,142,1823/24 5th January,172.47192738752148
A29,42,143,1824/25 5th January,154.52559603180052
A29,42,144,1825/26 5th January,175.2045515867875
A29,42,145,1826/27 5th January,168.0886093954739
A29,42,146,1827/28 5th January,167.1263064439491
A29,42,147,1828/29 5th January,172.1242229063253
A29,42,148,1829/30 5th January,164.33406611073417
A29,42,149,1830/31 5th January,166.61631760515587
A29,42,150,1831/32 5th January,166.76720123642573
A29,42,151,1832/33 5th January,170.4766449063892
A29,42,152,1833/34 5th January,160.87553946905018
A29,42,153,1834/35 5th January,155.13178117229296
A29,42,154,1835/36 5th January,143.74923021842173
A29,42,155,1836/37 5th January,147.00427724482404
A29,42,156,1837/38 5th January,140.18341865402695
A29,42,157,1838/39 5th January,134.95381620881912
A29,42,158,1839/40 5th January,140.0070638056357
A29,42,159,1840/41 5th January,143.94173798513347
A29,42,160,1841/42 5th January,151.18322837980728
A29,42,161,1842/43 5th January,150.09185460465247
A29,42,162,1843/44 5th January,139.14028187788927
A29,42,163,1844/45 5th January,129.87108528994213
A29,42,164,1845/46 5th January,127.28838897829432
A29,42,165,1846/47 5th January,122.65973812853136
A29,42,166,1847/48 5th January,128.3590863618715
A29,42,167,1848/49 5th January,125.5284011226754
A29,42,168,1849/50 5th January,134.91537413897208
A29,42,169,1850/51 5th January,130.28955081331156
A29,42,170,1851/52 5th January,125.10822504901849
A29,42,171,1852/53 5th January,110.53523215751407
A29,42,172,1853/54 5th January,103.02668972462828
A29,42,173,1854/55 31st March,104.8664847731308
A29,42,174,1855/56 31st March,100.7733860748113
A29,42,175,1856/57 31st March,101.4365191301509
A29,42,176,1857/58 31st March,105.71371119799142
A29,42,177,1858/59 31st March,98.2152161831302
A29,42,178,1859/60 31st March,95.99107190189116
A29,42,179,1860/61 31st March,92.48058533048638
A29,42,180,1861/62 31st March,92.19166436596755
A29,42,181,1862/63 31st March,84.86575309109936
A29,42,182,1863/64 31st March,80.39946156919844
A29,42,183,1864/65 31st March,78.35412950959612
A29,42,184,1865/66 31st March,75.52822808961311
A29,42,185,1866/67 31st March,75.78421460060355
A29,42,186,1867/68 31st March,74.99106560081157
A29,42,187,1868/69 31st March,73.00155419138709
A29,42,188,1869/70 31st March,68.00163560117659
A29,42,189,1870/71 31st March,63.15680281070596
A29,42,190,1871/72 31st March,59.3929299772053
A29,42,191,1872/73 31st March,56.369961717904914
A29,42,192,1873/74 31st March,56.20570655092041
A29,42,193,1874/75 31st March,57.468855735660654
A29,42,194,1875/76 31st March,58.20848144842507
A29,42,195,1876/77 31st March,58.99003312780165
A29,42,196,1877/78 31st March,60.237009948304156
A29,42,197,1878/79 31st March,62.52744692550248
A29,42,198,1879/80 31st March,58.25296998918785
A29,42,199,1880/81 31st March,57.02493179611782
A29,42,200,1881/82 31st March,54.98222471564657
A29,42,201,1882/83 31st March,54.1833302381932
A29,42,202,1883/84 31st March,55.285687948612804
A29,42,203,1884/85 31st March,56.51923220694747
A29,42,204,1885/86 31st March,55.88687008790504
A29,42,205,1886/87 31st March,51.973210473950694
A29,42,206,1887/88 31st March,49.184239577299365
A29,42,207,1888/89 31st March,46.23892303689892
A29,42,208,1889/90 31st March,44.76767366907758
A29,42,209,1890/91 31st March,44.275597392809765
A29,42,210,1891/92 31st March,44.932904123413465
A29,42,211,1892/93 31st March,44.67214640675866
A29,42,212,1893/94 31st March,42.02909278054678
A29,42,213,1894/95 31st March,40.67265258845544
A29,42,214,1895/96 31st March,39.00027470501317
A29,42,215,1896/97 31st March,37.67283593860084
A29,42,216,1897/98 31st March,35.54670695293398
A29,42,217,1898/99 31st March,33.67066763170329
A29,42,218,1899/00 31st March,34.994184562868284
A29,42,219,1900/01 31st March,37.94170784620458
A29,42,220,1901/02 31st March,39.66224818381657
A29,42,221,1902/03 31st March,40.38025162663629
A29,42,222,1903/04 31st March,40.35432999254107
A29,42,223,1904/05 31st March,38.77276110748812
A29,42,224,1905/06 31st March,36.9068665743963
A29,42,225,1906/07 31st March,34.92302605320893
A29,42,226,1907/08 31st March,36.02603814366339
A29,42,227,1908/09 31st March,35.55100789246809
A29,42,228,1909/10 31st March,33.295133575655484
A29,42,229,1910/11 31st March,31.2329878512579
A29,42,230,1911/12 31st March,29.62630035245518
A29,42,231,1912/13 31st March,28.266227326537493
A29,42,232,1913/14 31st March,41.38195155629161
A29,42,233,1914/15 31st March,63.709019562917696
A29,42,234,1915/16 31st March,102.24864433162695
A29,42,235,1916/17 31st March,125.43747702713202
A29,42,236,1917/18 31st March,137.33304074034348
A29,42,237,1918/19 31st March,140.24769625397343
A29,42,238,1919/20 31st March,125.60502356555173
A29,42,239,1920/21 31st March,160.3529395211204
A29,42,240,1921/22 31st March,178.5996203322544
A29,42,241,1922/23 31st March,185.7908443287234
A29,42,242,1923/24 31st March,179.70363713045626
A29,42,243,1924/25 31st March,173.25849664966302
A29,42,244,1925/26 31st March,179.7327445505008
A29,42,245,1926/27 31st March,169.69727569208013
A29,42,246,1927/28 31st March,169.400771084607
A29,42,247,1928/29 31st March,165.60545552732475
A29,42,248,1929/30 31st March,168.00488585607508
A29,42,249,1930/31 31st March,180.68445906579166
A29,42,250,1931/32 31st March,188.9074335287239
A29,42,251,1932/33 31st March,189.8929181741884
A29,42,252,1933/34 31st March,179.48680444965146
A29,42,253,1934/35 31st March,171.07480516666402
A29,42,254,1935/36 31st March,162.02646179309474
A29,42,255,1936/37 31st March,154.96659292250422
A29,42,256,1937/38 31st March,153.48454437573693
A29,42,257,1938/39 31st March,153.4612496197333
A29,42,258,1939/40 31st March,155.5567938217336
A29,42,259,1940/41 31st March,160.06359052272953
A29,42,260,1941/42 31st March,175.74993577850253
A29,42,261,1942/43 31st March,192.93902964011707
A29,42,262,1943/44 31st March,219.2125862016227
A29,42,263,1944/45 31st March,241.99657963349233
A29,42,264,1945/46 31st March,259.0280328872755
A29,42,265,1946/47 31st March,244.4243472346197
A29,42,266,1947/48 31st March,219.68763491926433
A29,42,267,1948/49 31st March,208.68346431175564
A29,42,268,1949/50 31st March,200.58939628482972
A29,42,269,1950/51 31st March,178.51288944030878
A29,42,270,1951/52 31st March,165.05488926962371
A29,42,271,1952/53 31st March,156.4810980299355
A29,42,272,1953/54 31st March,150.54253350529916
A29,42,273,1954/55 31st March,139.32716113059624
A29,42,274,1955/56 31st March,128.3286623598708
A29,42,275,1956/57 31st March,121.73990951037047
A29,42,276,1957/58 31st March,116.5785434078117
A29,42,277,1958/59 31st March,112.38667317152499
A29,42,278,1959/60 31st March,106.47527638951992
A29,42,279,1960/61 31st March,101.77954326837437
A29,42,280,1961/62 31st March,100.61448900388098
A29,42,281,1962/63 31st March,96.48563834897051
A29,42,282,1963/64 31st March,89.04166788759633
A29,42,283,1964/65 31st March,84.31149406600552
A29,42,284,1965/66 31st March,80.72635263678563
A29,42,285,1966/67 31st March,80.62212423312883
A29,42,286,1967/68 31st March,74.30090156956057
A29,42,287,1968/69 31st March,67.03685439394549
A29,42,288,1969/70 31st March,59.64527147864654
A29,42,289,1970/71 31st March,56.2587803320562
A29,42,290,1971/72 31st March,52.092667662328424
A29,42,291,1972/73 31st March,48.25880417837897
A29,42,292,1973/74 31st March,53.24335606709532
A29,42,293,1974/75 31st March,53.76131690835596
A29,42,294,1975/76 31st March,52.40871838557119
A29,42,295,1976/77 31st March,49.153892660562015
A29,42,296,1977/78 31st March,46.69724324061204
A29,42,297,1978/79 31st March,43.63075528673386
A29,42,298,1979/80 31st March,42.53853357635705
A29,42,299,1980/81 31st March,42.50755601875977
A29,42,300,1981/82 31st March,41.272521455771745
A29,42,301,1982/83 31st March,40.43823557279568
A29,42,302,1983/84 31st March,41.02798410825186
A29,42,303,1984/85 31st March,39.09110210618267
A29,42,304,1985/86 31st March,37.48161735726849
A29,42,305,1986/87 31st March,33.99555451805089
A29,42,306,1987/88 31st March,28.48140958367545
A29,42,307,1988/89 31st March,25.00094343647145
A29,42,308,1989/90 31st March,22.820660782982575
A29,42,309,1990/91 31st March,23.21854254352915
A29,42,310,1991/92 31st March,26.73114374623152
A29,42,311,1992/93 31st March,30.971263572177286
A29,42,312,1993/94 31st March,34.927134770564855
A29,42,313,1994/95 31st March,37.48299758798823
A29,42,314,1995/96 31st March,38.290962033822375
A29,42,315,1996/97 31st March,38.77063018250955
A29,42,316,1997/98 31st March,36.845562823112736
A29,42,317,1998/99 31st March,35.68333488378925
A29,42,318,1999/00 31st March,30.364625304039457
A29,42,319,2000/01 31st March,29.342078843450906
A29,42,320,2001/02 31st March,30.5973127577491
A29,42,321,2002/03 31st March,31.405715647080886
A29,42,322,2003/04 31st March,34.386461834629245
A29,42,323,2004/05 31st March,35.68070624890809
A29,42,324,2005/06 31st March,36.22451643396325
A29,42,325,2006/07 31st March,36.743332309963485
A29,42,326,2007/08 31st March,46.878635923112135
A29,42,327,2008/09 31st March,61.79172981962659
A29,42,328,2009/10 31st March,72.30169183033492
A29,42,329,2010/11 31st March,76.19724935729491
A29,42,330,2011/12 31st March,80.57698782837943
A29,42,331,2012/13 31st March,83.5842105172391
A29,42,332,2013/14 31st March,85.37816601553926
A29,42,333,2014/15 31st March,85.99818231721449
A29,42,334,2015/16 31st March,87.73806645264037
A9,35,18,1700,87.23356964981265
A9,35,19,1701,90.81083693834645
A9,35,20,1702,87.02120364621989
A9,35,21,1703,79.72033134368884
A9,35,22,1704,98.16354475092248
A9,35,23,1705,91.08090549447572
A9,35,24,1706,73.7871659665708
A9,35,25,1707,82.25903004504507
A9,35,26,1708,91.32590358862531
A9,35,27,1709,85.99939488352665
A9,35,28,1710,80.2406094414422
A9,35,29,1711,81.17446523668538
A9,35,30,1712,78.5181482344247
A9,35,31,1713,77.14980230348543
A9,35,32,1714,86.94192347301806
A9,35,33,1715,80.42364752834791
A9,35,34,1716,83.76739412083572
A9,35,35,1717,89.48868566896117
A9,35,36,1718,94.84810201267177
A9,35,37,1719,91.12730458347639
A9,35,38,1720,100.86882808759862
A9,35,39,1721,92.52728643259363
A9,35,40,1722,91.37690220103181
A9,35,41,1723,91.40324011706703
A9,35,42,1724,90.54482305761626
A9,35,43,1725,94.98285544231487
A9,35,44,1726,94.29114181681018
A9,35,45,1727,91.58187018263716
A9,35,46,1728,100.00044179118206
A9,35,47,1729,92.23306881538187
A9,35,48,1730,88.06649376472171
A9,35,49,1731,85.91386552008072
A9,35,50,1732,88.9855408351967
A9,35,51,1733,92.18869663389894
A9,35,52,1734,92.17381920416945
A9,35,53,1735,91.48486209815289
A9,35,54,1736,97.86506779006834
A9,35,55,1737,90.66950011790875
A9,35,56,1738,91.32099287576524
A9,35,57,1739,91.22356038489839
A9,35,58,1740,97.22502375774218
A9,35,59,1741,101.1242629094072
A9,35,60,1742,100.84006644475568
A9,35,61,1743,96.89807381311505
A9,35,62,1744,94.70447663861563
A9,35,63,1745,93.7410958919945
A9,35,64,1746,99.75392734712946
A9,35,65,1747,102.28139703883629
A9,35,66,1748,102.91814684954817
A9,35,67,1749,103.17480437282823
A9,35,68,1750,104.49950003417798
A9,35,69,1751,102.96138465436827
A9,35,70,1752,111.52194853140308
A9,35,71,1753,110.34175747009577
A9,35,72,1754,106.49635719005542
A9,35,73,1755,107.74205103072615
A9,35,74,1756,110.89791771352493
A9,35,75,1757,125.49549105765364
A9,35,76,1758,126.23891545275919
A9,35,77,1759,118.73359782498885
A9,35,78,1760,122.17174003702503
A9,35,79,1761,124.25685681409364
A9,35,80,1762,123.13638687031566
A9,35,81,1763,129.52177319854408
A9,35,82,1764,130.28100961299842
A9,35,83,1765,130.1984797237414
A9,35,84,1766,134.29151054519923
A9,35,85,1767,140.16720126911267
A9,35,86,1768,135.97374025378866
A9,35,87,1769,137.47215405958536
A9,35,88,1770,134.3214665866171
A9,35,89,1771,144.18317420083793
A9,35,90,1772,145.19477908254186
A9,35,91,1773,148.5406960220671
A9,35,92,1774,147.5227274011219
A9,35,93,1775,153.43132067042757
A9,35,94,1776,155.8670106460299
A9,35,95,1777,164.8461195398783
A9,35,96,1778,163.48458182506226
A9,35,97,1779,157.13444778487857
A9,35,98,1780,163.40866617855207
A9,35,99,1781,190.05616410896218
A9,35,100,1782,188.79950528372063
A9,35,101,1783,184.55389449000444
A9,35,102,1784,176.48031648003501
A9,35,103,1785,173.82582642122168
A9,35,104,1786,188.20528315956506
A9,35,105,1787,182.4794588255708
A9,35,106,1788,175.19855461980717
A9,35,107,1789,176.5756476634181
A9,35,108,1790,196.03855159361535
A9,35,109,1791,196.68315766407642
A9,35,110,1792,218.78040801471644
A9,35,111,1793,212.68811183393694
A9,35,112,1794,206.75142810212634
A9,35,113,1795,256.4489915758586
A9,35,114,1796,268.7868146511709
A9,35,115,1797,266.1518837284692
A9,35,116,1798,275.7857508473497
A9,35,117,1799,302.52049558458896
A9,35,118,1800,353.0722287942958
A9,35,119,1801,378.02712231161127
A9,35,120,1802,316.5680536602812
A9,35,121,1803,306.95640997324466
A9,35,122,1804,324.58546744257404
A9,35,123,1805,355.1881638585353
A9,35,124,1806,356.7443505099731
A9,35,125,1807,385.0938767308375
A9,35,126,1808,371.9402377818164
A9,35,127,1809,412.8867394016661
A9,35,128,1810,458.74762616071075
A9,35,129,1811,437.59560348545705
A9,35,130,1812,446.8917493733278
A9,35,131,1813,482.2783745189106
A9,35,132,1814,453.78345023336794
A9,35,133,1815,469.3712956126881
A9,35,134,1816,416.64130325914834
A9,35,135,1817,437.353290535756
A9,35,136,1818,452.8071980251363
A9,35,137,1819,419.1799806519793
A9,35,138,1820,423.8589377879595
A9,35,139,1821,401.1388193461733
A9,35,140,1822,380.5096480017241
A9,35,141,1823,402.44376311351476
A9,35,142,1824,436.5457305663882
A9,35,143,1825,492.0282997302217
A9,35,144,1826,425.5146536740249
A9,35,145,1827,445.8340375573062
A9,35,146,1828,443.4502670751168
A9,35,147,1829,428.0672381780147
A9,35,148,1830,447.52421920443174
A9,35,149,1831,444.8444334606926
A9,35,150,1832,425.19267133993907
A9,35,151,1833,419.83309985246086
A9,35,152,1834,445.73769537527227
A9,35,153,1835,470.749028983504
A9,35,154,1836,502.01319599379366
A9,35,155,1837,482.3614338730402
A9,35,156,1838,511.8390770541705
A9,35,157,1839,539.5301964061414
A9,35,158,1840,505.5862436521126
A9,35,159,1841,481.4681719584606
A9,35,160,1842,462.7096717522868
A9,35,161,1843,460.9231479231274
A9,35,162,1844,502.9064579083735
A9,35,163,1845,532.3841010895038
A9,35,164,1846,569.0078395872717
A9,35,165,1847,591.3393874517644
A9,35,166,1848,569.0078395872719
A9,35,167,1849,578.8337206476486
A9,35,168,1850,529.7043153457649
A9,35,169,1851,556.5021727831561
A9,35,170,1852,561.8617442706343
A9,35,171,1853,627.9631259495325
A9,35,172,1854,665.48012636188
A9,35,173,1855,684.2386265680537
A9,35,174,1856,714.4026208989986
A9,35,175,1857,710.5088693123262
A9,35,176,1858,690.9998325601639
A9,35,177,1859,730.8051389164527
A9,35,178,1860,743.513004868458
A9,35,179,1861,784.0409795317827
A9,35,180,1862,797.0923316508299
A9,35,181,1863,839.3947181426481
A9,35,182,1864,874.9726086940609
A9,35,183,1865,907.2222432013714
A9,35,184,1866,937.8773736718011
A9,35,185,1867,928.5281379161773
A9,35,186,1868,928.3440487849443
A9,35,187,1869,948.3685552337759
A9,35,188,1870,1012.27230051416
A9,35,189,1871,1094.1796194106018
A9,35,190,1872,1160.976966288045
A9,35,191,1873,1217.2209193973033
A9,35,192,1874,1210.3699772847526
A9,35,193,1875,1184.7962761477063
A9,35,194,1876,1169.2159730871863
A9,35,195,1877,1156.513847867994
A9,35,196,1878,1126.2218154645818
A9,35,197,1879,1086.698602726619
A9,35,198,1880,1158.6842643609036
A9,35,199,1881,1182.0631039971827
A9,35,200,1882,1220.5917143512995
A9,35,201,1883,1222.4424267820466
A9,35,202,1884,1183.8423360671977
A9,35,203,1885,1157.7146643045971
A9,35,204,1886,1165.9619637831695
A9,35,205,1887,1216.2383779034408
A9,35,206,1888,1267.9131315652905
A9,35,207,1889,1339.0321469342148
A9,35,208,1890,1372.081977452216
A9,35,209,1891,1373.4066185024246
A9,35,210,1892,1336.6710651980318
A9,35,211,1893,1337.773347602374
A9,35,212,1894,1411.691840668065
A9,35,213,1895,1446.97424875044
A9,35,214,1896,1493.7332836341361
A9,35,215,1897,1536.8897799357444
A9,35,216,1898,1622.1044889126968
A9,35,217,1899,1720.942674504812
A9,35,218,1900,1793.597205919792
A9,35,219,1901,1800.3859695818899
A9,35,220,1902,1813.2550568304982
A9,35,221,1903,1789.181065131689
A9,35,222,1904,1789.1376445679023
A9,35,223,1905,1854.389621438504
A9,35,224,1906,1933.743543284512
A9,35,225,1907,2010.5383752310918
A9,35,226,1908,1913.0314423911739
A9,35,227,1909,1951.9994883654904
A9,35,228,1910,2035.6329834961482
A9,35,229,1911,2118.66435664555
A9,35,230,1912,2212.6235037814786
A9,35,231,1913,2302.300049914244
A9,35,232,1914,2331.5636174556785
A9,35,233,1915,2805.736622698685
A9,35,234,1916,3270.950179817977
A9,35,235,1917,4074.5974103258645
A9,35,236,1918,4861.290214652485
A9,35,237,1919,5221.331141493251
A9,35,238,1920,5771.984432850891
A9,35,239,1921,4739.985190171658
A9,35,240,1922,4306.331117468864
A9,35,241,1923,4109.481403567821
A9,35,242,1924,4217.651295859979
A9,35,243,1925,4355.056294177043
A9,35,244,1926,4201.084735779197
A9,35,245,1927,4442.761612251766
A9,35,246,1928,4442.761612251766
A9,35,247,1929,4532.415937394815
A9,35,248,1930,4458.353668798382
A9,35,249,1931,4169.900622685963
A9,35,250,1932,4079.27179400875
A9,35,251,1933,4152.359559071018
A9,35,252,1934,4363.826825984515
A9,35,253,1935,4559.702036351396
A9,35,254,1936,4817.945472904745
A9,35,255,1937,5153.174688657017
A9,35,256,1938,5314.9422753281715
A9,35,257,1939,5717.41223493773
A9,35,258,1940,6939.4396667788615
A9,35,259,1941,8360.265819589364
A9,35,260,1942,9160.333221137664
A9,35,261,1943,9749.90785930663
A9,35,262,1944,9834.68966677886
A9,35,263,1945,9571.573712554695
A9,35,264,1946,9630.04392460451
A9,35,265,1947,10406.723241332884
A9,35,266,1948,11581.0
A9,35,267,1949,12343.0
A9,35,268,1950,12920.0
A9,35,269,1951,14508.0
A9,35,270,1952,15759.0
A9,35,271,1953,16903.0
A9,35,272,1954,17833.0
A9,35,273,1955,19388.0
A9,35,274,1956,21052.0
A9,35,275,1957,22323.0
A9,35,276,1958,23452.0
A9,35,277,1959,24597.0
A9,35,278,1960,26412.0
A9,35,279,1961,28069.0
A9,35,280,1962,29374.0
A9,35,281,1963,31229.0
A9,35,282,1964,34127.0
A9,35,283,1965,36906.0
A9,35,284,1966,39423.0
A9,35,285,1967,41728.0
A9,35,286,1968,45809.0
A9,35,287,1969,49682.0
A9,35,288,1970,55916.0
A9,35,289,1971,62640.0
A9,35,290,1972,70305.0
A9,35,291,1973,81467.0
A9,35,292,1974,92227.0
A9,35,293,1975,114541.0
A9,35,294,1976,136172.0
A9,35,295,1977,158786.0
A9,35,296,1978,184891.0
A9,35,297,1979,219559.0
A9,35,298,1980,258411.0
A9,35,299,1981,287850.0
A9,35,300,1982,316698.0
A9,35,301,1983,348283.0
A9,35,302,1984,374534.0
A9,35,303,1985,412120.0
A9,35,304,1986,444033.0
A9,35,305,1987,492635.0
A9,35,306,1988,551709.0
A9,35,307,1989,609474.0
A9,35,308,1990,662850.0
A9,35,309,1991,698038.0
A9,35,310,1992,721445.0
A9,35,311,1993,758445.0
A9,35,312,1994,797088.0
A9,35,313,1995,836646.0
A9,35,314,1996,892900.0
A9,35,315,1997,938855.0
A9,35,316,1998,980308.0
A9,35,317,1999,1021205.0
A9,35,318,2000,1080863.0
A9,35,319,2001,1120575.0
A9,35,320,2002,1172652.0
A9,35,321,2003,1242449.0
A9,35,322,2004,1304874.0
A9,35,323,2005,1379457.0
A9,35,324,2006,1455644.0
A9,35,325,2007,1530890.0
A9,35,326,2008,1564252.0
A9,35,327,2009,1519459.0
A9,35,328,2010,1572439.0
A9,35,329,2011,1628274.0
A9,35,330,2012,1675044.0
A9,35,331,2013,1739563.0
A9,35,332,2014,1822480.0
A9,35,333,2015,1872714.0
A9,35,334,2016,1939637.0
A18,2,627,1707,6804.64796239329
A18,2,628,1708,6797.985553683156
A18,2,629,1709,6795.000185060311
A18,2,630,1710,6883.253600134762
A18,2,631,1711,6878.074799561907
A18,2,632,1712,6807.71571943191
A18,2,633,1713,6806.631374913341
A18,2,634,1714,6899.006750056472
A18,2,635,1715,6906.105243178308
A18,2,636,1716,6941.665932251293
A18,2,637,1717,6954.042067538402
A18,2,638,1718,7014.914099763548
A18,2,639,1719,7059.476676473445
A18,2,640,1720,7040.661438928079
A18,2,641,1721,7035.824846804887
A18,2,642,1722,7041.961282525403
A18,2,643,1723,7063.576551051661
A18,2,644,1724,7084.512838420659
A18,2,645,1725,7107.186418233103
A18,2,646,1726,7156.917263338512
A18,2,647,1727,7187.954583975441
A18,2,648,1728,7136.775361949382
A18,2,649,1729,7033.789399827144
A18,2,650,1730,6975.104487053473
A18,2,651,1731,6971.34661004041
A18,2,652,1732,6953.397888836988
A18,2,653,1733,7002.204464227222
A18,2,654,1734,7088.448852209803
A18,2,655,1735,7140.475198391193
A18,2,656,1736,7183.713451459604
A18,2,657,1737,7218.999657428338
A18,2,658,1738,7246.761992653962
A18,2,659,1739,7283.881157946802
A18,2,660,1740,7316.575021031456
A18,2,661,1741,7331.853699220057
A18,2,662,1742,7271.982294615164
A18,2,663,1743,7270.628912942773
A18,2,664,1744,7311.290867120712
A18,2,665,1745,7373.493545218773
A18,2,666,1746,7410.070359399713
A18,2,667,1747,7438.083523582248
A18,2,668,1748,7453.552591542875
A18,2,669,1749,7493.450652446641
A18,2,670,1750,7536.397666581754
A18,2,671,1751,7575.50471384211
A18,2,672,1752,7620.418680873365
A18,2,673,1753,7673.312402143307
A18,2,674,1754,7724.477104569456
A18,2,675,1755,7775.02644275212
A18,2,676,1756,7837.225417637031
A18,2,677,1757,7875.226864240874
A18,2,678,1758,7901.951488550838
A18,2,679,1759,7936.391063527257
A18,2,680,1760,7986.969053401016
A18,2,681,1761,8045.03178190862
A18,2,682,1762,8082.305119096492
A18,2,683,1763,8076.962907785553
A18,2,684,1764,8120.990656147526
A18,2,685,1765,8185.739467343408
A18,2,686,1766,8228.82954402677
A18,2,687,1767,8255.69153441642
A18,2,688,1768,8284.193978539088
A18,2,689,1769,8338.762296852134
A18,2,690,1770,8398.252614550664
A18,2,691,1771,8452.308250835818
A18,2,692,1772,8513.818963989605
A18,2,693,1773,8577.878795140012
A18,2,694,1774,8637.914005259372
A18,2,695,1775,8722.459683032248
A18,2,696,1776,8800.11649353321
A18,2,697,1777,8877.845142282706
A18,2,698,1778,8961.86320170528
A18,2,699,1779,9039.838715557962
A18,2,700,1780,9088.93334685887
A18,2,701,1781,9151.696039686505
A18,2,702,1782,9185.993659892982
A18,2,703,1783,9250.767886083704
A18,2,704,1784,9276.512404232953
A18,2,705,1785,9356.118176190379
A18,2,706,1786,9434.827331008248
A18,2,707,1787,9522.771720506815
A18,2,708,1788,9619.799969668342
A18,2,709,1789,9707.327556547687
A18,2,710,1790,9818.41459371485
A18,2,711,1791,9915.997501600363
A18,2,712,1792,10022.334254526897
A18,2,713,1793,10121.534197856234
A18,2,714,1794,10213.920033034621
A18,2,715,1795,10295.169873268194
A18,2,716,1796,10396.871450933324
A18,2,717,1797,10488.151845290868
A18,2,718,1798,10604.990331021354
A18,2,719,1799,10710.541154704548
A18,2,720,1800,10819.429158864543
A18,2,721,1801,10883.684000000001
A18,3,721,1801,16088.69101019941
A18,3,722,1802,16260.97772982979
A18,3,723,1803,16476.4129353656
A18,3,724,1804,16705.967468916566
A18,3,725,1805,16971.498577896396
A18,3,726,1806,17231.65592164606
A18,3,727,1807,17488.67957816523
A18,3,728,1808,17743.806050954074
A18,3,729,1809,17994.10027596689
A18,3,730,1810,18235.171628679556
A18,3,731,1811,18490.73293127265
A18,3,732,1812,18754.065431590112
A18,3,733,1813,19047.860564219125
A18,3,734,1814,19324.106877977138
A18,3,735,1815,19653.996425689787
A18,3,736,1816,19970.140772506384
A18,3,737,1817,20292.33200435249
A18,3,738,1818,20599.622736522037
A18,3,739,1819,20917.7361224111
A18,3,740,1820,21220.905862395877
A18,3,741,1821,21550.964
A18,3,742,1822,21849.814944646474
A18,3,743,1823,22141.181847470645
A18,3,744,1824,22424.34648738931
A18,3,745,1825,22721.230666595155
A18,3,746,1826,22996.236210861272
A18,3,747,1827,23257.41496984972
A18,3,748,1828,23568.49881742407
A18,3,749,1829,23855.219651966072
A18,3,750,1830,24138.859396696473
A18,3,751,1831,24432.45
A18,3,752,1832,24659.000035744997
A18,3,753,1833,24916.19448607199
A18,3,754,1834,25199.136201428024
A18,3,755,1835,25447.938074052527
A18,3,756,1836,25715.19303859005
A18,3,757,1837,25967.244072712005
A18,3,758,1838,26212.404197747517
A18,3,759,1839,26482.526479323504
A18,3,760,1840,26750.364028014163
A18,3,761,1841,27004.809999999998
A18,3,762,1842,27205.325999999997
A18,3,763,1843,27457.228
A18,3,764,1844,27727.174
A18,3,765,1845,27978.136
A18,3,766,1846,28204.092
A18,3,767,1847,28152.018
A18,3,768,1848,27819.882
A18,3,769,1849,27669.656
A18,3,770,1850,27524.324
A18,3,771,1851,27392.849
A18,3,772,1852,27448.206
A18,3,773,1853,27542.368
A18,3,774,1854,27658.31
A18,3,775,1855,27822.0
A18,3,776,1856,28012.412
A18,3,777,1857,28188.516
A18,3,778,1858,28390.291
A18,3,779,1859,28590.701
A18,3,780,1860,28778.713
A18,3,781,1861,28976.314
A18,3,782,1862,29245.013
A18,3,783,1863,29470.855
A18,3,784,1864,29680.889
A18,3,785,1865,29925.151
A18,3,786,1866,30057.684
A18,3,787,1867,30409.525
A18,3,788,1868,30689.713
A18,3,789,1869,30978.299
A18,3,790,1870,31257.316
A18,3,791,1871,31555.466
A18,3,792,1872,31874.299
A18,3,793,1873,32177.657
A18,3,794,1874,32501.504
A18,3,795,1875,32839.144
A18,3,796,1876,33200.482
A18,3,797,1877,33575.521
A18,3,798,1878,33943.568
A18,3,799,1879,34304.422999999995
A18,3,800,1880,34623.293999999994
A18,3,801,1881,34934.664
A18,3,802,1882,35206.556
A18,3,803,1883,35449.861000000004
A18,3,804,1884,35724.676
A18,3,805,1885,36015.907
A18,3,806,1886,36313.653999999995
A18,3,807,1887,36599.018
A18,3,808,1888,36881.001000000004
A18,3,809,1889,37178.504
A18,3,810,1890,37484.831000000006
A18,3,811,1891,37802.045
A18,3,812,1892,38134.31
A18,3,813,1893,38489.829
A18,3,814,1894,38858.806000000004
A18,3,815,1895,39221.145
A18,3,816,1896,39599.053
A18,3,817,1897,39987.332
A18,3,818,1898,40380.289000000004
A18,3,819,1899,40773.93
A18,3,820,1900,41155.158
A18,3,821,1901,41538.10400000001
A18,3,822,1902,41893.12
A18,3,823,1903,42246.813
A18,3,824,1904,42611.285
A18,3,825,1905,42980.436
A18,3,826,1906,43361.466
A18,3,827,1907,43737.378000000004
A18,3,828,1908,44124.171
A18,3,829,1909,44519.848000000005
A18,3,830,1910,44904.133878833956
A18,3,831,1911,45262.48998973795
A18,3,832,1912,45458.81660394131
A18,3,833,1913,45702.21399372083
A18,3,834,1914,46101.68243240479
A18,3,835,1915,46340.0
A18,3,836,1916,46514.0
A18,3,837,1917,46614.0
A18,3,838,1918,46575.0
A18,3,839,1919,46534.0
A18,3,840,1920,46821.0
A18,3,841,1921,47060.9
A18,3,842,1922,47415.5
A18,4,842,1922,44393.5
A18,4,843,1923,44628.1
A18,4,844,1924,44934.6
A18,4,845,1925,45085.0
A18,4,846,1926,45264.6
A18,4,847,1927,45429.0
A18,4,848,1928,45626.2
A18,4,849,1929,45730.0
A18,4,850,1930,45890.9
A18,4,851,1931,46073.6
A18,4,852,1932,46335.0
A18,4,853,1933,46520.0
A18,4,854,1934,46666.0
A18,4,855,1935,46868.5
A18,4,856,1936,47081.3
A18,4,857,1937,47288.6
A18,4,858,1938,47494.1
A18,4,859,1939,47761.7
A18,4,860,1940,48226.0
A18,4,861,1941,48216.0
A18,4,862,1942,48400.0
A18,4,863,1943,48789.0
A18,4,864,1944,49016.0
A18,4,865,1945,49182.0
A18,4,866,1946,49217.0
A18,4,867,1947,49538.7
A18,4,868,1948,50033.2
A18,4,869,1949,50331.0
A18,4,870,1950,50571.5
A18,4,871,1951,50301.9
A18,4,872,1952,50444.2
A18,4,873,1953,50592.9
A18,4,874,1954,50764.9
A18,4,875,1955,50946.3
A18,4,876,1956,51183.9
A18,4,877,1957,51430.7
A18,4,878,1958,51652.5
A18,4,879,1959,51956.299999999996
A18,4,880,1960,52372.5
A18,4,881,1961,52807.436
A18,4,882,1962,53290.228
A18,4,883,1963,53624.2
A18,4,884,1964,53990.8
A18,4,885,1965,54350.3
A18,4,886,1966,54645.1
A18,4,887,1967,54961.200000000004
A18,4,888,1968,55212.899999999994
A18,4,889,1969,55459.0
A18,4,890,1970,55628.799999999996
A18,4,891,1971,55928.0
A18,4,892,1972,56096.7
A18,4,893,1973,56222.9
A18,4,894,1974,56235.600000000006
A18,4,895,1975,56225.700000000004
A18,4,896,1976,56216.1
A18,4,897,1977,56189.9
A18,4,898,1978,56178.0
A18,4,899,1979,56240.1
A18,4,900,1980,56329.700000000004
A18,4,901,1981,56357.5
A18,4,902,1982,56290.666
A18,4,903,1983,56315.717
A18,4,904,1984,56409.31
A18,4,905,1985,56554.003000000004
A18,4,906,1986,56683.834
A18,4,907,1987,56804.004
A18,4,908,1988,56916.408
A18,4,909,1989,57076.416000000005
A18,4,910,1990,57237.498
A18,4,911,1991,57438.66300000001
A18,4,912,1992,57584.567
A18,4,913,1993,57713.937
A18,4,914,1994,57862.138
A18,4,915,1995,58024.768000000004
A18,4,916,1996,58164.42300000001
A18,4,917,1997,58314.288
A18,4,918,1998,58474.974
A18,4,919,1999,58684.420999999995
A18,4,920,2000,58886.021
A18,4,921,2001,59112.978
A18,4,922,2002,59365.643
A18,4,923,2003,59636.638
A18,4,924,2004,59950.322
A18,4,925,2005,60413.242999999995
A18,4,926,2006,60827.054
A18,4,927,2007,61319.092
A18,4,928,2008,61823.82
A18,4,929,2009,62260.453
A18,4,930,2010,62759.423
A18,4,931,2011,63285.12700000001
A18,4,932,2012,63704.996
A18,4,933,2013,64105.62899999999
A18,4,934,2014,64596.754
A18,4,935,2015,65110.0
A18,4,936,2016,65572.0
M10,11,14,1753 Aug,2.853745541022592
M10,11,15,1753 Sep,2.863961813842482
M10,11,16,1753 Oct,2.881152460984394
M10,11,17,1753 Nov,2.8708133971291865
M10,11,18,1753 Dec,2.8880866425992777
M10,11,19,1754 Jan,2.8950542822677927
M10,11,20,1754 Feb,2.92326431181486
M10,11,21,1754 Mar,2.9339853300733494
M10,11,22,1754 Apr,2.9055690072639226
M10,11,23,1754 May,2.8776978417266186
M10,11,24,1754 Jun,2.8708133971291865
M10,11,25,1754 Jul,2.867383512544803
M10,11,26,1754 Aug,2.881152460984394
M10,11,27,1754 Sep,2.912621359223301
M10,11,28,1754 Oct,2.916160388821385
M10,11,29,1754 Nov,2.912621359223301
M10,11,30,1754 Dec,2.8880866425992777
M10,11,31,1755 Jan,2.941176470588235
M10,11,32,1755 Feb,2.9925187032418954
M10,11,33,1755 Mar,3.0418250950570345
M10,11,34,1755 Apr,3.0729833546734957
M10,11,35,1755 May,3.007518796992481
M10,11,36,1755 Jun,3.034134007585335
M10,11,37,1755 Jul,3.221476510067114
M10,11,38,1755 Aug,3.2564450474898234
M10,11,39,1755 Sep,3.2085561497326207
M10,11,40,1755 Oct,3.310344827586207
M10,11,41,1755 Nov,3.287671232876712
M10,11,42,1755 Dec,3.2345013477088944
M10,11,43,1756 Jan,3.375527426160337
M10,11,44,1756 Feb,3.361344537815126
M10,11,45,1756 Mar,3.3519553072625694
M10,11,46,1756 Apr,3.3057851239669422
M10,11,47,1756 May,3.3519553072625694
M10,11,48,1756 Jun,3.361344537815126
M10,11,49,1756 Jul,3.380281690140845
M10,11,50,1756 Aug,3.361344537815126
M10,11,51,1756 Sep,3.3519553072625694
M10,11,52,1756 Oct,3.3946251768033946
M10,11,53,1756 Nov,3.389830508474576
M10,11,54,1756 Dec,3.389830508474576
M10,11,55,1757 Jan,3.45821325648415
M10,11,56,1757 Feb,3.418803418803419
M10,11,57,1757 Mar,3.3287101248266295
M10,11,58,1757 Apr,3.3660589060308554
M10,11,59,1757 May,3.3333333333333335
M10,11,60,1757 Jun,3.3333333333333335
M10,11,61,1757 Jul,3.375527426160337
M10,11,62,1757 Aug,3.3472803347280333
M10,11,63,1757 Sep,3.278688524590164
M10,11,64,1757 Oct,3.296703296703297
M10,11,65,1757 Nov,3.287671232876712
M10,11,66,1757 Dec,3.3057851239669422
M10,11,67,1758 Jan,3.3149171270718236
M10,11,68,1758 Feb,3.2432432432432434
M10,11,69,1758 Mar,3.1914893617021276
M10,11,70,1758 Apr,3.1914893617021276
M10,11,71,1758 May,3.1372549019607847
M10,11,72,1758 Jun,3.1007751937984493
M10,11,73,1758 Jul,3.2345013477088944
M10,11,74,1758 Aug,3.2653061224489797
M10,11,75,1758 Sep,3.3057851239669422
M10,11,76,1758 Oct,3.3426183844011144
M10,11,77,1758 Nov,3.3057851239669422
M10,11,78,1758 Dec,3.3426183844011144
M10,11,79,1759 Jan,3.389830508474576
M10,11,80,1759 Feb,3.45821325648415
M10,11,81,1759 Mar,3.5820895522388057
M10,11,82,1759 Apr,3.6923076923076925
M10,11,83,1759 May,3.7735849056603774
M10,11,84,1759 Jun,3.785488958990536
M10,11,85,1759 Jul,3.8523274478330656
M10,11,86,1759 Aug,3.6697247706422016
M10,11,87,1759 Sep,3.65296803652968
M10,11,88,1759 Oct,3.6697247706422016
M10,11,89,1759 Nov,3.488372093023256
M10,11,90,1759 Dec,3.550295857988166
M10,11,91,1760 Jan,3.75
M10,11,92,1760 Feb,3.7383177570093453
M10,11,93,1760 Mar,3.65296803652968
M10,11,94,1760 Apr,3.6363636363636367
M10,11,95,1760 May,3.6363636363636367
M10,11,96,1760 Jun,3.560830860534124
M10,11,97,1760 Jul,3.5820895522388057
M10,11,98,1760 Aug,3.587443946188341
M10,11,99,1760 Sep,3.6253776435045317
M10,11,100,1760 Oct,3.6144578313253017
M10,11,101,1760 Nov,3.8095238095238093
M10,11,102,1760 Dec,3.9669421487603307
M10,11,103,1761 Jan,4.095563139931741
M10,11,104,1761 Feb,4.074702886247877
M10,11,105,1761 Mar,3.864734299516908
M10,11,106,1761 Apr,3.409090909090909
M10,11,107,1761 May,3.409090909090909
M10,11,108,1761 Jun,3.498542274052478
M10,11,109,1761 Jul,3.7735849056603774
M10,11,110,1761 Aug,3.870967741935484
M10,11,111,1761 Sep,4.095563139931741
M10,11,112,1761 Oct,4.173913043478261
M10,11,113,1761 Nov,4.262877442273535
M10,11,114,1761 Dec,4.511278195488721
M10,11,115,1762 Jan,4.848484848484849
M10,11,116,1762 Feb,4.411764705882353
M10,11,117,1762 Mar,4.285714285714286
M10,11,118,1762 Apr,4.316546762589928
M10,11,119,1762 May,4.137931034482759
M10,11,120,1762 Jun,4.166666666666666
M10,11,121,1762 Jul,3.98671096345515
M10,11,122,1762 Aug,3.498542274052478
M10,11,123,1762 Sep,3.592814371257485
M10,11,124,1762 Oct,3.6979969183359014
M10,11,125,1762 Nov,3.4782608695652177
M10,11,126,1762 Dec,3.2432432432432434
M10,11,127,1763 Jan,3.3426183844011144
M10,11,128,1763 Feb,3.178807947019868
M10,11,129,1763 Mar,3.16205533596838
M10,11,130,1763 Apr,3.178807947019868
M10,11,131,1763 May,3.2042723631508676
M10,11,132,1763 Jun,3.2085561497326207
M10,11,133,1763 Jul,3.32409972299169
M10,11,134,1763 Aug,3.438395415472779
M10,11,135,1763 Sep,3.6809815950920246
M10,11,136,1763 Oct,3.592814371257485
M10,11,137,1763 Nov,3.4934497816593884
M10,11,138,1763 Dec,3.508771929824561
M10,11,139,1764 Jan,3.576751117734724
M10,11,140,1764 Feb,3.5242290748898677
M10,11,141,1764 Mar,3.519061583577713
M10,11,142,1764 Apr,3.4285714285714284
M10,11,143,1764 May,3.488372093023256
M10,11,144,1764 Jun,3.4782608695652177
M10,11,145,1764 Jul,3.5346097201767304
M10,11,146,1764 Aug,3.6144578313253017
M10,11,147,1764 Sep,3.6144578313253017
M10,11,148,1764 Oct,3.566121842496285
M10,11,149,1764 Nov,3.560830860534124
M10,11,150,1764 Dec,3.3994334277620397
M10,11,151,1765 Jan,3.503649635036496
M10,11,152,1765 Feb,3.443328550932568
M10,11,153,1765 Mar,3.409090909090909
M10,11,154,1765 Apr,3.423680456490728
M10,11,155,1765 May,3.4334763948497855
M10,11,156,1765 Jun,3.385049365303244
M10,11,157,1765 Jul,3.413940256045519
M10,11,158,1765 Aug,3.3426183844011144
M10,11,159,1765 Sep,3.252032520325203
M10,11,160,1765 Oct,3.2653061224489797
M10,11,161,1765 Nov,3.278688524590164
M10,11,162,1765 Dec,3.2653061224489797
M10,11,163,1766 Jan,3.3566433566433567
M10,11,164,1766 Feb,3.3994334277620397
M10,11,165,1766 Mar,3.3660589060308554
M10,11,166,1766 Apr,3.3566433566433567
M10,11,167,1766 May,3.3333333333333335
M10,11,168,1766 Jun,3.3057851239669422
M10,11,169,1766 Jul,3.413940256045519
M10,11,170,1766 Aug,3.3379694019471486
M10,11,171,1766 Sep,3.3566433566433567
M10,11,172,1766 Oct,3.370786516853933
M10,11,173,1766 Nov,3.3566433566433567
M10,11,174,1766 Dec,3.3287101248266295
M10,11,175,1767 Jan,3.361344537815126
M10,11,176,1767 Feb,3.370786516853933
M10,11,177,1767 Mar,3.375527426160337
M10,11,178,1767 Apr,3.370786516853933
M10,11,179,1767 May,3.385049365303244
M10,11,180,1767 Jun,3.3660589060308554
M10,11,181,1767 Jul,3.4334763948497855
M10,11,182,1767 Aug,3.3994334277620397
M10,11,183,1767 Sep,3.3946251768033946
M10,11,184,1767 Oct,3.375527426160337
M10,11,185,1767 Nov,3.319502074688797
M10,11,186,1767 Dec,3.2388663967611335
M10,11,187,1768 Jan,3.310344827586207
M10,11,188,1768 Feb,3.278688524590164
M10,11,189,1768 Mar,3.2345013477088944
M10,11,190,1768 Apr,3.2
M10,11,191,1768 May,3.178807947019868
M10,11,192,1768 Jun,3.1746031746031744
M10,11,193,1768 Jul,3.3426183844011144
M10,11,194,1768 Aug,3.32409972299169
M10,11,195,1768 Sep,3.3946251768033946
M10,11,196,1768 Oct,3.418803418803419
M10,11,197,1768 Nov,3.385049365303244
M10,11,198,1768 Dec,3.3333333333333335
M10,11,199,1769 Jan,3.3994334277620397
M10,11,200,1769 Feb,3.4042553191489366
M10,11,201,1769 Mar,3.370786516853933
M10,11,202,1769 Apr,3.385049365303244
M10,11,203,1769 May,3.3472803347280333
M10,11,204,1769 Jun,3.3426183844011144
M10,11,205,1769 Jul,3.3426183844011144
M10,11,206,1769 Aug,3.361344537815126
M10,11,207,1769 Sep,3.409090909090909
M10,11,208,1769 Oct,3.3946251768033946
M10,11,209,1769 Nov,3.508771929824561
M10,11,210,1769 Dec,3.4732272069464543
M10,11,211,1770 Jan,3.576751117734724
M10,11,212,1770 Feb,3.508771929824561
M10,11,213,1770 Mar,3.4934497816593884
M10,11,214,1770 Apr,3.45821325648415
M10,11,215,1770 May,3.4482758620689653
M10,11,216,1770 Jun,3.519061583577713
M10,11,217,1770 Jul,3.571428571428571
M10,11,218,1770 Aug,3.5346097201767304
M10,11,219,1770 Sep,3.821656050955414
M10,11,220,1770 Oct,3.79746835443038
M10,11,221,1770 Nov,3.8461538461538467
M10,11,222,1770 Dec,3.8338658146964857
M10,11,223,1771 Jan,3.5555555555555554
M10,11,224,1771 Feb,3.409090909090909
M10,11,225,1771 Mar,3.508771929824561
M10,11,226,1771 Apr,3.4285714285714284
M10,11,227,1771 May,3.380281690140845
M10,11,228,1771 Jun,3.370786516853933
M10,11,229,1771 Jul,3.438395415472779
M10,11,230,1771 Aug,3.4334763948497855
M10,11,231,1771 Sep,3.463203463203463
M10,11,232,1771 Oct,3.4532374100719423
M10,11,233,1771 Nov,3.4482758620689653
M10,11,234,1771 Dec,3.3946251768033946
M10,11,235,1772 Jan,3.418803418803419
M10,11,236,1772 Feb,3.413940256045519
M10,11,237,1772 Mar,3.380281690140845
M10,11,238,1772 Apr,3.3660589060308554
M10,11,239,1772 May,3.3333333333333335
M10,11,240,1772 Jun,3.3519553072625694
M10,11,241,1772 Jul,3.3994334277620397
M10,11,242,1772 Aug,3.389830508474576
M10,11,243,1772 Sep,3.4042553191489366
M10,11,244,1772 Oct,3.4334763948497855
M10,11,245,1772 Nov,3.4042553191489366
M10,11,246,1772 Dec,3.375527426160337
M10,11,247,1773 Jan,3.438395415472779
M10,11,248,1773 Feb,3.4334763948497855
M10,11,249,1773 Mar,3.4682080924855496
M10,11,250,1773 Apr,3.498542274052478
M10,11,251,1773 May,3.4782608695652177
M10,11,252,1773 Jun,3.4482758620689653
M10,11,253,1773 Jul,3.4682080924855496
M10,11,254,1773 Aug,3.4482758620689653
M10,11,255,1773 Sep,3.4285714285714284
M10,11,256,1773 Oct,3.413940256045519
M10,11,257,1773 Nov,3.4285714285714284
M10,11,258,1773 Dec,3.4334763948497855
M10,11,259,1774 Jan,3.4732272069464543
M10,11,260,1774 Feb,3.463203463203463
M10,11,261,1774 Mar,3.4532374100719423
M10,11,262,1774 Apr,3.413940256045519
M10,11,263,1774 May,3.409090909090909
M10,11,264,1774 Jun,3.385049365303244
M10,11,265,1774 Jul,3.370786516853933
M10,11,266,1774 Aug,3.3946251768033946
M10,11,267,1774 Sep,3.370786516853933
M10,11,268,1774 Oct,3.380281690140845
M10,11,269,1774 Nov,3.3379694019471486
M10,11,270,1774 Dec,3.292181069958848
M10,11,271,1775 Jan,3.443328550932568
M10,11,272,1775 Feb,3.389830508474576
M10,11,273,1775 Mar,3.389830508474576
M10,11,274,1775 Apr,3.3660589060308554
M10,11,275,1775 May,3.380281690140845
M10,11,276,1775 Jun,3.375527426160337
M10,11,277,1775 Jul,3.418803418803419
M10,11,278,1775 Aug,3.375527426160337
M10,11,279,1775 Sep,3.3660589060308554
M10,11,280,1775 Oct,3.370786516853933
M10,11,281,1775 Nov,3.3426183844011144
M10,11,282,1775 Dec,3.3519553072625694
M10,11,283,1776 Jan,3.4532374100719423
M10,11,284,1776 Feb,3.483309143686502
M10,11,285,1776 Mar,3.488372093023256
M10,11,286,1776 Apr,3.508771929824561
M10,11,287,1776 May,3.5450516986706058
M10,11,288,1776 Jun,3.5398230088495577
M10,11,289,1776 Jul,3.566121842496285
M10,11,290,1776 Aug,3.5820895522388057
M10,11,291,1776 Sep,3.587443946188341
M10,11,292,1776 Oct,3.66412213740458
M10,11,293,1776 Nov,3.65296803652968
M10,11,294,1776 Dec,3.66412213740458
M10,11,295,1777 Jan,3.7209302325581395
M10,11,296,1777 Feb,3.779527559055118
M10,11,297,1777 Mar,3.8155802861685215
M10,11,298,1777 Apr,3.767660910518053
M10,11,299,1777 May,3.785488958990536
M10,11,300,1777 Jun,3.79746835443038
M10,11,301,1777 Jul,3.9344262295081966
M10,11,302,1777 Aug,3.864734299516908
M10,11,303,1777 Sep,3.8461538461538467
M10,11,304,1777 Oct,3.79746835443038
M10,11,305,1777 Nov,3.8277511961722492
M10,11,306,1777 Dec,3.9933444259567388
M10,11,307,1778 Jan,4.195804195804196
M10,11,308,1778 Feb,4.3399638336347195
M10,11,309,1778 Mar,4.979253112033195
M10,11,310,1778 Apr,4.938271604938272
M10,11,311,1778 May,4.878048780487805
M10,11,312,1778 Jun,4.8582995951417
M10,11,313,1778 Jul,4.86815415821501
M10,11,314,1778 Aug,4.6966731898238745
M10,11,315,1778 Sep,4.5540796963946875
M10,11,316,1778 Oct,4.597701149425287
M10,11,317,1778 Nov,4.800000000000001
M10,11,318,1778 Dec,4.878048780487805
M10,11,319,1779 Jan,4.8582995951417
M10,11,320,1779 Feb,5.063291139240507
M10,11,321,1779 Mar,4.838709677419354
M10,11,322,1779 Apr,4.715127701375245
M10,11,323,1779 May,4.771371769383698
M10,11,324,1779 Jun,4.938271604938272
M10,11,325,1779 Jul,5.0
M10,11,326,1779 Aug,4.9079754601226995
M10,11,327,1779 Sep,4.8979591836734695
M10,11,328,1779 Oct,4.8582995951417
M10,11,329,1779 Nov,4.8979591836734695
M10,11,330,1779 Dec,4.838709677419354
M10,11,331,1780 Jan,4.938271604938272
M10,11,332,1780 Feb,4.948453608247423
M10,11,333,1780 Mar,4.938271604938272
M10,11,334,1780 Apr,4.938271604938272
M10,11,335,1780 May,4.887983706720978
M10,11,336,1780 Jun,4.733727810650888
M10,11,337,1780 Jul,4.8192771084337345
M10,11,338,1780 Aug,4.86815415821501
M10,11,339,1780 Sep,4.9079754601226995
M10,11,340,1780 Oct,4.9079754601226995
M10,11,341,1780 Nov,4.9079754601226995
M10,11,342,1780 Dec,4.979253112033195
M10,11,343,1781 Jan,5.161290322580645
M10,11,344,1781 Feb,5.095541401273886
M10,11,345,1781 Mar,5.139186295503212
M10,11,346,1781 Apr,5.117270788912579
M10,11,347,1781 May,5.1063829787234045
M10,11,348,1781 Jun,5.073995771670191
M10,11,349,1781 Jul,5.240174672489083
M10,11,350,1781 Aug,5.263157894736842
M10,11,351,1781 Sep,5.298013245033112
M10,11,352,1781 Oct,5.369127516778523
M10,11,353,1781 Nov,5.217391304347826
M10,11,354,1781 Dec,5.194805194805195
M10,11,355,1782 Jan,5.381165919282512
M10,11,356,1782 Feb,5.517241379310345
M10,11,357,1782 Mar,5.393258426966292
M10,11,358,1782 Apr,5.042016806722689
M10,11,359,1782 May,5.02092050209205
M10,11,360,1782 Jun,5.010438413361169
M10,11,361,1782 Jul,5.183585313174946
M10,11,362,1782 Aug,5.298013245033112
M10,11,363,1782 Sep,5.194805194805195
M10,11,364,1782 Oct,5.183585313174946
M10,11,365,1782 Nov,5.0
M10,11,366,1782 Dec,4.624277456647399
M10,11,367,1783 Jan,4.411764705882353
M10,11,368,1783 Feb,4.4036697247706424
M10,11,369,1783 Mar,4.419889502762431
M10,11,370,1783 Apr,4.419889502762431
M10,11,371,1783 May,4.452690166975881
M10,11,372,1783 Jun,4.511278195488721
M10,11,373,1783 Jul,4.771371769383698
M10,11,374,1783 Aug,4.651162790697675
M10,11,375,1783 Sep,5.031446540880503
M10,11,376,1783 Oct,5.095541401273886
M10,11,377,1783 Nov,5.172413793103448
M10,11,378,1783 Dec,5.263157894736842
M10,11,379,1784 Jan,5.357142857142858
M10,11,380,1784 Feb,5.240174672489083
M10,11,381,1784 Mar,5.172413793103448
M10,11,382,1784 Apr,5.161290322580645
M10,11,383,1784 May,5.161290322580645
M10,11,384,1784 Jun,5.084745762711864
M10,11,385,1784 Jul,5.240174672489083
M10,11,386,1784 Aug,5.369127516778523
M10,11,387,1784 Sep,5.491990846681922
M10,11,388,1784 Oct,5.466970387243736
M10,11,389,1784 Nov,5.357142857142858
M10,11,390,1784 Dec,5.3215077605321515
M10,11,391,1785 Jan,5.333333333333333
M10,11,392,1785 Feb,5.417607223476298
M10,11,393,1785 Mar,5.454545454545454
M10,11,394,1785 Apr,5.217391304347826
M10,11,395,1785 May,5.206073752711497
M10,11,396,1785 Jun,5.117270788912579
M10,11,397,1785 Jul,5.161290322580645
M10,11,398,1785 Aug,5.1063829787234045
M10,11,399,1785 Sep,5.010438413361169
M10,11,400,1785 Oct,4.588910133843212
M10,11,401,1785 Nov,4.285714285714286
M10,11,402,1785 Dec,4.18848167539267
M10,11,403,1786 Jan,4.25531914893617
M10,11,404,1786 Feb,4.278074866310161
M10,11,405,1786 Mar,4.332129963898917
M10,11,406,1786 Apr,4.293381037567084
M10,11,407,1786 May,4.040404040404041
M10,11,408,1786 Jun,4.033613445378151
M10,11,409,1786 Jul,3.9538714991762767
M10,11,410,1786 Aug,3.8585209003215435
M10,11,411,1786 Sep,3.877221324717286
M10,11,412,1786 Oct,3.9344262295081966
M10,11,413,1786 Nov,4.060913705583756
M10,11,414,1786 Dec,3.980099502487562
M10,11,415,1787 Jan,4.067796610169491
M10,11,416,1787 Feb,4.0
M10,11,417,1787 Mar,3.9344262295081966
M10,11,418,1787 Apr,3.883495145631068
M10,11,419,1787 May,3.902439024390244
M10,11,420,1787 Jun,4.067796610169491
M10,11,421,1787 Jul,4.2477876106194685
M10,11,422,1787 Aug,4.137931034482759
M10,11,423,1787 Sep,4.1522491349480966
M10,11,424,1787 Oct,3.9735099337748347
M10,11,425,1787 Nov,3.902439024390244
M10,11,426,1787 Dec,3.877221324717286
M10,11,427,1788 Jan,3.9735099337748347
M10,11,428,1788 Feb,3.98671096345515
M10,11,429,1788 Mar,3.9669421487603307
M10,11,430,1788 Apr,3.9933444259567388
M10,11,431,1788 May,3.9735099337748347
M10,11,432,1788 Jun,3.98671096345515
M10,11,433,1788 Jul,4.033613445378151
M10,11,434,1788 Aug,4.0472175379426645
M10,11,435,1788 Sep,4.020100502512563
M10,11,436,1788 Oct,3.9669421487603307
M10,11,437,1788 Nov,4.060913705583756
M10,11,438,1788 Dec,4.054054054054054
M10,11,439,1789 Jan,4.181184668989547
M10,11,440,1789 Feb,4.054054054054054
M10,11,441,1789 Mar,4.040404040404041
M10,11,442,1789 Apr,4.0
M10,11,443,1789 May,3.940886699507389
M10,11,444,1789 Jun,3.8897893030794166
M10,11,445,1789 Jul,3.803486529318542
M10,11,446,1789 Aug,3.785488958990536
M10,11,447,1789 Sep,3.7383177570093453
M10,11,448,1789 Oct,3.7914691943127963
M10,11,449,1789 Nov,3.8523274478330656
M10,11,450,1789 Dec,3.8095238095238093
M10,11,451,1790 Jan,3.803486529318542
M10,11,452,1790 Feb,3.877221324717286
M10,11,453,1790 Mar,3.779527559055118
M10,11,454,1790 Apr,3.761755485893417
M10,11,455,1790 May,4.013377926421405
M10,11,456,1790 Jun,4.054054054054054
M10,11,457,1790 Jul,4.060913705583756
M10,11,458,1790 Aug,3.9087947882736156
M10,11,459,1790 Sep,3.9344262295081966
M10,11,460,1790 Oct,4.040404040404041
M10,11,461,1790 Nov,3.779527559055118
M10,11,462,1790 Dec,3.6979969183359014
M10,11,463,1791 Jan,3.7209302325581395
M10,11,464,1791 Feb,3.7267080745341614
M10,11,465,1791 Mar,3.9344262295081966
M10,11,466,1791 Apr,3.6979969183359014
M10,11,467,1791 May,3.675344563552833
M10,11,468,1791 Jun,3.6697247706422016
M10,11,469,1791 Jul,3.6144578313253017
M10,11,470,1791 Aug,3.375527426160337
M10,11,471,1791 Sep,3.361344537815126
M10,11,472,1791 Oct,3.438395415472779
M10,11,473,1791 Nov,3.4042553191489366
M10,11,474,1791 Dec,3.3149171270718236
M10,11,475,1792 Jan,3.21285140562249
M10,11,476,1792 Feb,3.1209362808842656
M10,11,477,1792 Mar,3.10880829015544
M10,11,478,1792 Apr,3.2301480484522207
M10,11,479,1792 May,3.21285140562249
M10,11,480,1792 Jun,3.2345013477088944
M10,11,481,1792 Jul,3.2042723631508676
M10,11,482,1792 Aug,3.3519553072625694
M10,11,483,1792 Sep,3.3287101248266295
M10,11,484,1792 Oct,3.319502074688797
M10,11,485,1792 Nov,3.8095238095238093
M10,11,486,1792 Dec,3.803486529318542
M10,11,487,1793 Jan,3.9603960396039604
M10,11,488,1793 Feb,4.095563139931741
M10,11,489,1793 Mar,3.9215686274509807
M10,11,490,1793 Apr,3.877221324717286
M10,11,491,1793 May,3.896103896103896
M10,11,492,1793 Jun,3.864734299516908
M10,11,493,1793 Jul,3.864734299516908
M10,11,494,1793 Aug,3.947368421052632
M10,11,495,1793 Sep,4.006677796327212
M10,11,496,1793 Oct,4.0472175379426645
M10,11,497,1793 Nov,3.980099502487562
M10,11,498,1793 Dec,4.074702886247877
M10,11,499,1794 Jan,4.452690166975881
M10,11,500,1794 Feb,4.545454545454545
M10,11,501,1794 Mar,4.436229205175601
M10,11,502,1794 Apr,4.2105263157894735
M10,11,503,1794 May,4.2477876106194685
M10,11,504,1794 Jun,4.411764705882353
M10,11,505,1794 Jul,4.452690166975881
M10,11,506,1794 Aug,4.477611940298508
M10,11,507,1794 Sep,4.6421663442940035
M10,11,508,1794 Oct,4.49438202247191
M10,11,509,1794 Nov,4.37956204379562
M10,11,510,1794 Dec,4.615384615384616
M10,11,511,1795 Jan,4.790419161676647
M10,11,512,1795 Feb,4.780876494023904
M10,11,513,1795 Mar,4.838709677419354
M10,11,514,1795 Apr,4.571428571428571
M10,11,515,1795 May,4.511278195488721
M10,11,516,1795 Jun,4.419889502762431
M10,11,517,1795 Jul,4.49438202247191
M10,11,518,1795 Aug,4.436229205175601
M10,11,519,1795 Sep,4.363636363636363
M10,11,520,1795 Oct,4.371584699453551
M10,11,521,1795 Nov,4.395604395604395
M10,11,522,1795 Dec,4.278074866310161
M10,11,523,1796 Jan,4.395604395604395
M10,11,524,1796 Feb,4.428044280442805
M10,11,525,1796 Mar,4.3399638336347195
M10,11,526,1796 Apr,4.50281425891182
M10,11,527,1796 May,4.660194174757281
M10,11,528,1796 Jun,4.705882352941177
M10,11,529,1796 Jul,4.9689440993788825
M10,11,530,1796 Aug,5.405405405405405
M10,11,531,1796 Sep,5.194805194805195
M10,11,532,1796 Oct,5.228758169934641
M10,11,533,1796 Nov,5.3215077605321515
M10,11,534,1796 Dec,5.4421768707483
M10,11,535,1797 Jan,5.417607223476298
M10,11,536,1797 Feb,5.783132530120482
M10,11,537,1797 Mar,5.985037406483791
M10,11,538,1797 Apr,6.21761658031088
M10,11,539,1797 May,6.266318537859009
M10,11,540,1797 Jun,5.517241379310345
M10,11,541,1797 Jul,5.660377358490566
M10,11,542,1797 Aug,5.727923627684964
M10,11,543,1797 Sep,6.0606060606060606
M10,11,544,1797 Oct,6.091370558375634
M10,11,545,1797 Nov,6.091370558375634
M10,11,546,1797 Dec,6.0606060606060606
M10,11,547,1798 Jan,6.299212598425196
M10,11,548,1798 Feb,6.015037593984962
M10,11,549,1798 Mar,6.015037593984962
M10,11,550,1798 Apr,6.21761658031088
M10,11,551,1798 May,6.0606060606060606
M10,11,552,1798 Jun,6.091370558375634
M10,11,553,1798 Jul,6.0
M10,11,554,1798 Aug,6.0
M10,11,555,1798 Sep,5.9405940594059405
M10,11,556,1798 Oct,5.3452115812917596
M10,11,557,1798 Nov,5.700712589073634
M10,11,558,1798 Dec,5.491990846681922
M10,11,559,1799 Jan,5.673758865248227
M10,11,560,1799 Feb,5.555555555555555
M10,11,561,1799 Mar,5.607476635514018
M10,11,562,1799 Apr,5.405405405405405
M10,11,563,1799 May,5.357142857142858
M10,11,564,1799 Jun,4.848484848484849
M10,11,565,1799 Jul,4.733727810650888
M10,11,566,1799 Aug,4.50281425891182
M10,11,567,1799 Sep,4.948453608247423
M10,11,568,1799 Oct,4.938271604938272
M10,11,569,1799 Nov,4.733727810650888
M10,11,570,1799 Dec,4.761904761904762
M10,11,571,1800 Jan,4.9689440993788825
M10,11,572,1800 Feb,4.752475247524753
M10,11,573,1800 Mar,4.733727810650888
M10,11,574,1800 Apr,4.743083003952569
M10,11,575,1800 May,4.6875
M10,11,576,1800 Jun,4.624277456647399
M10,11,577,1800 Jul,4.615384615384616
M10,11,578,1800 Aug,4.562737642585551
M10,11,579,1800 Sep,4.545454545454545
M10,11,580,1800 Oct,4.705882352941177
M10,11,581,1800 Nov,4.724409448818898
M10,11,582,1800 Dec,4.771371769383698
M10,11,583,1801 Jan,5.206073752711497
M10,11,584,1801 Feb,5.369127516778523
M10,11,585,1801 Mar,5.183585313174946
M10,11,586,1801 Apr,4.8979591836734695
M10,11,587,1801 May,4.9079754601226995
M10,11,588,1801 Jun,4.848484848484849
M10,11,589,1801 Jul,5.128205128205128
M10,11,590,1801 Aug,4.958677685950414
M10,11,591,1801 Sep,5.1063829787234045
M10,11,592,1801 Oct,4.4036697247706424
M10,11,593,1801 Nov,4.444444444444445
M10,11,594,1801 Dec,4.3557168784029034
M10,11,595,1802 Jan,4.371584699453551
M10,11,596,1802 Feb,4.3399638336347195
M10,11,597,1802 Mar,4.2477876106194685
M10,11,598,1802 Apr,3.902439024390244
M10,11,599,1802 May,3.9538714991762767
M10,11,600,1802 Jun,3.98671096345515
M10,11,601,1802 Jul,4.181184668989547
M10,11,602,1802 Aug,4.4609665427509295
M10,11,603,1802 Sep,4.324324324324325
M10,11,604,1802 Oct,4.395604395604395
M10,11,605,1802 Nov,4.452690166975881
M10,11,606,1802 Dec,4.088586030664395
M10,11,607,1803 Jan,4.240282685512367
M10,11,608,1803 Feb,4.21792618629174
M10,11,609,1803 Mar,4.828973843058351
M10,11,610,1803 Apr,4.752475247524753
M10,11,611,1803 May,5.0
M10,11,612,1803 Jun,5.240174672489083
M10,11,613,1803 Jul,5.755395683453237
M10,11,614,1803 Aug,5.542725173210162
M10,11,615,1803 Sep,5.7142857142857135
M10,11,616,1803 Oct,5.594405594405594
M10,11,617,1803 Nov,5.5045871559633035
M10,11,618,1803 Dec,5.3452115812917596
M10,11,619,1804 Jan,5.381165919282512
M10,11,620,1804 Feb,5.393258426966292
M10,11,621,1804 Mar,5.3097345132743365
M10,11,622,1804 Apr,5.357142857142858
M10,11,623,1804 May,5.357142857142858
M10,11,624,1804 Jun,5.25164113785558
M10,11,625,1804 Jul,5.117270788912579
M10,11,626,1804 Aug,5.263157894736842
M10,11,627,1804 Sep,5.240174672489083
M10,11,628,1804 Oct,5.217391304347826
M10,11,629,1804 Nov,5.117270788912579
M10,11,630,1804 Dec,5.042016806722689
M10,11,631,1805 Jan,4.918032786885246
M10,11,632,1805 Feb,5.172413793103448
M10,11,633,1805 Mar,5.161290322580645
M10,11,634,1805 Apr,5.161290322580645
M10,11,635,1805 May,5.063291139240507
M10,11,636,1805 Jun,5.02092050209205
M10,11,637,1805 Jul,5.117270788912579
M10,11,638,1805 Aug,5.150214592274678
M10,11,639,1805 Sep,5.1063829787234045
M10,11,640,1805 Oct,5.063291139240507
M10,11,641,1805 Nov,4.918032786885246
M10,11,642,1805 Dec,4.979253112033195
M10,11,643,1806 Jan,4.9281314168377826
M10,11,644,1806 Feb,5.010438413361169
M10,11,645,1806 Mar,4.948453608247423
M10,11,646,1806 Apr,4.98960498960499
M10,11,647,1806 May,4.887983706720978
M10,11,648,1806 Jun,4.743083003952569
M10,11,649,1806 Jul,4.6875
M10,11,650,1806 Aug,4.771371769383698
M10,11,651,1806 Sep,4.752475247524753
M10,11,652,1806 Oct,4.8979591836734695
M10,11,653,1806 Nov,5.063291139240507
M10,11,654,1806 Dec,4.9689440993788825
M10,11,655,1807 Jan,4.838709677419354
M10,11,656,1807 Feb,4.809619238476954
M10,11,657,1807 Mar,4.828973843058351
M10,11,658,1807 Apr,4.733727810650888
M10,11,659,1807 May,4.715127701375245
M10,11,660,1807 Jun,4.6966731898238745
M10,11,661,1807 Jul,4.838709677419354
M10,11,662,1807 Aug,4.800000000000001
M10,11,663,1807 Sep,4.780876494023904
M10,11,664,1807 Oct,4.780876494023904
M10,11,665,1807 Nov,4.6966731898238745
M10,11,666,1807 Dec,4.669260700389105
M10,11,667,1808 Jan,4.724409448818898
M10,11,668,1808 Feb,4.6966731898238745
M10,11,669,1808 Mar,4.6421663442940035
M10,11,670,1808 Apr,4.50281425891182
M10,11,671,1808 May,4.4036697247706424
M10,11,672,1808 Jun,4.301075268817204
M10,11,673,1808 Jul,4.411764705882353
M10,11,674,1808 Aug,4.562737642585551
M10,11,675,1808 Sep,4.545454545454545
M10,11,676,1808 Oct,4.4692737430167595
M10,11,677,1808 Nov,4.519774011299435
M10,11,678,1808 Dec,4.485981308411215
M10,11,679,1809 Jan,4.50281425891182
M10,11,680,1809 Feb,4.428044280442805
M10,11,681,1809 Mar,4.452690166975881
M10,11,682,1809 Apr,4.428044280442805
M10,11,683,1809 May,4.4036697247706424
M10,11,684,1809 Jun,4.332129963898917
M10,11,685,1809 Jul,4.411764705882353
M10,11,686,1809 Aug,4.395604395604395
M10,11,687,1809 Sep,4.395604395604395
M10,11,688,1809 Oct,4.332129963898917
M10,11,689,1809 Nov,4.285714285714286
M10,11,690,1809 Dec,4.240282685512367
M10,11,691,1810 Jan,4.419889502762431
M10,11,692,1810 Feb,4.419889502762431
M10,11,693,1810 Mar,4.3557168784029034
M10,11,694,1810 Apr,4.278074866310161
M10,11,695,1810 May,4.262877442273535
M10,11,696,1810 Jun,4.2105263157894735
M10,11,697,1810 Jul,4.363636363636363
M10,11,698,1810 Aug,4.4036697247706424
M10,11,699,1810 Sep,4.6875
M10,11,700,1810 Oct,4.545454545454545
M10,11,701,1810 Nov,4.485981308411215
M10,11,702,1810 Dec,4.4692737430167595
M10,11,703,1811 Jan,4.5540796963946875
M10,11,704,1811 Feb,4.562737642585551
M10,11,705,1811 Mar,4.624277456647399
M10,11,706,1811 Apr,4.633204633204633
M10,11,707,1811 May,4.660194174757281
M10,11,708,1811 Jun,4.705882352941177
M10,11,709,1811 Jul,4.828973843058351
M10,11,710,1811 Aug,4.678362573099415
M10,11,711,1811 Sep,4.715127701375245
M10,11,712,1811 Oct,4.678362573099415
M10,11,713,1811 Nov,4.724409448818898
M10,11,714,1811 Dec,4.724409448818898
M10,11,715,1812 Jan,4.780876494023904
M10,11,716,1812 Feb,4.878048780487805
M10,11,717,1812 Mar,4.828973843058351
M10,11,718,1812 Apr,4.958677685950414
M10,11,719,1812 May,4.8979591836734695
M10,11,720,1812 Jun,4.9079754601226995
M10,11,721,1812 Jul,5.298013245033112
M10,11,722,1812 Aug,5.084745762711864
M10,11,723,1812 Sep,5.274725274725275
M10,11,724,1812 Oct,5.1063829787234045
M10,11,725,1812 Nov,5.139186295503212
M10,11,726,1812 Dec,5.0
M10,11,727,1813 Jan,5.063291139240507
M10,11,728,1813 Feb,5.128205128205128
M10,11,729,1813 Mar,5.084745762711864
M10,11,730,1813 Apr,5.02092050209205
M10,11,731,1813 May,5.139186295503212
M10,11,732,1813 Jun,5.194805194805195
M10,11,733,1813 Jul,5.194805194805195
M10,11,734,1813 Aug,5.274725274725275
M10,11,735,1813 Sep,5.1063829787234045
M10,11,736,1813 Oct,5.172413793103448
M10,11,737,1813 Nov,5.0
M10,11,738,1813 Dec,4.979253112033195
M10,11,739,1814 Jan,4.479283314669653
M10,11,740,1814 Feb,4.262877442273535
M10,11,741,1814 Mar,4.780876494023904
M10,11,742,1814 Apr,4.444444444444445
M10,11,743,1814 May,4.444444444444445
M10,11,744,1814 Jun,4.444444444444445
M10,11,745,1814 Jul,4.4609665427509295
M10,11,746,1814 Aug,4.597701149425287
M10,11,747,1814 Sep,4.597701149425287
M10,11,748,1814 Oct,4.669260700389105
M10,11,749,1814 Nov,4.545454545454545
M10,11,750,1814 Dec,4.536862003780718
M10,11,751,1815 Jan,4.597701149425287
M10,11,752,1815 Feb,4.6966731898238745
M10,11,753,1815 Mar,5.150214592274678
M10,11,754,1815 Apr,5.25164113785558
M10,11,755,1815 May,5.052631578947368
M10,11,756,1815 Jun,5.084745762711864
M10,11,757,1815 Jul,5.286343612334802
M10,11,758,1815 Aug,5.3215077605321515
M10,11,759,1815 Sep,5.25164113785558
M10,11,760,1815 Oct,4.918032786885246
M10,11,761,1815 Nov,4.9079754601226995
M10,11,762,1815 Dec,4.9079754601226995
M10,11,763,1816 Jan,4.8582995951417
M10,11,764,1816 Feb,4.8582995951417
M10,11,765,1816 Mar,4.98960498960499
M10,11,766,1816 Apr,4.809619238476954
M10,11,767,1816 May,4.669260700389105
M10,11,768,1816 Jun,4.669260700389105
M10,11,769,1816 Jul,4.743083003952569
M10,11,770,1816 Aug,4.86815415821501
M10,11,771,1816 Sep,4.878048780487805
M10,11,772,1816 Oct,4.848484848484849
M10,11,773,1816 Nov,4.761904761904762
M10,11,774,1816 Dec,4.761904761904762
M10,11,775,1817 Jan,4.724409448818898
M10,11,776,1817 Feb,4.452690166975881
M10,11,777,1817 Mar,4.18848167539267
M10,11,778,1817 Apr,4.15944540727903
M10,11,779,1817 May,4.102564102564102
M10,11,780,1817 Jun,4.10958904109589
M10,11,781,1817 Jul,3.8585209003215435
M10,11,782,1817 Aug,3.79746835443038
M10,11,783,1817 Sep,3.7037037037037033
M10,11,784,1817 Oct,3.6418816388467374
M10,11,785,1817 Nov,3.598200899550225
M10,11,786,1817 Dec,3.598200899550225
M10,11,787,1818 Jan,3.803486529318542
M10,11,788,1818 Feb,3.761755485893417
M10,11,789,1818 Mar,3.8095238095238093
M10,11,790,1818 Apr,3.7735849056603774
M10,11,791,1818 May,3.79746835443038
M10,11,792,1818 Jun,3.79746835443038
M10,11,793,1818 Jul,3.883495145631068
M10,11,794,1818 Aug,4.054054054054054
M10,11,795,1818 Sep,4.020100502512563
M10,11,796,1818 Oct,3.864734299516908
M10,11,797,1818 Nov,3.8338658146964857
M10,11,798,1818 Dec,3.7914691943127963
M10,11,799,1819 Jan,3.821656050955414
M10,11,800,1819 Feb,4.10958904109589
M10,11,801,1819 Mar,4.040404040404041
M10,11,802,1819 Apr,4.166666666666666
M10,11,803,1819 May,4.4692737430167595
M10,11,804,1819 Jun,4.528301886792454
M10,11,805,1819 Jul,4.203152364273205
M10,11,806,1819 Aug,4.18848167539267
M10,11,807,1819 Sep,4.316546762589928
M10,11,808,1819 Oct,4.511278195488721
M10,11,809,1819 Nov,4.436229205175601
M10,11,810,1819 Dec,4.477611940298508
M10,11,811,1820 Jan,4.419889502762431
M10,11,812,1820 Feb,4.395604395604395
M10,11,813,1820 Mar,4.371584699453551
M10,11,814,1820 Apr,4.316546762589928
M10,11,815,1820 May,4.308797127468582
M10,11,816,1820 Jun,4.293381037567084
M10,11,817,1820 Jul,4.37956204379562
M10,11,818,1820 Aug,4.444444444444445
M10,11,819,1820 Sep,4.528301886792454
M10,11,820,1820 Oct,4.419889502762431
M10,11,821,1820 Nov,4.324324324324325
M10,11,822,1820 Dec,4.308797127468582
M10,11,823,1821 Jan,4.195804195804196
M10,11,824,1821 Feb,4.11663807890223
M10,11,825,1821 Mar,4.173913043478261
M10,11,826,1821 Apr,4.1450777202072535
M10,11,827,1821 May,3.9087947882736156
M10,11,828,1821 Jun,3.9151712887438825
M10,11,829,1821 Jul,4.033613445378151
M10,11,830,1821 Aug,3.947368421052632
M10,11,831,1821 Sep,3.927986906710311
M10,11,832,1821 Oct,3.870967741935484
M10,11,833,1821 Nov,3.870967741935484
M10,11,834,1821 Dec,3.883495145631068
M10,11,835,1822 Jan,3.940886699507389
M10,11,836,1822 Feb,3.8155802861685215
M10,11,837,1822 Mar,3.7735849056603774
M10,11,838,1822 Apr,3.821656050955414
M10,11,839,1822 May,3.779527559055118
M10,11,840,1822 Jun,3.7735849056603774
M10,11,841,1822 Jul,3.7325038880248833
M10,11,842,1822 Aug,3.7325038880248833
M10,11,843,1822 Sep,3.686635944700461
M10,11,844,1822 Oct,3.6418816388467374
M10,11,845,1822 Nov,3.6979969183359014
M10,11,846,1822 Dec,3.767660910518053
M10,11,847,1823 Jan,4.004805766920304
M10,11,848,1823 Feb,4.12785337864799
M10,11,849,1823 Mar,4.0841887439758215
M10,11,850,1823 Apr,3.9106800672636974
M10,11,851,1823 May,3.765391035859074
M10,11,852,1823 Jun,3.7352457791722693
M10,11,853,1823 Jul,3.638039339332056
M10,11,854,1823 Aug,3.650656509728999
M10,11,855,1823 Sep,3.63865709295556
M10,11,856,1823 Oct,3.6736343264391462
M10,11,857,1823 Nov,3.6118468576932337
M10,11,858,1823 Dec,3.521870817778404
M10,11,859,1824 Jan,3.3178867273471284
M10,11,860,1824 Feb,3.2630685897017555
M10,11,861,1824 Mar,3.1929499664740257
M10,11,862,1824 Apr,3.16058955530505
M10,11,863,1824 May,3.2021176671505422
M10,11,864,1824 Jun,3.1844767373974334
M10,11,865,1824 Jul,3.26811625778901
M10,11,866,1824 Aug,3.227784771311449
M10,11,867,1824 Sep,3.1842063365706097
M10,11,868,1824 Oct,3.156100742735708
M10,11,869,1824 Nov,3.193153878085385
M10,11,870,1824 Dec,3.1844767373974334
M10,11,871,1825 Jan,3.215123943028004
M10,11,872,1825 Feb,3.2059159836284556
M10,11,873,1825 Mar,3.246015515954166
M10,11,874,1825 Apr,3.290195218249616
M10,11,875,1825 May,3.4062652572297982
M10,11,876,1825 Jun,3.325057634332328
M10,11,877,1825 Jul,3.3499341179623467
M10,11,878,1825 Aug,3.3773895030734247
M10,11,879,1825 Sep,3.4367804240987043
M10,11,880,1825 Oct,3.4603672603118945
M10,11,881,1825 Nov,3.616244168806278
M10,11,882,1825 Dec,3.716735219782943
M10,11,883,1826 Jan,3.7409748980584343
M10,11,884,1826 Feb,3.9235688782516576
M10,11,885,1826 Mar,3.789266271740915
M10,11,886,1826 Apr,3.8491640898651514
M10,11,887,1826 May,3.84216390671226
M10,11,888,1826 Jun,3.8897893030794166
M10,11,889,1826 Jul,3.8740669955319094
M10,11,890,1826 Aug,3.84201629014907
M10,11,891,1826 Sep,3.776815389263773
M10,11,892,1826 Oct,3.7061744866948336
M10,11,893,1826 Nov,3.6433411867576693
M10,11,894,1826 Dec,3.8128161460054395
M10,11,895,1827 Jan,3.805850861390912
M10,11,896,1827 Feb,3.6487916418346127
M10,11,897,1827 Mar,3.6561288907304945
M10,11,898,1827 Apr,3.644226330749982
M10,11,899,1827 May,3.6545255207698863
M10,11,900,1827 Jun,3.5235667892084894
M10,11,901,1827 Jul,3.4603672603118945
M10,11,902,1827 Aug,3.466805338880222
M10,11,903,1827 Sep,3.4860615638472177
M10,11,904,1827 Oct,3.4303748256226134
M10,11,905,1827 Nov,3.601743243729965
M10,11,906,1827 Dec,3.63901018922853
M10,11,907,1828 Jan,3.50050173858253
M10,11,908,1828 Feb,3.617857745833434
M10,11,909,1828 Mar,3.633456870866943
M10,11,910,1828 Apr,3.5362763010549894
M10,11,911,1828 May,3.537861009233817
M10,11,912,1828 Jun,3.4243448086932697
M10,11,913,1828 Jul,3.4845229107381384
M10,11,914,1828 Aug,3.44621605477186
M10,11,915,1828 Sep,3.4355209967591587
M10,11,916,1828 Oct,3.5123458958238207
M10,11,917,1828 Nov,3.501196242049367
M10,11,918,1828 Dec,3.497237182625726
M10,11,919,1829 Jan,3.4512113751926927
M10,11,920,1829 Feb,3.4657640276799015
M10,11,921,1829 Mar,3.4600479793319803
M10,11,922,1829 Apr,3.439499208915182
M10,11,923,1829 May,3.4410772865958568
M10,11,924,1829 Jun,3.4502587694077054
M10,11,925,1829 Jul,3.3883756127312568
M10,11,926,1829 Aug,3.4262220191868433
M10,11,927,1829 Sep,3.3771613832853027
M10,11,928,1829 Oct,3.3316304999666833
M10,11,929,1829 Nov,3.2321316985929456
M10,11,930,1829 Dec,3.21236976517577
M10,11,931,1830 Jan,3.2458399151753836
M10,11,932,1830 Feb,3.2942054925386244
M10,11,933,1830 Mar,3.266657229656892
M10,11,934,1830 Apr,3.2814858567959573
M10,11,935,1830 May,3.27636105498826
M10,11,936,1830 Jun,3.3027644138143626
M10,11,937,1830 Jul,3.313233052812935
M10,11,938,1830 Aug,3.3033099165363695
M10,11,939,1830 Sep,3.429943405933802
M10,11,940,1830 Oct,3.6175523640704697
M10,11,941,1830 Nov,3.6888571920419055
M10,11,942,1830 Dec,3.7114014251781478
M10,11,943,1831 Jan,3.7297660193450533
M10,11,944,1831 Feb,3.860904481223135
M10,11,945,1831 Mar,3.8353362311429304
M10,11,946,1831 Apr,3.8434437255781178
M10,11,947,1831 May,3.6331488501083893
M10,11,948,1831 Jun,3.6900822888350406
M10,11,949,1831 Jul,3.6394958085139937
M10,11,950,1831 Aug,3.677552221241542
M10,11,951,1831 Sep,3.719039000322317
M10,11,952,1831 Oct,3.666898903597228
M10,11,953,1831 Nov,3.6492354851658577
M10,11,954,1831 Dec,3.639716587401727
M10,11,955,1832 Jan,3.649901452660778
M10,11,956,1832 Feb,3.6546145599844073
M10,11,957,1832 Mar,3.634205138766066
M10,11,958,1832 Apr,3.568497305784534
M10,11,959,1832 May,3.562395354636458
M10,11,960,1832 Jun,3.6086752553137744
M10,11,961,1832 Jul,3.6113685883160187
M10,11,962,1832 Aug,3.580593184937638
M10,11,963,1832 Sep,3.601137959595232
M10,11,964,1832 Oct,3.611020835590222
M10,11,965,1832 Nov,3.667795532625041
M10,11,966,1832 Dec,3.5651047546613746
M10,11,967,1833 Jan,3.4648433890788137
M10,11,968,1833 Feb,3.4343804377690264
M10,11,969,1833 Mar,3.465723989741457
M10,11,970,1833 Apr,3.455027064378671
M10,11,971,1833 May,3.407542026351658
M10,11,972,1833 Jun,3.410059676044331
M10,11,973,1833 Jul,3.382034632034632
M10,11,974,1833 Aug,3.4125810487999093
M10,11,975,1833 Sep,3.43092406221409
M10,11,976,1833 Oct,3.479793996195425
M10,11,977,1833 Nov,3.4412746481296668
M10,11,978,1833 Dec,3.4306101911993414
M10,11,979,1834 Jan,3.383713061132416
M10,11,980,1834 Feb,3.3175931967222176
M10,11,981,1834 Mar,3.3211925295309372
M10,11,982,1834 Apr,3.3208616529035404
M10,11,983,1834 May,3.290447829949656
M10,11,984,1834 Jun,3.297319279425827
M10,11,985,1834 Jul,3.302618976848641
M10,11,986,1834 Aug,3.3688182185689257
M10,11,987,1834 Sep,3.3445561773952597
M10,11,988,1834 Oct,3.30895734753979
M10,11,989,1834 Nov,3.3403852577663957
M10,11,990,1834 Dec,3.314990386527879
M10,11,991,1835 Jan,3.2549257876920406
M10,11,992,1835 Feb,3.312684268062411
M10,11,993,1835 Mar,3.298370604921169
M10,11,994,1835 Apr,3.266301566735985
M10,11,995,1835 May,3.3498219011355896
M10,11,996,1835 Jun,3.3398274422488172
M10,11,997,1835 Jul,3.3412037243284183
M10,11,998,1835 Aug,3.359086328518643
M10,11,999,1835 Sep,3.3164929192876174
M10,11,1000,1835 Oct,3.32240630814211
M10,11,1001,1835 Nov,3.3262004811903365
M10,11,1002,1835 Dec,3.3312605489917386
M10,11,1003,1836 Jan,3.3038919847580446
M10,11,1004,1836 Feb,3.2851151432857724
M10,11,1005,1836 Mar,3.299749219059352
M10,11,1006,1836 Apr,3.3038919847580446
M10,11,1007,1836 May,3.3077533739084415
M10,11,1008,1836 Jun,3.3131232813172975
M10,11,1009,1836 Jul,3.299277458236646
M10,11,1010,1836 Aug,3.3167129163856677
M10,11,1011,1836 Sep,3.3930510314875137
M10,11,1012,1836 Oct,3.41635065423115
M10,11,1013,1836 Nov,3.4900359473702576
M10,11,1014,1836 Dec,3.4136683279852527
M10,11,1015,1837 Jan,3.354091432532451
M10,11,1016,1837 Feb,3.3534165725847016
M10,11,1017,1837 Mar,3.3502333995935047
M10,11,1018,1837 Apr,3.344891792750505
M10,11,1019,1837 May,3.3396043682025134
M10,11,1020,1837 Jun,3.32719650422554
M10,11,1021,1837 Jul,3.2809116559854763
M10,11,1022,1837 Aug,3.289149097128573
M10,11,1023,1837 Sep,3.290411740189089
M10,11,1024,1837 Oct,3.262784677963152
M10,11,1025,1837 Nov,3.2531962653306876
M10,11,1026,1837 Dec,3.303710066404572
M10,11,1027,1838 Jan,3.262607258213614
M10,11,1028,1838 Feb,3.25754120789628
M10,11,1029,1838 Mar,3.2457345638273702
M10,11,1030,1838 Apr,3.240720736291751
M10,11,1031,1838 May,3.218366142788178
M10,11,1032,1838 Jun,3.2054364201686063
M10,11,1033,1838 Jul,3.201844262295082
M10,11,1034,1838 Aug,3.2073555353610947
M10,11,1035,1838 Sep,3.2238305554660047
M10,11,1036,1838 Oct,3.2187459765675297
M10,11,1037,1838 Nov,3.2417362739483266
M10,11,1038,1838 Dec,3.2497427287006446
M10,11,1039,1839 Jan,3.2490740139060366
M10,11,1040,1839 Feb,3.2484407484407485
M10,11,1041,1839 Mar,3.26726203441516
M10,11,1042,1839 Apr,3.253619651862697
M10,11,1043,1839 May,3.246226261970459
M10,11,1044,1839 Jun,3.2691846653444627
M10,11,1045,1839 Jul,3.2713949227950803
M10,11,1046,1839 Aug,3.3133428315827835
M10,11,1047,1839 Sep,3.3588982813637127
M10,11,1048,1839 Oct,3.350532734704818
M10,11,1049,1839 Nov,3.354691536113254
M10,11,1050,1839 Dec,3.315283456735551
M10,11,1051,1840 Jan,3.2908809688353573
M10,11,1052,1840 Feb,3.3312975403919824
M10,11,1053,1840 Mar,3.339864624153901
M10,11,1054,1840 Apr,3.340980466400873
M10,11,1055,1840 May,3.2811987312698236
M10,11,1056,1840 Jun,3.283497143357485
M10,11,1057,1840 Jul,3.3458617266877084
M10,11,1058,1840 Aug,3.363794360038123
M10,11,1059,1840 Sep,3.4351669491137273
M10,11,1060,1840 Oct,3.456380478363058
M10,11,1061,1840 Nov,3.368213050702834
M10,11,1062,1840 Dec,3.400473799349376
M10,11,1063,1841 Jan,3.3594248664628616
M10,11,1064,1841 Feb,3.406419966162895
M10,11,1065,1841 Mar,3.410563652486301
M10,11,1066,1841 Apr,3.3642847530614994
M10,11,1067,1841 May,3.3778078027360245
M10,11,1068,1841 Jun,3.358221485901067
M10,11,1069,1841 Jul,3.3596129725855577
M10,11,1070,1841 Aug,3.368213050702834
M10,11,1071,1841 Sep,3.3816152849010876
M10,11,1072,1841 Oct,3.4461368805568955
M10,11,1073,1841 Nov,3.4109902104580963
M10,11,1074,1841 Dec,3.364511136531862
M10,11,1075,1842 Jan,3.4165062806773796
M10,11,1076,1842 Feb,3.382110888142319
M10,11,1077,1842 Mar,3.371582058688005
M10,11,1078,1842 Apr,3.272251308900523
M10,11,1079,1842 May,3.285043198318058
M10,11,1080,1842 Jun,3.2873830239540647
M10,11,1081,1842 Jul,3.299277458236646
M10,11,1082,1842 Aug,3.253760805197341
M10,11,1083,1842 Sep,3.259416998946122
M10,11,1084,1842 Oct,3.2323058192279097
M10,11,1085,1842 Nov,3.20996372740988
M10,11,1086,1842 Dec,3.1884027165191147
M10,11,1087,1843 Jan,3.172320446662719
M10,11,1088,1843 Feb,3.1467651254510365
M10,11,1089,1843 Mar,3.1194434912811553
M10,11,1090,1843 Apr,3.1392574609685657
M10,11,1091,1843 May,3.1676979283255546
M10,11,1092,1843 Jun,3.1914893617021276
M10,11,1093,1843 Jul,3.2063956906041917
M10,11,1094,1843 Aug,3.2014000789678687
M10,11,1095,1843 Sep,3.1813698978780263
M10,11,1096,1843 Oct,3.1680324406521922
M10,11,1097,1843 Nov,3.1673300463485963
M10,11,1098,1843 Dec,3.101608701046276
M10,11,1099,1844 Jan,3.086356247813831
M10,11,1100,1844 Feb,3.0937084282929947
M10,11,1101,1844 Mar,3.0594138163127944
M10,11,1102,1844 Apr,3.035607678063687
M10,11,1103,1844 May,3.0522545987302623
M10,11,1104,1844 Jun,3.043892936139126
M10,11,1105,1844 Jul,3.0202659847577245
M10,11,1106,1844 Aug,3.0637880675667395
M10,11,1107,1844 Sep,3.0206917384080954
M10,11,1108,1844 Oct,3.0291403299743536
M10,11,1109,1844 Nov,3.009721400122395
M10,11,1110,1844 Dec,2.990341197930684
M10,11,1111,1845 Jan,3.0064638973793656
M10,11,1112,1845 Feb,3.0248948849027495
M10,11,1113,1845 Mar,3.024345985180705
M10,11,1114,1845 Apr,3.058478101296795
M10,11,1115,1845 May,3.048068032878494
M10,11,1116,1845 Jun,3.0333670374115265
M10,11,1117,1845 Jul,3.035300545342331
M10,11,1118,1845 Aug,3.0518199019348535
M10,11,1119,1845 Sep,3.078564978244808
M10,11,1120,1845 Oct,3.123763510277182
M10,11,1121,1845 Nov,3.223726627981947
M10,11,1122,1845 Dec,3.1551713258029914
M10,11,1123,1846 Jan,3.168969451134491
M10,11,1124,1846 Feb,3.131164480070138
M10,11,1125,1846 Mar,3.146996192134608
M10,11,1126,1846 Apr,3.1480529292632506
M10,11,1127,1846 May,3.147722622682489
M10,11,1128,1846 Jun,3.17490554655999
M10,11,1129,1846 Jul,3.131916315196058
M10,11,1130,1846 Aug,3.1393888656341566
M10,11,1131,1846 Sep,3.1718508807172614
M10,11,1132,1846 Oct,3.215571943062939
M10,11,1133,1846 Nov,3.197680615660108
M10,11,1134,1846 Dec,3.183935981660529
M10,11,1135,1847 Jan,3.285834766322384
M10,11,1136,1847 Feb,3.344705331460298
M10,11,1137,1847 Mar,3.381729641987555
M10,11,1138,1847 Apr,3.4763665017323895
M10,11,1139,1847 May,3.450655624568668
M10,11,1140,1847 Jun,3.397854820989682
M10,11,1141,1847 Jul,3.3928591624161677
M10,11,1142,1847 Aug,3.460487005871293
M10,11,1143,1847 Sep,3.5050823694356814
M10,11,1144,1847 Oct,3.747470457441227
M10,11,1145,1847 Nov,3.5735131207490087
M10,11,1146,1847 Dec,3.5322791442465062
M10,11,1147,1848 Jan,3.359086328518643
M10,11,1148,1848 Feb,3.4352456200618344
M10,11,1149,1848 Mar,3.7075485688862524
M10,11,1150,1848 Apr,3.683919690550746
M10,11,1151,1848 May,3.610977371208474
M10,11,1152,1848 Jun,3.5415781272134863
M10,11,1153,1848 Jul,3.4959738035029657
M10,11,1154,1848 Aug,3.479915090071802
M10,11,1155,1848 Sep,3.522201610820203
M10,11,1156,1848 Oct,3.5473152735571296
M10,11,1157,1848 Nov,3.479592191795122
M10,11,1158,1848 Dec,3.3892560582952043
M10,11,1159,1849 Jan,3.2894376158156162
M10,11,1160,1849 Feb,3.2355827823854875
M10,11,1161,1849 Mar,3.2812346192127224
M10,11,1162,1849 Apr,3.2940969782150384
M10,11,1163,1849 May,3.3346301339409767
M10,11,1164,1849 Jun,3.275430992128048
M10,11,1165,1849 Jul,3.2276805887289393
M10,11,1166,1849 Aug,3.259629488781442
M10,11,1167,1849 Sep,3.263281555932646
M10,11,1168,1849 Oct,3.2713949227950803
M10,11,1169,1849 Nov,3.1773602491050434
M10,11,1170,1849 Dec,3.12966189219358
M10,11,1171,1850 Jan,3.126
M10,11,1172,1850 Feb,3.172
M10,11,1173,1850 Mar,3.155
M10,11,1174,1850 Apr,3.159
M10,11,1175,1850 May,3.15
M10,11,1176,1850 Jun,3.127
M10,11,1177,1850 Jul,3.106
M10,11,1178,1850 Aug,3.126
M10,11,1179,1850 Sep,3.13
M10,11,1180,1850 Oct,3.118
M10,11,1181,1850 Nov,3.142
M10,11,1182,1850 Dec,3.107
M10,11,1183,1851 Jan,3.109
M10,11,1184,1851 Feb,3.134
M10,11,1185,1851 Mar,3.13
M10,11,1186,1851 Apr,3.126
M10,11,1187,1851 May,3.102
M10,11,1188,1851 Jun,3.091
M10,11,1189,1851 Jul,3.106
M10,11,1190,1851 Aug,3.142
M10,11,1191,1851 Sep,3.134
M10,11,1192,1851 Oct,3.101
M10,11,1193,1851 Nov,3.078
M10,11,1194,1851 Dec,3.091
M10,11,1195,1852 Jan,3.118
M10,11,1196,1852 Feb,3.104
M10,11,1197,1852 Mar,3.062
M10,11,1198,1852 Apr,3.046
M10,11,1199,1852 May,3.039
M10,11,1200,1852 Jun,2.976
M10,11,1201,1852 Jul,2.997
M10,11,1202,1852 Aug,3.012
M10,11,1203,1852 Sep,3.02
M10,11,1204,1852 Oct,3.02
M10,11,1205,1852 Nov,2.997
M10,11,1206,1852 Dec,2.983
M10,11,1207,1853 Jan,3.023
M10,11,1208,1853 Feb,3.023
M10,11,1209,1853 Mar,3.031
M10,11,1210,1853 Apr,3.008
M10,11,1211,1853 May,3.02
M10,11,1212,1853 Jun,3.067
M10,11,1213,1853 Jul,3.062
M10,11,1214,1853 Aug,3.074
M10,11,1215,1853 Sep,3.238
M10,11,1216,1853 Oct,3.302
M10,11,1217,1853 Nov,3.175
M10,11,1218,1853 Dec,3.196
M10,11,1219,1854 Jan,3.314
M10,11,1220,1854 Feb,3.288
M10,11,1221,1854 Mar,3.515
M10,11,1222,1854 Apr,3.474
M10,11,1223,1854 May,3.386
M10,11,1224,1854 Jun,3.196
M10,11,1225,1854 Jul,3.253
M10,11,1226,1854 Aug,3.205
M10,11,1227,1854 Sep,3.18
M10,11,1228,1854 Oct,3.205
M10,11,1229,1854 Nov,3.297
M10,11,1230,1854 Dec,3.286
M10,11,1231,1855 Jan,3.302
M10,11,1232,1855 Feb,3.316
M10,11,1233,1855 Mar,3.253
M10,11,1234,1855 Apr,3.415
M10,11,1235,1855 May,3.33
M10,11,1236,1855 Jun,3.295
M10,11,1237,1855 Jul,3.311
M10,11,1238,1855 Aug,3.311
M10,11,1239,1855 Sep,3.42
M10,11,1240,1855 Oct,3.444
M10,11,1241,1855 Nov,3.41
M10,11,1242,1855 Dec,3.397
M10,11,1243,1856 Jan,3.325
M10,11,1244,1856 Feb,3.307
M10,11,1245,1856 Mar,3.266
M10,11,1246,1856 Apr,3.271
M10,11,1247,1856 May,3.209
M10,11,1248,1856 Jun,3.156
M10,11,1249,1856 Jul,3.142
M10,11,1250,1856 Aug,3.172
M10,11,1251,1856 Sep,3.24
M10,11,1252,1856 Oct,3.271
M10,11,1253,1856 Nov,3.22
M10,11,1254,1856 Dec,3.185
M10,11,1255,1857 Jan,3.235
M10,11,1256,1857 Feb,3.218
M10,11,1257,1857 Mar,3.24
M10,11,1258,1857 Apr,3.258
M10,11,1259,1857 May,3.244
M10,11,1260,1857 Jun,3.219
M10,11,1261,1857 Jul,3.33
M10,11,1262,1857 Aug,3.339
M10,11,1263,1857 Sep,3.358
M10,11,1264,1857 Oct,3.42
M10,11,1265,1857 Nov,3.334
M10,11,1266,1857 Dec,3.219
M10,11,1267,1858 Jan,3.159
M10,11,1268,1858 Feb,3.11
M10,11,1269,1858 Mar,3.106
M10,11,1270,1858 Apr,3.11
M10,11,1271,1858 May,3.106
M10,11,1272,1858 Jun,3.135
M10,11,1273,1858 Jul,3.134
M10,11,1274,1858 Aug,3.114
M10,11,1275,1858 Sep,3.106
M10,11,1276,1858 Oct,3.082
M10,11,1277,1858 Nov,3.098
M10,11,1278,1858 Dec,3.103
M10,11,1279,1859 Jan,3.142
M10,11,1280,1859 Feb,3.163
M10,11,1281,1859 Mar,3.146
M10,11,1282,1859 Apr,3.398
M10,11,1283,1859 May,3.3
M10,11,1284,1859 Jun,3.254
M10,11,1285,1859 Jul,3.167
M10,11,1286,1859 Aug,3.165
M10,11,1287,1859 Sep,3.159
M10,11,1288,1859 Oct,3.157
M10,11,1289,1859 Nov,3.159
M10,11,1290,1859 Dec,3.135
M10,11,1291,1860 Jan,3.184
M10,11,1292,1860 Feb,3.174
M10,11,1293,1860 Mar,3.218
M10,11,1294,1860 Apr,3.192
M10,11,1295,1860 May,3.197
M10,11,1296,1860 Jun,3.215
M10,11,1297,1860 Jul,3.222
M10,11,1298,1860 Aug,3.235
M10,11,1299,1860 Sep,3.244
M10,11,1300,1860 Oct,3.262
M10,11,1301,1860 Nov,3.249
M10,11,1302,1860 Dec,3.245
M10,11,1303,1861 Jan,3.289
M10,11,1304,1861 Feb,3.297
M10,11,1305,1861 Mar,3.298
M10,11,1306,1861 Apr,3.302
M10,11,1307,1861 May,3.311
M10,11,1308,1861 Jun,3.359
M10,11,1309,1861 Jul,3.348
M10,11,1310,1861 Aug,3.249
M10,11,1311,1861 Sep,3.244
M10,11,1312,1861 Oct,3.253
M10,11,1313,1861 Nov,3.282
M10,11,1314,1861 Dec,3.239
M10,11,1315,1862 Jan,3.24
M10,11,1316,1862 Feb,3.227
M10,11,1317,1862 Mar,3.222
M10,11,1318,1862 Apr,3.231
M10,11,1319,1862 May,3.244
M10,11,1320,1862 Jun,3.272
M10,11,1321,1862 Jul,3.214
M10,11,1322,1862 Aug,3.231
M10,11,1323,1862 Sep,3.235
M10,11,1324,1862 Oct,3.24
M10,11,1325,1862 Nov,3.24
M10,11,1326,1862 Dec,3.241
M10,11,1327,1863 Jan,3.262
M10,11,1328,1863 Feb,3.262
M10,11,1329,1863 Mar,3.275
M10,11,1330,1863 Apr,3.266
M10,11,1331,1863 May,3.249
M10,11,1332,1863 Jun,3.263
M10,11,1333,1863 Jul,3.227
M10,11,1334,1863 Aug,3.227
M10,11,1335,1863 Sep,3.24
M10,11,1336,1863 Oct,3.253
M10,11,1337,1863 Nov,3.284
M10,11,1338,1863 Dec,3.281
M10,11,1339,1864 Jan,3.325
M10,11,1340,1864 Feb,3.302
M10,11,1341,1864 Mar,3.307
M10,11,1342,1864 Apr,3.319
M10,11,1343,1864 May,3.311
M10,11,1344,1864 Jun,3.345
M10,11,1345,1864 Jul,3.343
M10,11,1346,1864 Aug,3.391
M10,11,1347,1864 Sep,3.44
M10,11,1348,1864 Oct,3.391
M10,11,1349,1864 Nov,3.343
M10,11,1350,1864 Dec,3.35
M10,11,1351,1865 Jan,3.353
M10,11,1352,1865 Feb,3.381
M10,11,1353,1865 Mar,3.367
M10,11,1354,1865 Apr,3.334
M10,11,1355,1865 May,3.343
M10,11,1356,1865 Jun,3.331
M10,11,1357,1865 Jul,3.334
M10,11,1358,1865 Aug,3.358
M10,11,1359,1865 Sep,3.391
M10,11,1360,1865 Oct,3.415
M10,11,1361,1865 Nov,3.386
M10,11,1362,1865 Dec,3.441
M10,11,1363,1866 Jan,3.459
M10,11,1364,1866 Feb,3.444
M10,11,1365,1866 Mar,3.465
M10,11,1366,1866 Apr,3.489
M10,11,1367,1866 May,3.513
M10,11,1368,1866 Jun,3.461
M10,11,1369,1866 Jul,3.405
M10,11,1370,1866 Aug,3.4
M10,11,1371,1866 Sep,3.386
M10,11,1372,1866 Oct,3.391
M10,11,1373,1866 Nov,3.386
M10,11,1374,1866 Dec,3.326
M10,11,1375,1867 Jan,3.316
M10,11,1376,1867 Feb,3.316
M10,11,1377,1867 Mar,3.321
M10,11,1378,1867 Apr,3.334
M10,11,1379,1867 May,3.171
M10,11,1380,1867 Jun,3.173
M10,11,1381,1867 Jul,3.197
M10,11,1382,1867 Aug,3.188
M10,11,1383,1867 Sep,3.201
M10,11,1384,1867 Oct,3.214
M10,11,1385,1867 Nov,3.207
M10,11,1386,1867 Dec,3.25
M10,11,1387,1868 Jan,3.214
M10,11,1388,1868 Feb,3.244
M10,11,1389,1868 Mar,3.249
M10,11,1390,1868 Apr,3.24
M10,11,1391,1868 May,3.222
M10,11,1392,1868 Jun,3.164
M10,11,1393,1868 Jul,3.184
M10,11,1394,1868 Aug,3.209
M10,11,1395,1868 Sep,3.205
M10,11,1396,1868 Oct,3.209
M10,11,1397,1868 Nov,3.231
M10,11,1398,1868 Dec,3.25
M10,11,1399,1869 Jan,3.231
M10,11,1400,1869 Feb,3.235
M10,11,1401,1869 Mar,3.244
M10,11,1402,1869 Apr,3.24
M10,11,1403,1869 May,3.284
M10,11,1404,1869 Jun,3.233
M10,11,1405,1869 Jul,3.227
M10,11,1406,1869 Aug,3.24
M10,11,1407,1869 Sep,3.262
M10,11,1408,1869 Oct,3.24
M10,11,1409,1869 Nov,3.24
M10,11,1410,1869 Dec,3.259
M10,11,1411,1870 Jan,3.257
M10,11,1412,1870 Feb,3.257
M10,11,1413,1870 Mar,3.24
M10,11,1414,1870 Apr,3.227
M10,11,1415,1870 May,3.218
M10,11,1416,1870 Jun,3.237
M10,11,1417,1870 Jul,3.365
M10,11,1418,1870 Aug,3.3
M10,11,1419,1870 Sep,3.293
M10,11,1420,1870 Oct,3.28
M10,11,1421,1870 Nov,3.291
M10,11,1422,1870 Dec,3.27
M10,11,1423,1871 Jan,3.249
M10,11,1424,1871 Feb,3.284
M10,11,1425,1871 Mar,3.257
M10,11,1426,1871 Apr,3.253
M10,11,1427,1871 May,3.253
M10,11,1428,1871 Jun,3.254
M10,11,1429,1871 Jul,3.207
M10,11,1430,1871 Aug,3.222
M10,11,1431,1871 Sep,3.262
M10,11,1432,1871 Oct,3.266
M10,11,1433,1871 Nov,3.253
M10,11,1434,1871 Dec,3.241
M10,11,1435,1872 Jan,3.249
M10,11,1436,1872 Feb,3.266
M10,11,1437,1872 Mar,3.253
M10,11,1438,1872 Apr,3.258
M10,11,1439,1872 May,3.255
M10,11,1440,1872 Jun,3.245
M10,11,1441,1872 Jul,3.249
M10,11,1442,1872 Aug,3.257
M10,11,1443,1872 Sep,3.275
M10,11,1444,1872 Oct,3.289
M10,11,1445,1872 Nov,3.275
M10,11,1446,1872 Dec,3.268
M10,11,1447,1873 Jan,3.262
M10,11,1448,1873 Feb,3.257
M10,11,1449,1873 Mar,3.262
M10,11,1450,1873 Apr,3.24
M10,11,1451,1873 May,3.24
M10,11,1452,1873 Jun,3.25
M10,11,1453,1873 Jul,3.244
M10,11,1454,1873 Aug,3.253
M10,11,1455,1873 Sep,3.275
M10,11,1456,1873 Oct,3.28
M10,11,1457,1873 Nov,3.255
M10,11,1458,1873 Dec,3.263
M10,11,1459,1874 Jan,3.262
M10,11,1460,1874 Feb,3.27
M10,11,1461,1874 Mar,3.289
M10,11,1462,1874 Apr,3.266
M10,11,1463,1874 May,3.249
M10,11,1464,1874 Jun,3.245
M10,11,1465,1874 Jul,3.249
M10,11,1466,1874 Aug,3.253
M10,11,1467,1874 Sep,3.271
M10,11,1468,1874 Oct,3.262
M10,11,1469,1874 Nov,3.262
M10,11,1470,1874 Dec,3.272
M10,11,1471,1875 Jan,3.244
M10,11,1472,1875 Feb,3.24
M10,11,1473,1875 Mar,3.253
M10,11,1474,1875 Apr,3.223
M10,11,1475,1875 May,3.235
M10,11,1476,1875 Jun,3.215
M10,11,1477,1875 Jul,3.175
M10,11,1478,1875 Aug,3.186
M10,11,1479,1875 Sep,3.209
M10,11,1480,1875 Oct,3.197
M10,11,1481,1875 Nov,3.205
M10,11,1482,1875 Dec,3.196
M10,11,1483,1876 Jan,3.197
M10,11,1484,1876 Feb,3.192
M10,11,1485,1876 Mar,3.209
M10,11,1486,1876 Apr,3.175
M10,11,1487,1876 May,3.184
M10,11,1488,1876 Jun,3.198
M10,11,1489,1876 Jul,3.106
M10,11,1490,1876 Aug,3.128
M10,11,1491,1876 Sep,3.146
M10,11,1492,1876 Oct,3.175
M10,11,1493,1876 Nov,3.182
M10,11,1494,1876 Dec,3.187
M10,11,1495,1877 Jan,3.134
M10,11,1496,1877 Feb,3.134
M10,11,1497,1877 Mar,3.134
M10,11,1498,1877 Apr,3.227
M10,11,1499,1877 May,3.195
M10,11,1500,1877 Jun,3.177
M10,11,1501,1877 Jul,3.18
M10,11,1502,1877 Aug,3.167
M10,11,1503,1877 Sep,3.161
M10,11,1504,1877 Oct,3.146
M10,11,1505,1877 Nov,3.124
M10,11,1506,1877 Dec,3.168
M10,11,1507,1878 Jan,3.159
M10,11,1508,1878 Feb,3.159
M10,11,1509,1878 Mar,3.203
M10,11,1510,1878 Apr,3.197
M10,11,1511,1878 May,3.116
M10,11,1512,1878 Jun,3.131
M10,11,1513,1878 Jul,3.155
M10,11,1514,1878 Aug,3.188
M10,11,1515,1878 Sep,3.192
M10,11,1516,1878 Oct,3.223
M10,11,1517,1878 Nov,3.163
M10,11,1518,1878 Dec,3.168
M10,11,1519,1879 Jan,3.122
M10,11,1520,1879 Feb,3.13
M10,11,1521,1879 Mar,3.114
M10,11,1522,1879 Apr,3.062
M10,11,1523,1879 May,3.066
M10,11,1524,1879 Jun,3.079
M10,11,1525,1879 Jul,3.066
M10,11,1526,1879 Aug,3.09
M10,11,1527,1879 Sep,3.094
M10,11,1528,1879 Oct,3.098
M10,11,1529,1879 Nov,3.078
M10,11,1530,1879 Dec,3.083
M10,11,1531,1880 Jan,3.05
M10,11,1532,1880 Feb,3.076
M10,11,1533,1880 Mar,3.082
M10,11,1534,1880 Apr,3.058
M10,11,1535,1880 May,3.058
M10,11,1536,1880 Jun,3.044
M10,11,1537,1880 Jul,3.066
M10,11,1538,1880 Aug,3.086
M10,11,1539,1880 Sep,3.09
M10,11,1540,1880 Oct,3.046
M10,11,1541,1880 Nov,3.016
M10,11,1542,1880 Dec,3.032
M10,11,1543,1881 Jan,3.043
M10,11,1544,1881 Feb,3.035
M10,11,1545,1881 Mar,3.016
M10,11,1546,1881 Apr,2.987
M10,11,1547,1881 May,2.809
M10,11,1548,1881 Jun,2.841
M10,11,1549,1881 Jul,2.855
M10,11,1550,1881 Aug,2.861
M10,11,1551,1881 Sep,2.927
M10,11,1552,1881 Oct,2.926
M10,11,1553,1881 Nov,2.899
M10,11,1554,1881 Dec,2.907
M10,11,1555,1882 Jan,2.913
M10,11,1556,1882 Feb,2.937
M10,11,1557,1882 Mar,2.927
M10,11,1558,1882 Apr,2.934
M10,11,1559,1882 May,2.924
M10,11,1560,1882 Jun,2.941
M10,11,1561,1882 Jul,2.956
M10,11,1562,1882 Aug,3.008
M10,11,1563,1882 Sep,3.007
M10,11,1564,1882 Oct,2.926
M10,11,1565,1882 Nov,2.903
M10,11,1566,1882 Dec,2.907
M10,11,1567,1883 Jan,2.876
M10,11,1568,1883 Feb,2.874
M10,11,1569,1883 Mar,2.877
M10,11,1570,1883 Apr,2.851
M10,11,1571,1883 May,2.866
M10,11,1572,1883 Jun,2.841
M10,11,1573,1883 Jul,2.871
M10,11,1574,1883 Aug,2.866
M10,11,1575,1883 Sep,2.856
M10,11,1576,1883 Oct,2.851
M10,11,1577,1883 Nov,2.801
M10,11,1578,1883 Dec,2.786
M10,11,1579,1884 Jan,2.764
M10,11,1580,1884 Feb,2.767
M10,11,1581,1884 Mar,2.769
M10,11,1582,1884 Apr,2.719
M10,11,1583,1884 May,2.725
M10,11,1584,1884 Jun,2.721
M10,11,1585,1884 Jul,2.701
M10,11,1586,1884 Aug,2.694
M10,11,1587,1884 Sep,2.705
M10,11,1588,1884 Oct,2.734
M10,11,1589,1884 Nov,2.747
M10,11,1590,1884 Dec,2.762
M10,11,1591,1885 Jan,2.76
M10,11,1592,1885 Feb,2.899
M10,11,1593,1885 Mar,2.963
M10,11,1594,1885 Apr,2.969
M10,11,1595,1885 May,2.882
M10,11,1596,1885 Jun,2.797
M10,11,1597,1885 Jul,2.826
M10,11,1598,1885 Aug,2.833
M10,11,1599,1885 Sep,2.853
M10,11,1600,1885 Oct,2.867
M10,11,1601,1885 Nov,2.857
M10,11,1602,1885 Dec,2.853
M10,11,1603,1886 Jan,2.851
M10,11,1604,1886 Feb,2.809
M10,11,1605,1886 Mar,2.845
M10,11,1606,1886 Apr,2.842
M10,11,1607,1886 May,2.841
M10,11,1608,1886 Jun,2.805
M10,11,1609,1886 Jul,2.811
M10,11,1610,1886 Aug,2.825
M10,11,1611,1886 Sep,2.821
M10,11,1612,1886 Oct,2.842
M10,11,1613,1886 Nov,2.841
M10,11,1614,1886 Dec,2.837
M10,11,1615,1887 Jan,2.851
M10,11,1616,1887 Feb,2.857
M10,11,1617,1887 Mar,2.829
M10,11,1618,1887 Apr,2.772
M10,11,1619,1887 May,2.725
M10,11,1620,1887 Jun,2.728
M10,11,1621,1887 Jul,2.711
M10,11,1622,1887 Aug,2.71
M10,11,1623,1887 Sep,2.728
M10,11,1624,1887 Oct,2.704
M10,11,1625,1887 Nov,2.699
M10,11,1626,1887 Dec,2.67
M10,11,1627,1888 Jan,2.633
M10,11,1628,1888 Feb,2.639
M10,11,1629,1888 Mar,2.601
M10,11,1630,1888 Apr,2.619
M10,11,1631,1888 May,2.639
M10,11,1632,1888 Jun,2.628
M10,11,1633,1888 Jul,2.626
M10,11,1634,1888 Aug,2.639
M10,11,1635,1888 Sep,2.663
M10,11,1636,1888 Oct,2.675
M10,11,1637,1888 Nov,2.696
M10,11,1638,1888 Dec,2.663
M10,11,1639,1889 Jan,2.628
M10,11,1640,1889 Feb,2.627
M10,11,1641,1889 Mar,2.637
M10,11,1642,1889 Apr,2.635
M10,11,1643,1889 May,2.626
M10,11,1644,1889 Jun,2.639
M10,11,1645,1889 Jul,2.625
M10,11,1646,1889 Aug,2.648
M10,11,1647,1889 Sep,2.676
M10,11,1648,1889 Oct,2.673
M10,11,1649,1889 Nov,2.664
M10,11,1650,1889 Dec,2.668
M10,11,1651,1890 Jan,2.668
M10,11,1652,1890 Feb,2.671
M10,11,1653,1890 Mar,2.663
M10,11,1654,1890 Apr,2.646
M10,11,1655,1890 May,2.635
M10,11,1656,1890 Jun,2.679
M10,11,1657,1890 Jul,2.694
M10,11,1658,1890 Aug,2.697
M10,11,1659,1890 Sep,2.737
M10,11,1660,1890 Oct,2.744
M10,11,1661,1890 Nov,2.692
M10,11,1662,1890 Dec,2.713
M10,11,1663,1891 Jan,2.663
M10,11,1664,1891 Feb,2.681
M10,11,1665,1891 Mar,2.674
M10,11,1666,1891 Apr,2.701
M10,11,1667,1891 May,2.715
M10,11,1668,1891 Jun,2.71
M10,11,1669,1891 Jul,2.704
M10,11,1670,1891 Aug,2.707
M10,11,1671,1891 Sep,2.731
M10,11,1672,1891 Oct,2.724
M10,11,1673,1891 Nov,2.724
M10,11,1674,1891 Dec,2.711
M10,11,1675,1892 Jan,2.705
M10,11,1676,1892 Feb,2.697
M10,11,1677,1892 Mar,2.695
M10,11,1678,1892 Apr,2.674
M10,11,1679,1892 May,2.651
M10,11,1680,1892 Jun,2.671
M10,11,1681,1892 Jul,2.666
M10,11,1682,1892 Aug,2.665
M10,11,1683,1892 Sep,2.655
M10,11,1684,1892 Oct,2.668
M10,11,1685,1892 Nov,2.653
M10,11,1686,1892 Dec,2.628
M10,11,1687,1893 Jan,2.623
M10,11,1688,1893 Feb,2.618
M10,11,1689,1893 Mar,2.613
M10,11,1690,1893 Apr,2.598
M10,11,1691,1893 May,2.623
M10,11,1692,1893 Jun,2.606
M10,11,1693,1893 Jul,2.609
M10,11,1694,1893 Aug,2.649
M10,11,1695,1893 Sep,2.62
M10,11,1696,1893 Oct,2.631
M10,11,1697,1893 Nov,2.62
M10,11,1698,1893 Dec,2.612
M10,11,1699,1894 Jan,2.603
M10,11,1700,1894 Feb,2.582
M10,11,1701,1894 Mar,2.574
M10,11,1702,1894 Apr,2.568
M10,11,1703,1894 May,2.548
M10,11,1704,1894 Jun,2.534
M10,11,1705,1894 Jul,2.531
M10,11,1706,1894 Aug,2.508
M10,11,1707,1894 Sep,2.517
M10,11,1708,1894 Oct,2.523
M10,11,1709,1894 Nov,2.488
M10,11,1710,1894 Dec,2.478
M10,11,1711,1895 Jan,2.433
M10,11,1712,1895 Feb,2.46
M10,11,1713,1895 Mar,2.446
M10,11,1714,1895 Apr,2.432
M10,11,1715,1895 May,2.415
M10,11,1716,1895 Jun,2.384
M10,11,1717,1895 Jul,2.393
M10,11,1718,1895 Aug,2.378
M10,11,1719,1895 Sep,2.372
M10,11,1720,1895 Oct,2.383
M10,11,1721,1895 Nov,2.397
M10,11,1722,1895 Dec,2.385
M10,11,1723,1896 Jan,2.368
M10,11,1724,1896 Feb,2.332
M10,11,1725,1896 Mar,2.325
M10,11,1726,1896 Apr,2.286
M10,11,1727,1896 May,2.257
M10,11,1728,1896 Jun,2.254
M10,11,1729,1896 Jul,2.249
M10,11,1730,1896 Aug,2.269
M10,11,1731,1896 Sep,2.331
M10,11,1732,1896 Oct,2.356
M10,11,1733,1896 Nov,2.291
M10,11,1734,1896 Dec,2.298
M10,11,1735,1897 Jan,2.262
M10,11,1736,1897 Feb,2.266
M10,11,1737,1897 Mar,2.273
M10,11,1738,1897 Apr,2.271
M10,11,1739,1897 May,2.25
M10,11,1740,1897 Jun,2.254
M10,11,1741,1897 Jul,2.254
M10,11,1742,1897 Aug,2.272
M10,11,1743,1897 Sep,2.281
M10,11,1744,1897 Oct,2.282
M10,11,1745,1897 Nov,2.25
M10,11,1746,1897 Dec,2.249
M10,11,1747,1898 Jan,2.26
M10,11,1748,1898 Feb,2.259
M10,11,1749,1898 Mar,2.279
M10,11,1750,1898 Apr,2.287
M10,11,1751,1898 May,2.279
M10,11,1752,1898 Jun,2.286
M10,11,1753,1898 Jul,2.294
M10,11,1754,1898 Aug,2.301
M10,11,1755,1898 Sep,2.311
M10,11,1756,1898 Oct,2.333
M10,11,1757,1898 Nov,2.295
M10,11,1758,1898 Dec,2.286
M10,11,1759,1899 Jan,2.283
M10,11,1760,1899 Feb,2.288
M10,11,1761,1899 Mar,2.29
M10,11,1762,1899 Apr,2.301
M10,11,1763,1899 May,2.316
M10,11,1764,1899 Jun,2.359
M10,11,1765,1899 Jul,2.389
M10,11,1766,1899 Aug,2.407
M10,11,1767,1899 Sep,2.438
M10,11,1768,1899 Oct,2.435
M10,11,1769,1899 Nov,2.477
M10,11,1770,1899 Dec,2.555
M10,11,1771,1900 Jan,2.52
M10,11,1772,1900 Feb,2.513
M10,11,1773,1900 Mar,2.502
M10,11,1774,1900 Apr,2.515
M10,11,1775,1900 May,2.508
M10,11,1776,1900 Jun,2.517
M10,11,1777,1900 Jul,2.595
M10,11,1778,1900 Aug,2.581
M10,11,1779,1900 Sep,2.573
M10,11,1780,1900 Oct,2.564
M10,11,1781,1900 Nov,2.586
M10,11,1782,1900 Dec,2.595
M10,11,1783,1901 Jan,2.619
M10,11,1784,1901 Feb,2.605
M10,11,1785,1901 Mar,2.645
M10,11,1786,1901 Apr,2.692
M10,11,1787,1901 May,2.709
M10,11,1788,1901 Jun,2.711
M10,11,1789,1901 Jul,2.723
M10,11,1790,1901 Aug,2.682
M10,11,1791,1901 Sep,2.714
M10,11,1792,1901 Oct,2.74
M10,11,1793,1901 Nov,2.769
M10,11,1794,1901 Dec,2.679
M10,11,1795,1902 Jan,2.672
M10,11,1796,1902 Feb,2.679
M10,11,1797,1902 Mar,2.681
M10,11,1798,1902 Apr,2.67
M10,11,1799,1902 May,2.61
M10,11,1800,1902 Jun,2.63
M10,11,1801,1902 Jul,2.647
M10,11,1802,1902 Aug,2.668
M10,11,1803,1902 Sep,2.702
M10,11,1804,1902 Oct,2.714
M10,11,1805,1902 Nov,2.721
M10,11,1806,1902 Dec,2.712
M10,11,1807,1903 Jan,2.704
M10,11,1808,1903 Feb,2.74
M10,11,1809,1903 Mar,2.789
M10,11,1810,1903 Apr,2.734
M10,11,1811,1903 May,2.751
M10,11,1812,1903 Jun,2.751
M10,11,1813,1903 Jul,2.764
M10,11,1814,1903 Aug,2.793
M10,11,1815,1903 Sep,2.857
M10,11,1816,1903 Oct,2.863
M10,11,1817,1903 Nov,2.845
M10,11,1818,1903 Dec,2.853
M10,11,1819,1904 Jan,2.875
M10,11,1820,1904 Feb,2.937
M10,11,1821,1904 Mar,2.928
M10,11,1822,1904 Apr,2.826
M10,11,1823,1904 May,2.801
M10,11,1824,1904 Jun,2.797
M10,11,1825,1904 Jul,2.859
M10,11,1826,1904 Aug,2.865
M10,11,1827,1904 Sep,2.845
M10,11,1828,1904 Oct,2.871
M10,11,1829,1904 Nov,2.872
M10,11,1830,1904 Dec,2.847
M10,11,1831,1905 Jan,2.849
M10,11,1832,1905 Feb,2.784
M10,11,1833,1905 Mar,2.757
M10,11,1834,1905 Apr,2.797
M10,11,1835,1905 May,2.803
M10,11,1836,1905 Jun,2.805
M10,11,1837,1905 Jul,2.791
M10,11,1838,1905 Aug,2.79
M10,11,1839,1905 Sep,2.817
M10,11,1840,1905 Oct,2.867
M10,11,1841,1905 Nov,2.841
M10,11,1842,1905 Dec,2.825
M10,11,1843,1906 Jan,2.807
M10,11,1844,1906 Feb,2.793
M10,11,1845,1906 Mar,2.782
M10,11,1846,1906 Apr,2.783
M10,11,1847,1906 May,2.821
M10,11,1848,1906 Jun,2.861
M10,11,1849,1906 Jul,2.879
M10,11,1850,1906 Aug,2.895
M10,11,1851,1906 Sep,2.907
M10,11,1852,1906 Oct,2.93
M10,11,1853,1906 Nov,2.911
M10,11,1854,1906 Dec,2.933
M10,11,1855,1907 Jan,2.9
M10,11,1856,1907 Feb,2.916
M10,11,1857,1907 Mar,2.954
M10,11,1858,1907 Apr,2.947
M10,11,1859,1907 May,2.994
M10,11,1860,1907 Jun,2.976
M10,11,1861,1907 Jul,3.032
M10,11,1862,1907 Aug,3.073
M10,11,1863,1907 Sep,3.058
M10,11,1864,1907 Oct,3.041
M10,11,1865,1907 Nov,3.063
M10,11,1866,1907 Dec,3.035
M10,11,1867,1908 Jan,2.913
M10,11,1868,1908 Feb,2.89
M10,11,1869,1908 Mar,2.869
M10,11,1870,1908 Apr,2.908
M10,11,1871,1908 May,2.882
M10,11,1872,1908 Jun,2.863
M10,11,1873,1908 Jul,2.913
M10,11,1874,1908 Aug,2.929
M10,11,1875,1908 Sep,2.933
M10,11,1876,1908 Oct,2.982
M10,11,1877,1908 Nov,3.012
M10,11,1878,1908 Dec,3.007
M10,11,1879,1909 Jan,3.034
M10,11,1880,1909 Feb,3.005
M10,11,1881,1909 Mar,2.998
M10,11,1882,1909 Apr,2.969
M10,11,1883,1909 May,2.974
M10,11,1884,1909 Jun,2.989
M10,11,1885,1909 Jul,3.011
M10,11,1886,1909 Aug,3.003
M10,11,1887,1909 Sep,3.032
M10,11,1888,1909 Oct,3.065
M10,11,1889,1909 Nov,3.066
M10,11,1890,1909 Dec,3.037
M10,11,1891,1910 Jan,3.074
M10,11,1892,1910 Feb,3.096
M10,11,1893,1910 Mar,3.11
M10,11,1894,1910 Apr,3.112
M10,11,1895,1910 May,3.068
M10,11,1896,1910 Jun,3.046
M10,11,1897,1910 Jul,3.088
M10,11,1898,1910 Aug,3.125
M10,11,1899,1910 Sep,3.145
M10,11,1900,1910 Oct,3.192
M10,11,1901,1910 Nov,3.205
M10,11,1902,1910 Dec,3.175
M10,11,1903,1911 Jan,3.162
M10,11,1904,1911 Feb,3.145
M10,11,1905,1911 Mar,3.081
M10,11,1906,1911 Apr,3.117
M10,11,1907,1911 May,3.125
M10,11,1908,1911 Jun,3.185
M10,11,1909,1911 Jul,3.238
M10,11,1910,1911 Aug,3.231
M10,11,1911,1911 Sep,3.257
M10,11,1912,1911 Oct,3.197
M10,11,1913,1911 Nov,3.236
M10,11,1914,1911 Dec,3.268
M10,11,1915,1912 Jan,3.27
M10,11,1916,1912 Feb,3.21
M10,11,1917,1912 Mar,3.216
M10,11,1918,1912 Apr,3.228
M10,11,1919,1912 May,3.263
M10,11,1920,1912 Jun,3.295
M10,11,1921,1912 Jul,3.409
M10,11,1922,1912 Aug,3.356
M10,11,1923,1912 Sep,3.407
M10,11,1924,1912 Oct,3.457
M10,11,1925,1912 Nov,3.367
M10,11,1926,1912 Dec,3.361
M10,11,1927,1913 Jan,3.369
M10,11,1928,1913 Feb,3.39
M10,11,1929,1913 Mar,3.39
M10,11,1930,1913 Apr,3.369
M10,11,1931,1913 May,3.396
M10,11,1932,1913 Jun,3.454
M10,11,1933,1913 Jul,3.462
M10,11,1934,1913 Aug,3.419
M10,11,1935,1913 Sep,3.43
M10,11,1936,1913 Oct,3.469
M10,11,1937,1913 Nov,3.473
M10,11,1938,1913 Dec,3.509
M10,11,1939,1914 Jan,3.324
M10,11,1940,1914 Feb,3.345
M10,11,1941,1914 Mar,3.339
M10,11,1942,1914 Apr,3.38
M10,11,1943,1914 May,3.379
M10,11,1944,1914 Jun,3.361
M10,11,1945,1914 Jul,3.61
M10,11,1946,1914 Aug,3.61
M10,11,1947,1914 Sep,3.61
M10,11,1948,1914 Oct,3.61
M10,11,1949,1914 Nov,3.61
M10,11,1950,1914 Dec,3.61
M10,11,1951,1915 Jan,3.65
M10,11,1952,1915 Feb,3.704
M10,11,1953,1915 Mar,3.756
M10,11,1954,1915 Apr,3.759
M10,11,1955,1915 May,3.756
M10,11,1956,1915 Jun,3.846
M10,11,1957,1915 Jul,3.846
M10,11,1958,1915 Aug,3.846
M10,11,1959,1915 Sep,3.846
M10,11,1960,1915 Oct,3.846
M10,11,1961,1915 Nov,4.167
M10,11,1962,1915 Dec,4.274
M10,11,1963,1916 Jan,4.219
M10,11,1964,1916 Feb,4.301
M10,11,1965,1916 Mar,4.357
M10,11,1966,1916 Apr,4.376
M10,11,1967,1916 May,4.348
M10,11,1968,1916 Jun,4.115
M10,11,1969,1916 Jul,4.202
M10,11,1970,1916 Aug,4.202
M10,11,1971,1916 Sep,4.184
M10,11,1972,1916 Oct,4.444
M10,11,1973,1916 Nov,4.525
M10,11,1974,1916 Dec,4.525
M10,11,1975,1917 Jan,4.808
M10,11,1976,1917 Feb,4.796
M10,11,1977,1917 Mar,4.706
M10,11,1978,1917 Apr,4.545
M10,11,1979,1917 May,4.505
M10,11,1980,1917 Jun,4.608
M10,11,1981,1917 Jul,4.489
M10,11,1982,1917 Aug,4.454
M10,11,1983,1917 Sep,4.577
M10,11,1984,1917 Oct,4.464
M10,11,1985,1917 Nov,4.464
M10,11,1986,1917 Dec,4.571
M10,11,1987,1918 Jan,4.587
M10,11,1988,1918 Feb,4.587
M10,11,1989,1918 Mar,4.598
M10,11,1990,1918 Apr,4.525
M10,11,1991,1918 May,4.435
M10,11,1992,1918 Jun,4.464
M10,11,1993,1918 Jul,4.415
M10,11,1994,1918 Aug,4.376
M10,11,1995,1918 Sep,4.128
M10,11,1996,1918 Oct,4.132
M10,11,1997,1918 Nov,4.202
M10,11,1998,1918 Dec,4.695
M10,11,1999,1919 Jan,4.854
M10,11,2000,1919 Feb,4.902
M10,11,2001,1919 Mar,4.92
M10,11,2002,1919 Apr,4.831
M10,11,2003,1919 May,4.902
M10,11,2004,1919 Jun,4.233
M10,11,2005,1919 Jul,4.405
M10,11,2006,1919 Aug,4.228
M10,11,2007,1919 Sep,4.494
M10,11,2008,1919 Oct,4.444
M10,11,2009,1919 Nov,4.525
M10,11,2010,1919 Dec,4.908
M10,11,2011,1920 Jan,4.95
M10,11,2012,1920 Feb,5.038
M10,11,2013,1920 Mar,5.457
M10,11,2014,1920 Apr,5.305
M10,11,2015,1920 May,5.27
M10,11,2016,1920 Jun,5.333
M10,11,2017,1920 Jul,5.376
M10,11,2018,1920 Aug,5.435
M10,11,2019,1920 Sep,5.427
M10,11,2020,1920 Oct,5.556
M10,11,2021,1920 Nov,5.658
M10,11,2022,1920 Dec,5.587
M10,11,2023,1921 Jan,5.165
M10,11,2024,1921 Feb,5.442
M10,11,2025,1921 Mar,5.138
M10,11,2026,1921 Apr,5.236
M10,11,2027,1921 May,5.376
M10,11,2028,1921 Jun,5.301
M10,11,2029,1921 Jul,5.095
M10,11,2030,1921 Aug,5.242
M10,11,2031,1921 Sep,5.181
M10,11,2032,1921 Oct,5.118
M10,11,2033,1921 Nov,5.115
M10,11,2034,1921 Dec,4.988
M10,11,2035,1922 Jan,4.831
M10,11,2036,1922 Feb,4.484
M10,11,2037,1922 Mar,4.415
M10,11,2038,1922 Apr,4.237
M10,11,2039,1922 May,4.343
M10,11,2040,1922 Jun,4.367
M10,11,2041,1922 Jul,4.233
M10,11,2042,1922 Aug,4.348
M10,11,2043,1922 Sep,4.274
M10,11,2044,1922 Oct,4.425
M10,11,2045,1922 Nov,4.237
M10,11,2046,1922 Dec,4.505
M10,11,2047,1923 Jan,4.444
M10,11,2048,1923 Feb,4.338
M10,11,2049,1923 Mar,4.211
M10,11,2050,1923 Apr,4.202
M10,11,2051,1923 May,4.175
M10,11,2052,1923 Jun,4.255
M10,11,2053,1923 Jul,4.283
M10,11,2054,1923 Aug,4.219
M10,11,2055,1923 Sep,4.283
M10,11,2056,1923 Oct,4.301
M10,11,2057,1923 Nov,4.338
M10,11,2058,1923 Dec,4.505
M10,11,2059,1924 Jan,4.376
M10,11,2060,1924 Feb,4.454
M10,11,2061,1924 Mar,4.525
M10,11,2062,1924 Apr,4.367
M10,11,2063,1924 May,4.357
M10,11,2064,1924 Jun,4.376
M10,11,2065,1924 Jul,4.396
M10,11,2066,1924 Aug,4.348
M10,11,2067,1924 Sep,4.357
M10,11,2068,1924 Oct,4.274
M10,11,2069,1924 Nov,4.283
M10,11,2070,1924 Dec,4.367
M10,11,2071,1925 Jan,4.367
M10,11,2072,1925 Feb,4.348
M10,11,2073,1925 Mar,4.386
M10,11,2074,1925 Apr,4.386
M10,11,2075,1925 May,4.415
M10,11,2076,1925 Jun,4.464
M10,11,2077,1925 Jul,4.444
M10,11,2078,1925 Aug,4.459
M10,11,2079,1925 Sep,4.51
M10,11,2080,1925 Oct,4.525
M10,11,2081,1925 Nov,4.499
M10,11,2082,1925 Dec,4.469
M10,11,2083,1926 Jan,4.474
M10,11,2084,1926 Feb,4.515
M10,11,2085,1926 Mar,4.334
M10,11,2086,1926 Apr,4.545
M10,11,2087,1926 May,4.469
M10,11,2088,1926 Jun,4.505
M10,11,2089,1926 Jul,4.484
M10,11,2090,1926 Aug,4.561
M10,11,2091,1926 Sep,4.592
M10,11,2092,1926 Oct,4.587
M10,11,2093,1926 Nov,4.614
M10,11,2094,1926 Dec,4.619
M10,11,2095,1927 Jan,4.505
M10,11,2096,1927 Feb,4.545
M10,11,2097,1927 Mar,4.587
M10,11,2098,1927 Apr,4.556
M10,11,2099,1927 May,4.566
M10,11,2100,1927 Jun,4.598
M10,11,2101,1927 Jul,4.577
M10,11,2102,1927 Aug,4.566
M10,11,2103,1927 Sep,4.598
M10,11,2104,1927 Oct,4.515
M10,11,2105,1927 Nov,4.579
M10,11,2106,1927 Dec,4.505
M10,11,2107,1928 Jan,4.51
M10,11,2108,1928 Feb,4.489
M10,11,2109,1928 Mar,4.51
M10,11,2110,1928 Apr,4.422
M10,11,2111,1928 May,4.405
M10,11,2112,1928 Jun,4.464
M10,11,2113,1928 Jul,4.494
M10,11,2114,1928 Aug,4.454
M10,11,2115,1928 Sep,4.484
M10,11,2116,1928 Oct,4.484
M10,11,2117,1928 Nov,4.425
M10,11,2118,1928 Dec,4.444
M10,11,2119,1929 Jan,4.425
M10,11,2120,1929 Feb,4.525
M10,11,2121,1929 Mar,4.505
M10,11,2122,1929 Apr,4.551
M10,11,2123,1929 May,4.561
M10,11,2124,1929 Jun,4.598
M10,11,2125,1929 Jul,4.635
M10,11,2126,1929 Aug,4.63
M10,11,2127,1929 Sep,4.756
M10,11,2128,1929 Oct,4.584
M10,11,2129,1929 Nov,4.711
M10,11,2130,1929 Dec,4.329
M10,11,2131,1930 Jan,4.329
M10,11,2132,1930 Feb,4.63
M10,11,2133,1930 Mar,4.386
M10,11,2134,1930 Apr,4.567
M10,11,2135,1930 May,4.454
M10,11,2136,1930 Jun,4.525
M10,11,2137,1930 Jul,4.525
M10,11,2138,1930 Aug,4.494
M10,11,2139,1930 Sep,4.484
M10,11,2140,1930 Oct,4.348
M10,11,2141,1930 Nov,4.283
M10,11,2142,1930 Dec,4.348
M10,11,2143,1931 Jan,4.31
M10,11,2144,1931 Feb,4.425
M10,11,2145,1931 Mar,4.386
M10,11,2146,1931 Apr,4.274
M10,11,2147,1931 May,4.158
M10,11,2148,1931 Jun,4.132
M10,11,2149,1931 Jul,4.31
M10,11,2150,1931 Aug,4.348
M10,11,2151,1931 Sep,4.717
M10,11,2152,1931 Oct,4.425
M10,11,2153,1931 Nov,4.739
M10,11,2154,1931 Dec,4.545
M10,11,2155,1932 Jan,4.425
M10,11,2156,1932 Feb,4.292
M10,11,2157,1932 Mar,4.132
M10,11,2158,1932 Apr,4.09
M10,11,2159,1932 May,3.937
M10,11,2160,1932 Jun,3.788
M10,11,2161,1932 Jul,3.425
M10,11,2162,1932 Aug,3.472
M10,11,2163,1932 Sep,3.401
M10,11,2164,1932 Oct,3.241
M10,11,2165,1932 Nov,3.448
M10,11,2166,1932 Dec,3.378
M10,11,2167,1933 Jan,3.367
M10,11,2168,1933 Feb,3.378
M10,11,2169,1933 Mar,3.257
M10,11,2170,1933 Apr,3.328
M10,11,2171,1933 May,3.425
M10,11,2172,1933 Jun,3.448
M10,11,2173,1933 Jul,3.448
M10,11,2174,1933 Aug,3.39
M10,11,2175,1933 Sep,3.378
M10,11,2176,1933 Oct,3.39
M10,11,2177,1933 Nov,3.378
M10,11,2178,1933 Dec,3.373
M10,11,2179,1934 Jan,3.3001
M10,11,2180,1934 Feb,3.185
M10,11,2181,1934 Mar,3.096
M10,11,2182,1934 Apr,3.16
M10,11,2183,1934 May,3.205
M10,11,2184,1934 Jun,3.135
M10,11,2185,1934 Jul,3.135
M10,11,2186,1934 Aug,3.096
M10,11,2187,1934 Sep,3.063
M10,11,2188,1934 Oct,3.021
M10,11,2189,1934 Nov,2.809
M10,11,2190,1934 Dec,2.717
M10,11,2191,1935 Jan,2.725
M10,11,2192,1935 Feb,2.825
M10,11,2193,1935 Mar,2.905
M10,11,2194,1935 Apr,2.857
M10,11,2195,1935 May,2.874
M10,11,2196,1935 Jun,2.915
M10,11,2197,1935 Jul,2.924
M10,11,2198,1935 Aug,2.985
M10,11,2199,1935 Sep,3.044
M10,11,2200,1935 Oct,2.994
M10,11,2201,1935 Nov,2.915
M10,11,2202,1935 Dec,2.89
M10,11,2203,1936 Jan,2.915
M10,11,2204,1936 Feb,2.928
M10,11,2205,1936 Mar,2.941
M10,11,2206,1936 Apr,2.946
M10,11,2207,1936 May,2.967
M10,11,2208,1936 Jun,2.924
M10,11,2209,1936 Jul,2.941
M10,11,2210,1936 Aug,2.946
M10,11,2211,1936 Sep,2.941
M10,11,2212,1936 Oct,2.928
M10,11,2213,1936 Nov,2.959
M10,11,2214,1936 Dec,2.959
M10,11,2215,1937 Jan,3.026
M10,11,2216,1937 Feb,3.268
M10,11,2217,1937 Mar,3.279
M10,11,2218,1937 Apr,3.247
M10,11,2219,1937 May,3.284
M10,11,2220,1937 Jun,3.356
M10,11,2221,1937 Jul,3.356
M10,11,2222,1937 Aug,3.356
M10,11,2223,1937 Sep,3.39
M10,11,2224,1937 Oct,3.344
M10,11,2225,1937 Nov,3.311
M10,11,2226,1937 Dec,3.373
M10,11,2227,1938 Jan,3.252
M10,11,2228,1938 Feb,3.221
M10,11,2229,1938 Mar,3.401
M10,11,2230,1938 Apr,3.35
M10,11,2231,1938 May,3.356
M10,11,2232,1938 Jun,3.367
M10,11,2233,1938 Jul,3.306
M10,11,2234,1938 Aug,3.356
M10,11,2235,1938 Sep,3.731
M10,11,2236,1938 Oct,3.478
M10,11,2237,1938 Nov,3.497
M10,11,2238,1938 Dec,3.571
M10,11,2239,1939 Jan,3.571
M10,11,2240,1939 Feb,3.571
M10,11,2241,1939 Mar,3.704
M10,11,2242,1939 Apr,3.781
M10,11,2243,1939 May,3.571
M10,11,2244,1939 Jun,3.731
M10,11,2245,1939 Jul,3.788
M10,11,2246,1939 Aug,4.0
M10,11,2247,1939 Sep,4.032
M10,11,2248,1939 Oct,3.676
M10,11,2249,1939 Nov,3.663
M10,11,2250,1939 Dec,3.663
M10,11,2251,1940 Jan,3.378
M10,11,2252,1940 Feb,3.356
M10,11,2253,1940 Mar,3.454
M10,11,2254,1940 Apr,3.425
M10,11,2255,1940 May,3.401
M10,11,2256,1940 Jun,3.472
M10,11,2257,1940 Jul,3.436
M10,11,2258,1940 Aug,3.39
M10,11,2259,1940 Sep,3.381
M10,11,2260,1940 Oct,3.333
M10,11,2261,1940 Nov,3.342
M10,11,2262,1940 Dec,3.247
M10,11,2263,1941 Jan,3.226
M10,11,2264,1941 Feb,3.236
M10,11,2265,1941 Mar,3.205
M10,11,2266,1941 Apr,3.236
M10,11,2267,1941 May,3.18
M10,11,2268,1941 Jun,3.067
M10,11,2269,1941 Jul,3.058
M10,11,2270,1941 Aug,3.067
M10,11,2271,1941 Sep,3.03
M10,11,2272,1941 Oct,3.03
M10,11,2273,1941 Nov,3.035
M10,11,2274,1941 Dec,3.021
M10,11,2275,1942 Jan,3.017
M10,11,2276,1942 Feb,2.994
M10,11,2277,1942 Mar,3.005
M10,11,2278,1942 Apr,3.021
M10,11,2279,1942 May,3.021
M10,11,2280,1942 Jun,3.03
M10,11,2281,1942 Jul,3.021
M10,11,2282,1942 Aug,3.012
M10,11,2283,1942 Sep,3.03
M10,11,2284,1942 Oct,3.03
M10,11,2285,1942 Nov,3.067
M10,11,2286,1942 Dec,3.03
M10,11,2287,1943 Jan,3.026
M10,11,2288,1943 Feb,3.035
M10,11,2289,1943 Mar,3.04
M10,11,2290,1943 Apr,3.067
M10,11,2291,1943 May,3.086
M10,11,2292,1943 Jun,3.106
M10,11,2293,1943 Jul,3.11
M10,11,2294,1943 Aug,3.155
M10,11,2295,1943 Sep,3.155
M10,11,2296,1943 Oct,3.13
M10,11,2297,1943 Nov,3.125
M10,11,2298,1943 Dec,3.145
M10,11,2299,1944 Jan,3.135
M10,11,2300,1944 Feb,3.145
M10,11,2301,1944 Mar,3.165
M10,11,2302,1944 Apr,3.165
M10,11,2303,1944 May,3.145
M10,11,2304,1944 Jun,3.165
M10,11,2305,1944 Jul,3.145
M10,11,2306,1944 Aug,3.145
M10,11,2307,1944 Sep,3.165
M10,11,2308,1944 Oct,3.125
M10,11,2309,1944 Nov,3.049
M10,11,2310,1944 Dec,3.067
M10,11,2311,1945 Jan,3.03
M10,11,2312,1945 Feb,3.012
M10,11,2313,1945 Mar,3.012
M10,11,2314,1945 Apr,2.976
M10,11,2315,1945 May,3.012
M10,11,2316,1945 Jun,3.003
M10,11,2317,1945 Jul,2.829
M10,11,2318,1945 Aug,2.82
M10,11,2319,1945 Sep,2.82
M10,11,2320,1945 Oct,2.699
M10,11,2321,1945 Nov,2.756
M10,11,2322,1945 Dec,2.732
M10,11,2323,1946 Jan,2.71
M10,11,2324,1946 Feb,2.7
M10,11,2325,1946 Mar,2.67
M10,11,2326,1946 Apr,2.6
M10,11,2327,1946 May,2.5
M10,11,2328,1946 Jun,2.57
M10,11,2329,1946 Jul,2.58
M10,11,2330,1946 Aug,2.59
M10,11,2331,1946 Sep,2.56
M10,11,2332,1946 Oct,2.54
M10,11,2333,1946 Nov,2.53
M10,11,2334,1946 Dec,2.54
M10,11,2335,1947 Jan,2.54
M10,11,2336,1947 Feb,2.58
M10,11,2337,1947 Mar,2.64
M10,11,2338,1947 Apr,2.63
M10,11,2339,1947 May,2.62
M10,11,2340,1947 Jun,2.68
M10,11,2341,1947 Jul,2.78
M10,11,2342,1947 Aug,2.99
M10,11,2343,1947 Sep,2.99
M10,11,2344,1947 Oct,2.9
M10,11,2345,1947 Nov,2.87
M10,11,2346,1947 Dec,3.01
M10,11,2347,1948 Jan,3.08
M10,11,2348,1948 Feb,3.15
M10,11,2349,1948 Mar,3.22
M10,11,2350,1948 Apr,3.28
M10,11,2351,1948 May,3.25
M10,11,2352,1948 Jun,3.27
M10,11,2353,1948 Jul,3.28
M10,11,2354,1948 Aug,3.26
M10,11,2355,1948 Sep,3.22
M10,11,2356,1948 Oct,3.18
M10,11,2357,1948 Nov,3.16
M10,11,2358,1948 Dec,3.14
M10,11,2359,1949 Jan,3.12
M10,11,2360,1949 Feb,3.0
M10,11,2361,1949 Mar,3.11
M10,11,2362,1949 Apr,3.1
M10,11,2363,1949 May,3.08
M10,11,2364,1949 Jun,3.21
M10,11,2365,1949 Jul,3.36
M10,11,2366,1949 Aug,3.48
M10,11,2367,1949 Sep,3.45
M10,11,2368,1949 Oct,3.56
M10,11,2369,1949 Nov,3.62
M10,11,2370,1949 Dec,3.51
M10,11,2371,1950 Jan,3.59
M10,11,2372,1950 Feb,3.56
M10,11,2373,1950 Mar,3.62
M10,11,2374,1950 Apr,3.62
M10,11,2375,1950 May,3.61
M10,11,2376,1950 Jun,3.55
M10,11,2377,1950 Jul,3.61
M10,11,2378,1950 Aug,3.55
M10,11,2379,1950 Sep,3.48
M10,11,2380,1950 Oct,3.4
M10,11,2381,1950 Nov,3.44
M10,11,2382,1950 Dec,3.52
M10,11,2383,1951 Jan,3.53
M10,11,2384,1951 Feb,3.64
M10,11,2385,1951 Mar,3.67
M10,11,2386,1951 Apr,3.73
M10,11,2387,1951 May,3.81
M10,11,2388,1951 Jun,3.84
M10,11,2389,1951 Jul,3.8
M10,11,2390,1951 Aug,3.81
M10,11,2391,1951 Sep,3.33
M10,11,2392,1951 Oct,3.81
M10,11,2393,1951 Nov,3.95
M10,11,2394,1951 Dec,4.05
M10,11,2395,1952 Jan,4.09
M10,11,2396,1952 Feb,4.12
M10,11,2397,1952 Mar,4.21
M10,11,2398,1952 Apr,4.15
M10,11,2399,1952 May,4.27
M10,11,2400,1952 Jun,4.42
M10,11,2401,1952 Jul,4.43
M10,11,2402,1952 Aug,4.3
M10,11,2403,1952 Sep,4.19
M10,11,2404,1952 Oct,4.27
M10,11,2405,1952 Nov,4.16
M10,11,2406,1952 Dec,4.21
M10,11,2407,1953 Jan,4.26
M10,11,2408,1953 Feb,4.25
M10,11,2409,1953 Mar,4.17
M10,11,2410,1953 Apr,4.16
M10,11,2411,1953 May,4.12
M10,11,2412,1953 Jun,4.08
M10,11,2413,1953 Jul,4.13
M10,11,2414,1953 Aug,4.12
M10,11,2415,1953 Sep,4.0
M10,11,2416,1953 Oct,3.93
M10,11,2417,1953 Nov,3.88
M10,11,2418,1953 Dec,3.89
M10,11,2419,1954 Jan,3.9
M10,11,2420,1954 Feb,3.91
M10,11,2421,1954 Mar,3.89
M10,11,2422,1954 Apr,3.8
M10,11,2423,1954 May,3.72
M10,11,2424,1954 Jun,3.78
M10,11,2425,1954 Jul,3.69
M10,11,2426,1954 Aug,3.66
M10,11,2427,1954 Sep,3.66
M10,11,2428,1954 Oct,3.66
M10,11,2429,1954 Nov,3.64
M10,11,2430,1954 Dec,3.76
M10,11,2431,1955 Jan,3.83
M10,11,2432,1955 Feb,3.98
M10,11,2433,1955 Mar,3.99
M10,11,2434,1955 Apr,3.98
M10,11,2435,1955 May,4.11
M10,11,2436,1955 Jun,4.15
M10,11,2437,1955 Jul,4.18
M10,11,2438,1955 Aug,4.34
M10,11,2439,1955 Sep,4.48
M10,11,2440,1955 Oct,4.3
M10,11,2441,1955 Nov,4.38
M10,11,2442,1955 Dec,4.39
M10,11,2443,1956 Jan,4.53
M10,11,2444,1956 Feb,4.61
M10,11,2445,1956 Mar,4.65
M10,11,2446,1956 Apr,4.61
M10,11,2447,1956 May,4.66
M10,11,2448,1956 Jun,4.74
M10,11,2449,1956 Jul,4.79
M10,11,2450,1956 Aug,4.8
M10,11,2451,1956 Sep,4.86
M10,11,2452,1956 Oct,4.79
M10,11,2453,1956 Nov,4.93
M10,11,2454,1956 Dec,4.9
M10,11,2455,1957 Jan,4.6
M10,11,2456,1957 Feb,4.58
M10,11,2457,1957 Mar,4.63
M10,11,2458,1957 Apr,4.68
M10,11,2459,1957 May,4.83
M10,11,2460,1957 Jun,4.94
M10,11,2461,1957 Jul,5.06
M10,11,2462,1957 Aug,5.09
M10,11,2463,1957 Sep,5.32
M10,11,2464,1957 Oct,5.44
M10,11,2465,1957 Nov,5.48
M10,11,2466,1957 Dec,5.41
M10,11,2467,1958 Jan,5.27
M10,11,2468,1958 Feb,5.18
M10,11,2469,1958 Mar,5.13
M10,11,2470,1958 Apr,4.96
M10,11,2471,1958 May,5.03
M10,11,2472,1958 Jun,4.97
M10,11,2473,1958 Jul,4.95
M10,11,2474,1958 Aug,4.89
M10,11,2475,1958 Sep,4.87
M10,11,2476,1958 Oct,4.77
M10,11,2477,1958 Nov,4.89
M10,11,2478,1958 Dec,4.89
M10,11,2479,1959 Jan,4.73
M10,11,2480,1959 Feb,4.72
M10,11,2481,1959 Mar,4.82
M10,11,2482,1959 Apr,4.83
M10,11,2483,1959 May,4.87
M10,11,2484,1959 Jun,4.83
M10,11,2485,1959 Jul,4.74
M10,11,2486,1959 Aug,4.76
M10,11,2487,1959 Sep,4.85
M10,11,2488,1959 Oct,4.93
M10,11,2489,1959 Nov,4.83
M10,11,2490,1959 Dec,4.99
M10,11,2491,1960 Jan,5.188
M10,11,2492,1960 Feb,5.263
M10,11,2493,1960 Mar,5.3
M10,11,2494,1960 Apr,5.371
M10,11,2495,1960 May,5.371
M10,11,2496,1960 Jun,5.675
M10,11,2497,1960 Jul,5.658
M10,11,2498,1960 Aug,5.525
M10,11,2499,1960 Sep,5.517
M10,11,2500,1960 Oct,5.458
M10,11,2501,1960 Nov,5.471
M10,11,2502,1960 Dec,5.696
M10,11,2503,1961 Jan,5.813
M10,11,2504,1961 Feb,5.821
M10,11,2505,1961 Mar,5.95
M10,11,2506,1961 Apr,5.908
M10,11,2507,1961 May,6.079
M10,11,2508,1961 Jun,6.463
M10,11,2509,1961 Jul,6.588
M10,11,2510,1961 Aug,6.621
M10,11,2511,1961 Sep,6.533
M10,11,2512,1961 Oct,6.358
M10,11,2513,1961 Nov,6.533
M10,11,2514,1961 Dec,6.567
M10,11,2515,1962 Jan,6.533
M10,11,2516,1962 Feb,6.258
M10,11,2517,1962 Mar,6.229
M10,11,2518,1962 Apr,6.104
M10,11,2519,1962 May,6.15
M10,11,2520,1962 Jun,6.171
M10,11,2521,1962 Jul,5.958
M10,11,2522,1962 Aug,5.704
M10,11,2523,1962 Sep,5.525
M10,11,2524,1962 Oct,5.842
M10,11,2525,1962 Nov,5.671
M10,11,2526,1962 Dec,5.604
M10,11,2527,1963 Jan,5.74
M10,11,2528,1963 Feb,5.92
M10,11,2529,1963 Mar,5.81
M10,11,2530,1963 Apr,5.63
M10,11,2531,1963 May,5.4
M10,11,2532,1963 Jun,5.39
M10,11,2533,1963 Jul,5.43
M10,11,2534,1963 Aug,5.37
M10,11,2535,1963 Sep,5.43
M10,11,2536,1963 Oct,5.41
M10,11,2537,1963 Nov,5.7
M10,11,2538,1963 Dec,5.83
M10,11,2539,1964 Jan,5.86
M10,11,2540,1964 Feb,6.06
M10,11,2541,1964 Mar,5.9
M10,11,2542,1964 Apr,6.04
M10,11,2543,1964 May,6.05
M10,11,2544,1964 Jun,6.07
M10,11,2545,1964 Jul,6.06
M10,11,2546,1964 Aug,6.08
M10,11,2547,1964 Sep,6.04
M10,11,2548,1964 Oct,6.05
M10,11,2549,1964 Nov,6.19
M10,11,2550,1964 Dec,6.32
M10,11,2551,1965 Jan,6.27
M10,11,2552,1965 Feb,6.3
M10,11,2553,1965 Mar,6.4
M10,11,2554,1965 Apr,6.48
M10,11,2555,1965 May,6.69
M10,11,2556,1965 Jun,6.68
M10,11,2557,1965 Jul,6.66
M10,11,2558,1965 Aug,6.45
M10,11,2559,1965 Sep,6.25
M10,11,2560,1965 Oct,6.26
M10,11,2561,1965 Nov,6.3
M10,11,2562,1965 Dec,6.46
M10,11,2563,1966 Jan,6.43
M10,11,2564,1966 Feb,6.58
M10,11,2565,1966 Mar,6.73
M10,11,2566,1966 Apr,6.74
M10,11,2567,1966 May,6.71
M10,11,2568,1966 Jun,6.89
M10,11,2569,1966 Jul,7.13
M10,11,2570,1966 Aug,7.24
M10,11,2571,1966 Sep,7.03
M10,11,2572,1966 Oct,6.85
M10,11,2573,1966 Nov,6.83
M10,11,2574,1966 Dec,6.65
M10,11,2575,1967 Jan,6.55
M10,11,2576,1967 Feb,6.41
M10,11,2577,1967 Mar,6.41
M10,11,2578,1967 Apr,6.37
M10,11,2579,1967 May,6.6
M10,11,2580,1967 Jun,6.83
M10,11,2581,1967 Jul,6.86
M10,11,2582,1967 Aug,6.8
M10,11,2583,1967 Sep,6.87
M10,11,2584,1967 Oct,6.91
M10,11,2585,1967 Nov,7.09
M10,11,2586,1967 Dec,7.06
M10,11,2587,1968 Jan,7.18
M10,11,2588,1968 Feb,7.19
M10,11,2589,1968 Mar,7.18
M10,11,2590,1968 Apr,7.24
M10,11,2591,1968 May,7.36
M10,11,2592,1968 Jun,7.75
M10,11,2593,1968 Jul,7.47
M10,11,2594,1968 Aug,7.45
M10,11,2595,1968 Sep,7.45
M10,11,2596,1968 Oct,7.43
M10,11,2597,1968 Nov,7.76
M10,11,2598,1968 Dec,8.05
M10,11,2599,1969 Jan,8.39
M10,11,2600,1969 Feb,8.45
M10,11,2601,1969 Mar,8.69
M10,11,2602,1969 Apr,8.94
M10,11,2603,1969 May,9.45
M10,11,2604,1969 Jun,9.25
M10,11,2605,1969 Jul,8.94
M10,11,2606,1969 Aug,9.4
M10,11,2607,1969 Sep,9.12
M10,11,2608,1969 Oct,8.68
M10,11,2609,1969 Nov,9.1
M10,11,2610,1969 Dec,8.88
M10,11,2611,1970 Jan,8.83
M10,11,2612,1970 Feb,8.41
M10,11,2613,1970 Mar,8.54
M10,11,2614,1970 Apr,9.15
M10,11,2615,1970 May,9.53
M10,11,2616,1970 Jun,9.42
M10,11,2617,1970 Jul,9.08
M10,11,2618,1970 Aug,9.31
M10,11,2619,1970 Sep,9.33
M10,11,2620,1970 Oct,9.64
M10,11,2621,1970 Nov,9.91
M10,11,2622,1970 Dec,9.65
M10,11,2623,1971 Jan,9.64
M10,11,2624,1971 Feb,9.18
M10,11,2625,1971 Mar,9.0
M10,11,2626,1971 Apr,9.16
M10,11,2627,1971 May,9.4
M10,11,2628,1971 Jun,9.33
M10,11,2629,1971 Jul,9.33
M10,11,2630,1971 Aug,9.14
M10,11,2631,1971 Sep,8.64
M10,11,2632,1971 Oct,8.72
M10,11,2633,1971 Nov,8.48
M10,11,2634,1971 Dec,8.47
M10,11,2635,1972 Jan,8.28
M10,11,2636,1972 Feb,8.37
M10,11,2637,1972 Mar,8.77
M10,11,2638,1972 Apr,8.68
M10,11,2639,1972 May,9.22
M10,11,2640,1972 Jun,9.39
M10,11,2641,1972 Jul,9.5
M10,11,2642,1972 Aug,9.48
M10,11,2643,1972 Sep,9.52
M10,11,2644,1972 Oct,9.66
M10,11,2645,1972 Nov,9.66
M10,11,2646,1972 Dec,9.85
M10,11,2647,1973 Jan,9.77
M10,11,2648,1973 Feb,9.9
M10,11,2649,1973 Mar,10.25
M10,11,2650,1973 Apr,10.28
M10,11,2651,1973 May,10.36
M10,11,2652,1973 Jun,10.47
M10,11,2653,1973 Jul,11.2
M10,11,2654,1973 Aug,11.38
M10,11,2655,1973 Sep,11.48
M10,11,2656,1973 Oct,11.32
M10,11,2657,1973 Nov,12.25
M10,11,2658,1973 Dec,12.26
M10,11,2659,1974 Jan,13.1
M10,11,2660,1974 Feb,13.59
M10,11,2661,1974 Mar,14.8
M10,11,2662,1974 Apr,14.75
M10,11,2663,1974 May,13.82
M10,11,2664,1974 Jun,15.6
M10,11,2665,1974 Jul,15.19
M10,11,2666,1974 Aug,15.78
M10,11,2667,1974 Sep,15.13
M10,11,2668,1974 Oct,16.44
M10,11,2669,1974 Nov,16.83
M10,11,2670,1974 Dec,17.05
M10,11,2671,1975 Jan,15.23
M10,11,2672,1975 Feb,14.73
M10,11,2673,1975 Mar,14.07
M10,11,2674,1975 Apr,15.19
M10,11,2675,1975 May,14.84
M10,11,2676,1975 Jun,14.58
M10,11,2677,1975 Jul,13.92
M10,11,2678,1975 Aug,14.0
M10,11,2679,1975 Sep,14.26
M10,11,2680,1975 Oct,14.89
M10,11,2681,1975 Nov,14.72
M10,11,2682,1975 Dec,14.78
M10,11,2683,1976 Jan,13.12
M10,11,2684,1976 Feb,13.53
M10,11,2685,1976 Mar,13.95
M10,11,2686,1976 Apr,13.85
M10,11,2687,1976 May,14.1
M10,11,2688,1976 Jun,13.95
M10,11,2689,1976 Jul,14.14
M10,11,2690,1976 Aug,14.3
M10,11,2691,1976 Sep,14.56
M10,11,2692,1976 Oct,15.69
M10,11,2693,1976 Nov,15.05
M10,11,2694,1976 Dec,14.49
M10,11,2695,1977 Jan,13.2
M10,11,2696,1977 Feb,13.61
M10,11,2697,1977 Mar,12.63
M10,11,2698,1977 Apr,12.54
M10,11,2699,1977 May,12.58
M10,11,2700,1977 Jun,12.95
M10,11,2701,1977 Jul,13.03
M10,11,2702,1977 Aug,12.67
M10,11,2703,1977 Sep,10.41
M10,11,2704,1977 Oct,10.78
M10,11,2705,1977 Nov,11.43
M10,11,2706,1977 Dec,10.47
M10,11,2707,1978 Jan,10.89
M10,11,2708,1978 Feb,11.23
M10,11,2709,1978 Mar,11.42
M10,11,2710,1978 Apr,12.01
M10,11,2711,1978 May,12.28
M10,11,2712,1978 Jun,12.42
M10,11,2713,1978 Jul,12.16
M10,11,2714,1978 Aug,12.2
M10,11,2715,1978 Sep,12.34
M10,11,2716,1978 Oct,12.38
M10,11,2717,1978 Nov,12.65
M10,11,2718,1978 Dec,12.34
M10,11,2719,1979 Jan,12.53
M10,11,2720,1979 Feb,12.26
M10,11,2721,1979 Mar,10.75
M10,11,2722,1979 Apr,10.72
M10,11,2723,1979 May,11.3
M10,11,2724,1979 Jun,11.42
M10,11,2725,1979 Jul,10.84
M10,11,2726,1979 Aug,10.6
M10,11,2727,1979 Sep,10.74
M10,11,2728,1979 Oct,11.39
M10,11,2729,1979 Nov,11.85
M10,11,2730,1979 Dec,11.75
M10,11,2731,1980 Jan,11.26
M10,11,2732,1980 Feb,12.29
M10,11,2733,1980 Mar,12.72
M10,11,2734,1980 Apr,12.6
M10,11,2735,1980 May,12.14
M10,11,2736,1980 Jun,11.89
M10,11,2737,1980 Jul,11.26
M10,11,2738,1980 Aug,11.99
M10,11,2739,1980 Sep,11.68
M10,11,2740,1980 Oct,11.54
M10,11,2741,1980 Nov,11.64
M10,11,2742,1980 Dec,12.14
M10,11,2743,1981 Jan,12.02
M10,11,2744,1981 Feb,12.06
M10,11,2745,1981 Mar,12.03
M10,11,2746,1981 Apr,12.14
M10,11,2747,1981 May,12.59
M10,11,2748,1981 Jun,13.13
M10,11,2749,1981 Jul,13.48
M10,11,2750,1981 Aug,13.44
M10,11,2751,1981 Sep,14.05
M10,11,2752,1981 Oct,14.14
M10,11,2753,1981 Nov,13.17
M10,11,2754,1981 Dec,13.89
M10,11,2755,1982 Jan,13.03
M10,11,2756,1982 Feb,12.67
M10,11,2757,1982 Mar,12.55
M10,11,2758,1982 Apr,12.79
M10,11,2759,1982 May,12.44
M10,11,2760,1982 Jun,12.71
M10,11,2761,1982 Jul,12.16
M10,11,2762,1982 Aug,11.0
M10,11,2763,1982 Sep,10.91
M10,11,2764,1982 Oct,9.73
M10,11,2765,1982 Nov,10.7
M10,11,2766,1982 Dec,10.2
M10,11,2767,1983 Jan,10.96
M10,11,2768,1983 Feb,10.93
M10,11,2769,1983 Mar,10.24
M10,11,2770,1983 Apr,10.13
M10,11,2771,1983 May,9.96
M10,11,2772,1983 Jun,9.83
M10,11,2773,1983 Jul,10.56
M10,11,2774,1983 Aug,10.42
M10,11,2775,1983 Sep,10.0
M10,11,2776,1983 Oct,10.13
M10,11,2777,1983 Nov,9.95
M10,11,2778,1983 Dec,9.9
M10,11,2779,1984 Jan,9.87
M10,11,2780,1984 Feb,10.0
M10,11,2781,1984 Mar,9.85
M10,11,2782,1984 Apr,10.02
M10,11,2783,1984 May,10.47
M10,11,2784,1984 Jun,10.63
M10,11,2785,1984 Jul,10.89
M10,11,2786,1984 Aug,10.33
M10,11,2787,1984 Sep,10.04
M10,11,2788,1984 Oct,10.17
M10,11,2789,1984 Nov,9.82
M10,11,2790,1984 Dec,9.99
M10,11,2791,1985 Jan,10.43
M10,11,2792,1985 Feb,10.46
M10,11,2793,1985 Mar,10.14
M10,11,2794,1985 Apr,10.17
M10,11,2795,1985 May,10.33
M10,11,2796,1985 Jun,10.25
M10,11,2797,1985 Jul,9.97
M10,11,2798,1985 Aug,9.86
M10,11,2799,1985 Sep,9.89
M10,11,2800,1985 Oct,9.82
M10,11,2801,1985 Nov,9.87
M10,11,2802,1985 Dec,9.89
M10,11,2803,1986 Jan,10.19
M10,11,2804,1986 Feb,9.57
M10,11,2805,1986 Mar,8.7
M10,11,2806,1986 Apr,8.48
M10,11,2807,1986 May,8.7
M10,11,2808,1986 Jun,8.77
M10,11,2809,1986 Jul,9.17
M10,11,2810,1986 Aug,9.13
M10,11,2811,1986 Sep,10.15
M10,11,2812,1986 Oct,10.23
M10,11,2813,1986 Nov,10.34
M10,11,2814,1986 Dec,10.13
M10,11,2815,1987 Jan,9.83
M10,11,2816,1987 Feb,9.41
M10,11,2817,1987 Mar,9.03
M10,11,2818,1987 Apr,8.83
M10,11,2819,1987 May,8.75
M10,11,2820,1987 Jun,8.99
M10,11,2821,1987 Jul,9.57
M10,11,2822,1987 Aug,9.83
M10,11,2823,1987 Sep,9.95
M10,11,2824,1987 Oct,9.13
M10,11,2825,1987 Nov,9.07
M10,11,2826,1987 Dec,9.39
M10,11,2827,1988 Jan,9.09
M10,11,2828,1988 Feb,9.01
M10,11,2829,1988 Mar,8.97
M10,11,2830,1988 Apr,9.11
M10,11,2831,1988 May,9.05
M10,11,2832,1988 Jun,9.3
M10,11,2833,1988 Jul,9.26
M10,11,2834,1988 Aug,9.3
M10,11,2835,1988 Sep,9.17
M10,11,2836,1988 Oct,8.99
M10,11,2837,1988 Nov,9.1
M10,11,2838,1988 Dec,9.13
M10,11,2839,1989 Jan,8.93
M10,11,2840,1989 Feb,8.75
M10,11,2841,1989 Mar,8.77
M10,11,2842,1989 Apr,8.85
M10,11,2843,1989 May,9.12
M10,11,2844,1989 Jun,9.41
M10,11,2845,1989 Jul,9.22
M10,11,2846,1989 Aug,9.22
M10,11,2847,1989 Sep,9.5
M10,11,2848,1989 Oct,9.8
M10,11,2849,1989 Nov,9.9
M10,11,2850,1989 Dec,9.66
M10,11,2851,1990 Jan,10.2
M10,11,2852,1990 Feb,10.58
M10,11,2853,1990 Mar,11.3
M10,11,2854,1990 Apr,11.91
M10,11,2855,1990 May,10.75
M10,11,2856,1990 Jun,10.65
M10,11,2857,1990 Jul,10.72
M10,11,2858,1990 Aug,11.05
M10,11,2859,1990 Sep,11.2
M10,11,2860,1990 Oct,11.05
M10,11,2861,1990 Nov,10.7
M10,11,2862,1990 Dec,10.44
M10,11,2863,1991 Jan,10.13
M10,11,2864,1991 Feb,9.95
M10,11,2865,1991 Mar,10.02
M10,11,2866,1991 Apr,10.13
M10,11,2867,1991 May,10.28
M10,11,2868,1991 Jun,10.26
M10,11,2869,1991 Jul,10.1
M10,11,2870,1991 Aug,9.8
M10,11,2871,1991 Sep,9.66
M10,11,2872,1991 Oct,9.85
M10,11,2873,1991 Nov,9.93
M10,11,2874,1991 Dec,9.76
M10,11,2875,1992 Jan,9.56
M10,11,2876,1992 Feb,9.26
M10,11,2877,1992 Mar,9.95
M10,11,2878,1992 Apr,9.39
M10,11,2879,1992 May,9.23
M10,11,2880,1992 Jun,9.26
M10,11,2881,1992 Jul,9.17
M10,11,2882,1992 Aug,9.3
M10,11,2883,1992 Sep,9.3
M10,11,2884,1992 Oct,8.44
M10,11,2885,1992 Nov,8.55
M10,11,2886,1992 Dec,8.55
M10,11,2887,1993 Jan,8.5
M10,11,2888,1993 Feb,8.2
M10,11,2889,1993 Mar,8.18
M10,11,2890,1993 Apr,8.28
M10,11,2891,1993 May,8.4
M10,11,2892,1993 Jun,8.0
M10,11,2893,1993 Jul,7.6
M10,11,2894,1993 Aug,7.26
M10,11,2895,1993 Sep,7.23
M10,11,2896,1993 Oct,7.12
M10,11,2897,1993 Nov,6.92
M10,11,2898,1993 Dec,6.56
M10,11,2899,1994 Jan,6.69
M10,11,2900,1994 Feb,7.42
M10,11,2901,1994 Mar,8.03
M10,11,2902,1994 Apr,8.0
M10,11,2903,1994 May,8.62
M10,11,2904,1994 Jun,8.37
M10,11,2905,1994 Jul,8.4
M10,11,2906,1994 Aug,8.37
M10,11,2907,1994 Sep,8.66
M10,11,2908,1994 Oct,8.51
M10,11,2909,1994 Nov,8.52
M10,11,2910,1994 Dec,8.54
M10,11,2911,1995 Jan,8.45
M10,11,2912,1995 Feb,8.52
M10,11,2913,1995 Mar,8.43
M10,11,2914,1995 Apr,8.35
M10,11,2915,1995 May,7.95
M10,11,2916,1995 Jun,8.38
M10,11,2917,1995 Jul,8.36
M10,11,2918,1995 Aug,8.23
M10,11,2919,1995 Sep,8.26
M10,11,2920,1995 Oct,8.35
M10,11,2921,1995 Nov,7.89
M10,11,2922,1995 Dec,7.75
M10,11,2923,1996 Jan,7.81
M10,11,2924,1996 Feb,8.13
M10,11,2925,1996 Mar,8.33
M10,11,2926,1996 Apr,8.23
M10,11,2927,1996 May,8.33
M10,11,2928,1996 Jun,8.18
M10,11,2929,1996 Jul,8.16
M10,11,2930,1996 Aug,8.23
M10,11,2931,1996 Sep,7.95
M10,11,2932,1996 Oct,7.84
M10,11,2933,1996 Nov,7.53
M10,11,2934,1996 Dec,7.67
M10,11,2935,1997 Jan,7.63
M10,11,2936,1997 Feb,7.47
M10,11,2937,1997 Mar,7.81
M10,11,2938,1997 Apr,7.85
M10,11,2939,1997 May,7.36
M10,11,2940,1997 Jun,7.16
M10,11,2941,1997 Jul,6.95
M10,11,2942,1997 Aug,7.09
M10,11,2943,1997 Sep,6.64
M10,11,2944,1997 Oct,6.62
M10,11,2945,1997 Nov,6.53
M10,11,2946,1997 Dec,6.4
M10,11,2947,1998 Jan,6.2
M10,11,2948,1998 Feb,6.15
M10,11,2949,1998 Mar,6.02
M10,11,2950,1998 Apr,5.97
M10,11,2951,1998 May,5.84
M10,11,2952,1998 Jun,5.77
M10,11,2953,1998 Jul,5.71
M10,11,2954,1998 Aug,5.36
M10,11,2955,1998 Sep,4.86
M10,11,2956,1998 Oct,5.14
M10,11,2957,1998 Nov,4.793
M10,11,2958,1998 Dec,4.578
M10,11,2959,1999 Jan,4.439
M10,11,2960,1999 Feb,4.76
M10,11,2961,1999 Mar,4.713
M10,11,2962,1999 Apr,4.771
M10,11,2963,1999 May,5.003
M10,11,2964,1999 Jun,5.03
M10,11,2965,1999 Jul,5.017
M10,11,2966,1999 Aug,4.784
M10,11,2967,1999 Sep,5.194
M10,11,2968,1999 Oct,4.803
M10,11,2969,1999 Nov,4.709
M10,11,2970,1999 Dec,4.93
M10,11,2971,2000 Jan,5.25
M10,11,2972,2000 Feb,4.831
M10,11,2973,2000 Mar,4.914
M10,11,2974,2000 Apr,4.783
M10,11,2975,2000 May,4.847
M10,11,2976,2000 Jun,4.879
M10,11,2977,2000 Jul,4.98
M10,11,2978,2000 Aug,5.009
M10,11,2979,2000 Sep,4.993
M10,11,2980,2000 Oct,5.035
M10,11,2981,2000 Nov,4.72
M10,11,2982,2000 Dec,4.714
M10,11,2983,2001 Jan,4.708
M10,11,2984,2001 Feb,4.877
M10,11,2985,2001 Mar,4.94
M10,11,2986,2001 Apr,5.268
M10,11,2987,2001 May,5.365
M10,11,2988,2001 Jun,5.39
M10,11,2989,2001 Jul,5.157
M10,11,2990,2001 Aug,5.022
M10,11,2991,2001 Sep,5.115
M10,11,2992,2001 Oct,4.895
M10,11,2993,2001 Nov,4.795
M10,11,2994,2001 Dec,5.12
M10,11,2995,2002 Jan,5.16
M10,11,2996,2002 Feb,5.021
M10,11,2997,2002 Mar,5.417
M10,11,2998,2002 Apr,5.262
M10,11,2999,2002 May,5.449
M10,11,3000,2002 Jun,5.174
M10,11,3001,2002 Jul,5.042
M10,11,3002,2002 Aug,4.789
M10,11,3003,2002 Sep,4.688
M10,11,3004,2002 Oct,4.865
M10,11,3005,2002 Nov,4.925
M10,11,3006,2002 Dec,4.769
M10,11,3007,2003 Jan,4.584
M10,11,3008,2003 Feb,4.602
M10,11,3009,2003 Mar,4.803
M10,11,3010,2003 Apr,4.838
M10,11,3011,2003 May,4.611
M10,11,3012,2003 Jun,4.852
M10,11,3013,2003 Jul,4.883
M10,11,3014,2003 Aug,4.987
M10,11,3015,2003 Sep,4.949
M10,11,3016,2003 Oct,5.261
M10,11,3017,2003 Nov,5.229
M10,11,3018,2003 Dec,5.019
M10,11,3019,2004 Jan,4.946
M10,11,3020,2004 Feb,4.826
M10,11,3021,2004 Mar,4.721
M10,11,3022,2004 Apr,4.913
M10,11,3023,2004 May,4.964
M10,11,3024,2004 Jun,4.901
M10,11,3025,2004 Jul,4.864
M10,11,3026,2004 Aug,4.769
M10,11,3027,2004 Sep,4.693
M10,11,3028,2004 Oct,4.677
M10,11,3029,2004 Nov,4.491
M10,11,3030,2004 Dec,4.518
M10,11,3031,2005 Jan,4.603
M10,11,3032,2005 Feb,4.642
M10,11,3033,2005 Mar,4.805
M10,11,3034,2005 Apr,4.554
M10,11,3035,2005 May,4.496
M10,11,3036,2005 Jun,4.355
M10,11,3037,2005 Jul,4.421
M10,11,3038,2005 Aug,4.347
M10,11,3039,2005 Sep,4.355
M10,11,3040,2005 Oct,4.372
M10,11,3041,2005 Nov,4.219
M10,11,3042,2005 Dec,4.096
M10,11,3043,2006 Jan,4.029
M10,11,3044,2006 Feb,3.973
M10,11,3045,2006 Mar,4.219
M10,11,3046,2006 Apr,4.401
M10,11,3047,2006 May,4.219
M10,11,3048,2006 Jun,4.463
M10,11,3049,2006 Jul,4.35
M10,11,3050,2006 Aug,4.278
M10,11,3051,2006 Sep,4.232
M10,11,3052,2006 Oct,4.185
M10,11,3053,2006 Nov,4.204
M10,11,3054,2006 Dec,4.34
M10,11,3055,2007 Jan,4.529
M10,11,3056,2007 Feb,4.486
M10,11,3057,2007 Mar,4.557
M10,11,3058,2007 Apr,4.72
M10,11,3059,2007 May,4.762
M10,11,3060,2007 Jun,4.934
M10,11,3061,2007 Jul,4.662
M10,11,3062,2007 Aug,4.577
M10,11,3063,2007 Sep,4.681
M10,11,3064,2007 Oct,4.598
M10,11,3065,2007 Nov,4.589
M10,11,3066,2007 Dec,4.49
M10,11,3067,2008 Jan,4.53
M10,11,3068,2008 Feb,4.526
M10,11,3069,2008 Mar,4.533
M10,11,3070,2008 Apr,4.713
M10,11,3071,2008 May,4.755
M10,11,3072,2008 Jun,4.78
M10,11,3073,2008 Jul,4.79
M10,11,3074,2008 Aug,4.544
M10,11,3075,2008 Sep,4.699
M10,11,3076,2008 Oct,4.754
M10,11,3077,2008 Nov,4.401
M10,11,3078,2008 Dec,4.072
M10,11,3079,2009 Jan,4.648
M10,11,3080,2009 Feb,4.563
M10,11,3081,2009 Mar,4.397
M10,11,3082,2009 Apr,4.597
M10,11,3083,2009 May,4.781
M10,11,3084,2009 Jun,4.592
M10,11,3085,2009 Jul,4.729
M10,11,3086,2009 Aug,4.347
M10,11,3087,2009 Sep,4.363
M10,11,3088,2009 Oct,4.483
M10,11,3089,2009 Nov,4.463
M10,11,3090,2009 Dec,4.577
M10,11,3091,2010 Jan,4.741
M10,11,3092,2010 Feb,4.927
M10,11,3093,2010 Mar,4.963
M10,11,3094,2010 Apr,4.827
M10,11,3095,2010 May,4.639
M10,11,3096,2010 Jun,4.577
M10,11,3097,2010 Jul,4.638
M10,11,3098,2010 Aug,4.211
M10,11,3099,2010 Sep,4.388
M10,11,3100,2010 Oct,4.5
M10,11,3101,2010 Nov,4.661
M10,11,3102,2010 Dec,4.591
M10,11,3103,2011 Jan,4.857
M10,11,3104,2011 Feb,4.784
M10,11,3105,2011 Mar,4.735
M10,11,3106,2011 Apr,4.591
M10,11,3107,2011 May,4.526
M10,11,3108,2011 Jun,4.566
M10,11,3109,2011 Jul,4.559979362836255
M10,11,3110,2011 Aug,4.262838895692207
M10,11,3111,2011 Sep,4.050938712979945
M10,11,3112,2011 Oct,3.936418960942851
M10,11,3113,2011 Nov,3.7178239238589663
M10,11,3114,2011 Dec,3.752241470562678
M10,11,3115,2012 Jan,3.7197899912850643
M10,11,3116,2012 Feb,3.9239721061639994
M10,11,3117,2012 Mar,3.976516860431489
M10,11,3118,2012 Apr,3.9384115349855318
M10,11,3119,2012 May,3.7600924299084584
M10,11,3120,2012 Jun,3.650897352138658
M10,11,3121,2012 Jul,3.5923528604926096
M10,11,3122,2012 Aug,3.6070304302203557
M10,11,3123,2012 Sep,3.6949999261000013
M10,11,3124,2012 Oct,3.7481748018356282
M10,11,3125,2012 Nov,3.73179899852085
M10,11,3126,2012 Dec,3.9009247244715275
M10,11,3127,2013 Jan,4.08208705978402
M10,11,3128,2013 Feb,4.211945076236207
M10,11,3129,2013 Mar,4.086336109317664
M10,11,3130,2013 Apr,3.9338218765454305
M10,11,3131,2013 May,4.077701574381161
M10,11,3132,2013 Jun,4.234094623546647
M10,11,3133,2013 Jul,4.300094228151782
M10,11,3134,2013 Aug,4.344444076660819
M10,11,3135,2013 Sep,4.396804680051465
M10,11,3136,2013 Oct,4.273091414430415
M10,11,3137,2013 Nov,4.330218325483953
M10,11,3138,2013 Dec,4.390625137207035
M10,11,3139,2014 Jan,4.3578163378496155
M10,11,3140,2014 Feb,4.317602866888304
M10,11,3141,2014 Mar,4.297255486162837
M10,11,3142,2014 Apr,4.263083402963695
M10,11,3143,2014 May,4.209214813068771
M10,11,3144,2014 Jun,4.243178585283848
M10,11,3145,2014 Jul,4.168962617093471
M10,11,3146,2014 Aug,3.9437152953054
M10,11,3147,2014 Sep,3.964192530019749
M10,11,3148,2014 Oct,3.8286623652477307
M10,11,3149,2014 Nov,3.793223785030422
M10,11,3150,2014 Dec,3.4165896578204107
M10,11,3151,2015 Jan,3.0215305635010616
M10,11,3152,2015 Feb,3.2070812353676925
M10,11,3153,2015 Mar,2.9314259521804473
M10,11,3154,2015 Apr,2.4905235578623346
M10,11,3155,2015 May,2.494250097144477
M10,11,3156,2015 Jun,2.497956217640113
M10,11,3157,2015 Jul,2.5862818685908255
M10,11,3158,2015 Aug,2.5997779138871357
M10,11,3159,2015 Sep,2.5118275268147814
M10,11,3160,2015 Oct,2.650174610679746
M10,11,3161,2015 Nov,2.594622783873141
M10,11,3162,2015 Dec,2.7092485612583816
M10,11,3163,2016 Jan,2.3858127494416506
M10,11,3164,2016 Feb,2.3061271437597437
M10,11,3165,2016 Mar,2.3187718770870633
M10,11,3166,2016 Apr,2.4476078264436705
M10,11,3167,2016 May,2.2817616295409704
M10,11,3168,2016 Jun,1.7905193017948489
M10,11,3169,2016 Jul,1.5669873584822267
M10,11,3170,2016 Aug,1.279289773312248
M10,11,3171,2016 Sep,1.5210804319639448
M10,11,3172,2016 Oct,1.920453594729888
M10,11,3173,2016 Nov,2.1026267910728955
M10,11,3174,2016 Dec,1.9307501546644559
M10,11,3175,2017 Jan,2.107840083974357
M10,11,3176,2017 Feb,1.8546476496973472
M10,11,3177,2017 Mar,1.8285130376467158
M10,20,2311,1945 Jan,2.98
M10,20,2312,1945 Feb,2.98
M10,20,2313,1945 Mar,2.98
M10,20,2314,1945 Apr,3.0
M10,20,2315,1945 May,3.03
M10,20,2316,1945 Jun,3.0
M10,20,2317,1945 Jul,2.96
M10,20,2318,1945 Aug,2.95
M10,20,2319,1945 Sep,2.98
M10,20,2320,1945 Oct,2.98
M10,20,2321,1945 Nov,2.99
M10,20,2322,1945 Dec,2.97
M10,20,2323,1946 Jan,2.78
M10,20,2324,1946 Feb,2.68
M10,20,2325,1946 Mar,2.69
M10,20,2326,1946 Apr,2.51
M10,20,2327,1946 May,2.62
M10,20,2328,1946 Jun,2.6
M10,20,2329,1946 Jul,2.53
M10,20,2330,1946 Aug,2.52
M10,20,2331,1946 Sep,2.48
M10,20,2332,1946 Oct,2.28
M10,20,2333,1946 Nov,2.27
M10,20,2334,1946 Dec,2.29
M10,20,2335,1947 Jan,2.22
M10,20,2336,1947 Feb,2.36
M10,20,2337,1947 Mar,2.52
M10,20,2338,1947 Apr,2.48
M10,20,2339,1947 May,2.47
M10,20,2340,1947 Jun,2.66
M10,20,2341,1947 Jul,3.0
M10,20,2342,1947 Aug,2.97
M10,20,2343,1947 Sep,2.99
M10,20,2344,1947 Oct,2.79
M10,20,2345,1947 Nov,2.98
M10,20,2346,1947 Dec,3.0
M10,20,2347,1948 Jan,2.88
M10,20,2348,1948 Feb,2.86
M10,20,2349,1948 Mar,2.87
M10,20,2350,1948 Apr,2.88
M10,20,2351,1948 May,2.9
M10,20,2352,1948 Jun,2.82
M10,20,2353,1948 Jul,2.8
M10,20,2354,1948 Aug,2.76
M10,20,2355,1948 Sep,2.73
M10,20,2356,1948 Oct,2.69
M10,20,2357,1948 Nov,2.6
M10,20,2358,1948 Dec,2.62
M10,20,2359,1949 Jan,2.6
M10,20,2360,1949 Feb,2.61
M10,20,2361,1949 Mar,2.58
M10,20,2362,1949 Apr,2.53
M10,20,2363,1949 May,2.59
M10,20,2364,1949 Jun,2.88
M10,20,2365,1949 Jul,3.31
M10,20,2366,1949 Aug,3.2
M10,20,2367,1949 Sep,3.02
M10,20,2368,1949 Oct,3.23
M10,20,2369,1949 Nov,2.94
M10,20,2370,1949 Dec,3.05
M10,20,2371,1950 Jan,3.04
M10,20,2372,1950 Feb,3.23
M10,20,2373,1950 Mar,3.1
M10,20,2374,1950 Apr,3.05
M10,20,2375,1950 May,2.91
M10,20,2376,1950 Jun,3.05
M10,20,2377,1950 Jul,3.05
M10,20,2378,1950 Aug,2.96
M10,20,2379,1950 Sep,2.89
M10,20,2380,1950 Oct,2.83
M10,20,2381,1950 Nov,2.94
M10,20,2382,1950 Dec,2.95
M10,20,2383,1951 Jan,3.33
M10,20,2384,1951 Feb,3.42
M10,20,2385,1951 Mar,3.43
M10,20,2386,1951 Apr,3.5
M10,20,2387,1951 May,3.62
M10,20,2388,1951 Jun,3.69
M10,20,2389,1951 Jul,3.63
M10,20,2390,1951 Aug,3.65
M10,20,2391,1951 Sep,3.68
M10,20,2392,1951 Oct,3.71
M10,20,2393,1951 Nov,3.87
M10,20,2394,1951 Dec,4.16
M10,20,2395,1952 Jan,4.11
M10,20,2396,1952 Feb,4.26
M10,20,2397,1952 Mar,4.33
M10,20,2398,1952 Apr,4.23
M10,20,2399,1952 May,4.36
M10,20,2400,1952 Jun,4.57
M10,20,2401,1952 Jul,4.36
M10,20,2402,1952 Aug,4.11
M10,20,2403,1952 Sep,4.2
M10,20,2404,1952 Oct,4.19
M10,20,2405,1952 Nov,4.15
M10,20,2406,1952 Dec,4.22
M10,20,2407,1953 Jan,4.13
M10,20,2408,1953 Feb,4.1
M10,20,2409,1953 Mar,4.04
M10,20,2410,1953 Apr,3.94
M10,20,2411,1953 May,3.95
M10,20,2412,1953 Jun,4.02
M10,20,2413,1953 Jul,3.98
M10,20,2414,1953 Aug,3.94
M10,20,2415,1953 Sep,3.78
M10,20,2416,1953 Oct,3.8
M10,20,2417,1953 Nov,3.78
M10,20,2418,1953 Dec,3.83
M10,20,2419,1954 Jan,3.79
M10,20,2420,1954 Feb,3.79
M10,20,2421,1954 Mar,3.76
M10,20,2422,1954 Apr,3.71
M10,20,2423,1954 May,3.65
M10,20,2424,1954 Jun,3.61
M10,20,2425,1954 Jul,3.35
M10,20,2426,1954 Aug,3.36
M10,20,2427,1954 Sep,3.35
M10,20,2428,1954 Oct,3.35
M10,20,2429,1954 Nov,3.38
M10,20,2430,1954 Dec,3.51
M10,20,2431,1955 Jan,3.64
M10,20,2432,1955 Feb,3.85
M10,20,2433,1955 Mar,3.83
M10,20,2434,1955 Apr,4.15
M10,20,2435,1955 May,4.21
M10,20,2436,1955 Jun,4.33
M10,20,2437,1955 Jul,4.47
M10,20,2438,1955 Aug,4.84
M10,20,2439,1955 Sep,4.68
M10,20,2440,1955 Oct,4.5
M10,20,2441,1955 Nov,4.64
M10,20,2442,1955 Dec,4.7
M10,20,2443,1956 Jan,4.84
M10,20,2444,1956 Feb,4.87
M10,20,2445,1956 Mar,5.02
M10,20,2446,1956 Apr,4.85
M10,20,2447,1956 May,5.12
M10,20,2448,1956 Jun,5.25
M10,20,2449,1956 Jul,5.27
M10,20,2450,1956 Aug,5.2
M10,20,2451,1956 Sep,5.35
M10,20,2452,1956 Oct,5.33
M10,20,2453,1956 Nov,5.5
M10,20,2454,1956 Dec,5.29
M10,20,2455,1957 Jan,4.91
M10,20,2456,1957 Feb,4.93
M10,20,2457,1957 Mar,5.08
M10,20,2458,1957 Apr,5.11
M10,20,2459,1957 May,5.43
M10,20,2460,1957 Jun,5.55
M10,20,2461,1957 Jul,5.6
M10,20,2462,1957 Aug,5.75
M10,20,2463,1957 Sep,5.98
M10,20,2464,1957 Oct,5.84
M10,20,2465,1957 Nov,5.89
M10,20,2466,1957 Dec,5.81
M10,20,2467,1958 Jan,5.66
M10,20,2468,1958 Feb,5.65
M10,20,2469,1958 Mar,5.64
M10,20,2470,1958 Apr,5.45
M10,20,2471,1958 May,5.46
M10,20,2472,1958 Jun,5.45
M10,20,2473,1958 Jul,5.46
M10,20,2474,1958 Aug,5.49
M10,20,2475,1958 Sep,5.36
M10,20,2476,1958 Oct,5.35
M10,20,2477,1958 Nov,5.36
M10,20,2478,1958 Dec,5.36
M10,20,2479,1959 Jan,5.2
M10,20,2480,1959 Feb,5.2
M10,20,2481,1959 Mar,5.24
M10,20,2482,1959 Apr,5.22
M10,20,2483,1959 May,5.28
M10,20,2484,1959 Jun,5.18
M10,20,2485,1959 Jul,5.13
M10,20,2486,1959 Aug,5.21
M10,20,2487,1959 Sep,5.33
M10,20,2488,1959 Oct,5.06
M10,20,2489,1959 Nov,5.04
M10,20,2490,1959 Dec,5.21
M10,20,2491,1960 Jan,5.34
M10,20,2492,1960 Feb,5.43
M10,20,2493,1960 Mar,5.53
M10,20,2494,1960 Apr,5.59
M10,20,2495,1960 May,5.62
M10,20,2496,1960 Jun,5.92
M10,20,2497,1960 Jul,5.97
M10,20,2498,1960 Aug,5.95
M10,20,2499,1960 Sep,5.97
M10,20,2500,1960 Oct,5.97
M10,20,2501,1960 Nov,5.97
M10,20,2502,1960 Dec,6.01
M10,20,2503,1961 Jan,6.01
M10,20,2504,1961 Feb,6.04
M10,20,2505,1961 Mar,6.05
M10,20,2506,1961 Apr,6.01
M10,20,2507,1961 May,6.08
M10,20,2508,1961 Jun,6.33
M10,20,2509,1961 Jul,6.52
M10,20,2510,1961 Aug,6.63
M10,20,2511,1961 Sep,6.65
M10,20,2512,1961 Oct,6.33
M10,20,2513,1961 Nov,6.34
M10,20,2514,1961 Dec,6.41
M10,20,2515,1962 Jan,6.35
M10,20,2516,1962 Feb,6.26
M10,20,2517,1962 Mar,6.25
M10,20,2518,1962 Apr,6.24
M10,20,2519,1962 May,6.25
M10,20,2520,1962 Jun,6.24
M10,20,2521,1962 Jul,5.98
M10,20,2522,1962 Aug,5.77
M10,20,2523,1962 Sep,5.27
M10,20,2524,1962 Oct,5.37
M10,20,2525,1962 Nov,5.42
M10,20,2526,1962 Dec,5.36
M10,20,2527,1963 Jan,5.54
M10,20,2528,1963 Feb,5.74
M10,20,2529,1963 Mar,5.69
M10,20,2530,1963 Apr,5.5
M10,20,2531,1963 May,5.31
M10,20,2532,1963 Jun,5.28
M10,20,2533,1963 Jul,5.2
M10,20,2534,1963 Aug,5.22
M10,20,2535,1963 Sep,5.21
M10,20,2536,1963 Oct,5.26
M10,20,2537,1963 Nov,5.51
M10,20,2538,1963 Dec,5.63
M10,20,2539,1964 Jan,5.64
M10,20,2540,1964 Feb,5.85
M10,20,2541,1964 Mar,5.76
M10,20,2542,1964 Apr,5.93
M10,20,2543,1964 May,5.9
M10,20,2544,1964 Jun,5.97
M10,20,2545,1964 Jul,6.02
M10,20,2546,1964 Aug,6.0
M10,20,2547,1964 Sep,6.0
M10,20,2548,1964 Oct,6.06
M10,20,2549,1964 Nov,6.23
M10,20,2550,1964 Dec,6.41
M10,20,2551,1965 Jan,6.41
M10,20,2552,1965 Feb,6.43
M10,20,2553,1965 Mar,6.53
M10,20,2554,1965 Apr,6.61
M10,20,2555,1965 May,6.76
M10,20,2556,1965 Jun,6.78
M10,20,2557,1965 Jul,6.8
M10,20,2558,1965 Aug,6.65
M10,20,2559,1965 Sep,6.35
M10,20,2560,1965 Oct,6.37
M10,20,2561,1965 Nov,6.4
M10,20,2562,1965 Dec,6.59
M10,20,2563,1966 Jan,6.52
M10,20,2564,1966 Feb,6.61
M10,20,2565,1966 Mar,6.77
M10,20,2566,1966 Apr,6.78
M10,20,2567,1966 May,6.82
M10,20,2568,1966 Jun,7.03
M10,20,2569,1966 Jul,7.29
M10,20,2570,1966 Aug,7.41
M10,20,2571,1966 Sep,7.29
M10,20,2572,1966 Oct,6.96
M10,20,2573,1966 Nov,6.97
M10,20,2574,1966 Dec,6.78
M10,20,2575,1967 Jan,6.58
M10,20,2576,1967 Feb,6.49
M10,20,2577,1967 Mar,6.5
M10,20,2578,1967 Apr,6.46
M10,20,2579,1967 May,6.65
M10,20,2580,1967 Jun,6.86
M10,20,2581,1967 Jul,6.92
M10,20,2582,1967 Aug,6.9
M10,20,2583,1967 Sep,6.98
M10,20,2584,1967 Oct,7.0
M10,20,2585,1967 Nov,7.22
M10,20,2586,1967 Dec,7.2
M10,20,2587,1968 Jan,7.28
M10,20,2588,1968 Feb,7.28
M10,20,2589,1968 Mar,7.29
M10,20,2590,1968 Apr,7.34
M10,20,2591,1968 May,7.5
M10,20,2592,1968 Jun,7.87
M10,20,2593,1968 Jul,7.63
M10,20,2594,1968 Aug,7.63
M10,20,2595,1968 Sep,7.64
M10,20,2596,1968 Oct,7.7
M10,20,2597,1968 Nov,7.93
M10,20,2598,1968 Dec,8.17
M10,20,2599,1969 Jan,8.47
M10,20,2600,1969 Feb,8.61
M10,20,2601,1969 Mar,8.81
M10,20,2602,1969 Apr,8.9
M10,20,2603,1969 May,9.46
M10,20,2604,1969 Jun,9.31
M10,20,2605,1969 Jul,9.19
M10,20,2606,1969 Aug,9.49
M10,20,2607,1969 Sep,9.21
M10,20,2608,1969 Oct,8.95
M10,20,2609,1969 Nov,9.29
M10,20,2610,1969 Dec,9.04
M10,23,2527,1963 Jan,5.05
M10,23,2528,1963 Feb,5.2
M10,23,2529,1963 Mar,5.36
M10,23,2530,1963 Apr,5.32
M10,23,2531,1963 May,5.17
M10,23,2532,1963 Jun,5.04
M10,23,2533,1963 Jul,4.98
M10,23,2534,1963 Aug,4.83
M10,23,2535,1963 Sep,4.82
M10,23,2536,1963 Oct,4.77
M10,23,2537,1963 Nov,4.98
M10,23,2538,1963 Dec,5.08
M10,23,2539,1964 Jan,5.23
M10,23,2540,1964 Feb,5.31
M10,23,2541,1964 Mar,5.42
M10,23,2542,1964 Apr,5.42
M10,23,2543,1964 May,5.44
M10,23,2544,1964 Jun,5.51
M10,23,2545,1964 Jul,5.63
M10,23,2546,1964 Aug,5.68
M10,23,2547,1964 Sep,5.69
M10,23,2548,1964 Oct,5.77
M10,23,2549,1964 Nov,5.86
M10,23,2550,1964 Dec,6.26
M10,23,2551,1965 Jan,6.43
M10,23,2552,1965 Feb,6.33
M10,23,2553,1965 Mar,6.4
M10,23,2554,1965 Apr,6.56
M10,23,2555,1965 May,6.6
M10,23,2556,1965 Jun,6.69
M10,23,2557,1965 Jul,6.77
M10,23,2558,1965 Aug,6.8
M10,23,2559,1965 Sep,6.55
M10,23,2560,1965 Oct,6.46
M10,23,2561,1965 Nov,6.47
M10,23,2562,1965 Dec,6.54
M10,23,2563,1966 Jan,6.56
M10,23,2564,1966 Feb,6.52
M10,23,2565,1966 Mar,6.69
M10,23,2566,1966 Apr,6.78
M10,23,2567,1966 May,6.82
M10,23,2568,1966 Jun,6.96
M10,23,2569,1966 Jul,7.34
M10,23,2570,1966 Aug,7.49
M10,23,2571,1966 Sep,7.0
M10,23,2572,1966 Oct,6.92
M10,23,2573,1966 Nov,6.86
M10,23,2574,1966 Dec,6.63
M10,23,2575,1967 Jan,6.57
M10,23,2576,1967 Feb,6.4
M10,23,2577,1967 Mar,6.43
M10,23,2578,1967 Apr,6.37
M10,23,2579,1967 May,6.42
M10,23,2580,1967 Jun,6.64
M10,23,2581,1967 Jul,6.81
M10,23,2582,1967 Aug,6.71
M10,23,2583,1967 Sep,6.74
M10,23,2584,1967 Oct,6.9
M10,23,2585,1967 Nov,7.1
M10,23,2586,1967 Dec,7.31
M10,23,2587,1968 Jan,7.3
M10,23,2588,1968 Feb,7.27
M10,23,2589,1968 Mar,7.3
M10,23,2590,1968 Apr,7.27
M10,23,2591,1968 May,7.36
M10,23,2592,1968 Jun,7.61
M10,23,2593,1968 Jul,7.69
M10,23,2594,1968 Aug,7.55
M10,23,2595,1968 Sep,7.5
M10,23,2596,1968 Oct,7.52
M10,23,2597,1968 Nov,7.73
M10,23,2598,1968 Dec,8.01
M10,23,2599,1969 Jan,8.26
M10,23,2600,1969 Feb,8.4
M10,23,2601,1969 Mar,8.66
M10,23,2602,1969 Apr,8.65
M10,23,2603,1969 May,8.97
M10,23,2604,1969 Jun,9.29
M10,23,2605,1969 Jul,8.98
M10,23,2606,1969 Aug,9.02
M10,23,2607,1969 Sep,9.06
M10,23,2608,1969 Oct,8.84
M10,23,2609,1969 Nov,8.92
M10,23,2610,1969 Dec,8.91
M10,23,2611,1970 Jan,8.89
M10,23,2612,1970 Feb,8.68
M10,23,2613,1970 Mar,8.54
M10,23,2614,1970 Apr,8.55
M10,23,2615,1970 May,8.8
M10,23,2616,1970 Jun,8.85
M10,23,2617,1970 Jul,8.5
M10,23,2618,1970 Aug,8.33
M10,23,2619,1970 Sep,8.43
M10,23,2620,1970 Oct,8.42
M10,23,2621,1970 Nov,8.69
M10,23,2622,1970 Dec,8.93
M10,23,2623,1971 Jan,8.8
M10,23,2624,1971 Feb,8.59
M10,23,2625,1971 Mar,8.34
M10,23,2626,1971 Apr,8.21
M10,23,2627,1971 May,8.09
M10,23,2628,1971 Jun,8.14
M10,23,2629,1971 Jul,8.5
M10,23,2630,1971 Aug,8.03
M10,23,2631,1971 Sep,7.82
M10,23,2632,1971 Oct,7.65
M10,23,2633,1971 Nov,7.24
M10,23,2634,1971 Dec,7.32
M10,23,2635,1972 Jan,7.03
M10,23,2636,1972 Feb,7.05
M10,23,2637,1972 Mar,7.39
M10,23,2638,1972 Apr,7.44
M10,23,2639,1972 May,7.85
M10,23,2640,1972 Jun,8.95
M10,23,2641,1972 Jul,8.9
M10,23,2642,1972 Aug,9.05
M10,23,2643,1972 Sep,9.29
M10,23,2644,1972 Oct,9.1
M10,23,2645,1972 Nov,9.09
M10,23,2646,1972 Dec,9.36
M10,23,2647,1973 Jan,9.17
M10,23,2648,1973 Feb,9.33
M10,23,2649,1973 Mar,9.78
M10,23,2650,1973 Apr,9.66
M10,23,2651,1973 May,9.74
M10,23,2652,1973 Jun,9.88
M10,23,2653,1973 Jul,10.43
M10,23,2654,1973 Aug,11.22
M10,23,2655,1973 Sep,11.48
M10,23,2656,1973 Oct,11.29
M10,23,2657,1973 Nov,12.08
M10,23,2658,1973 Dec,12.64
M10,23,2659,1974 Jan,13.0
M10,23,2660,1974 Feb,13.46
M10,23,2661,1974 Mar,13.51
M10,23,2662,1974 Apr,13.82
M10,23,2663,1974 May,13.33
M10,23,2664,1974 Jun,13.81
M10,23,2665,1974 Jul,14.17
M10,23,2666,1974 Aug,14.52
M10,23,2667,1974 Sep,14.17
M10,23,2668,1974 Oct,14.61
M10,23,2669,1974 Nov,15.76
M10,23,2670,1974 Dec,16.32
M10,23,2671,1975 Jan,15.07
M10,23,2672,1975 Feb,13.33
M10,23,2673,1975 Mar,12.24
M10,23,2674,1975 Apr,12.42
M10,23,2675,1975 May,13.11
M10,23,2676,1975 Jun,12.99
M10,23,2677,1975 Jul,12.75
M10,23,2678,1975 Aug,12.77
M10,23,2679,1975 Sep,12.76
M10,23,2680,1975 Oct,13.51
M10,23,2681,1975 Nov,13.66
M10,23,2682,1975 Dec,13.57
M10,23,2683,1976 Jan,12.64
M10,23,2684,1976 Feb,12.13
M10,23,2685,1976 Mar,12.55
M10,23,2686,1976 Apr,12.47
M10,23,2687,1976 May,12.37
M10,23,2688,1976 Jun,13.45
M10,23,2689,1976 Jul,13.56
M10,23,2690,1976 Aug,13.67
M10,23,2691,1976 Sep,14.18
M10,23,2692,1976 Oct,15.67
M10,23,2693,1976 Nov,15.46
M10,23,2694,1976 Dec,15.17
M10,23,2695,1977 Jan,14.07
M10,23,2696,1977 Feb,13.34
M10,23,2697,1977 Mar,12.44
M10,23,2698,1977 Apr,12.18
M10,23,2699,1977 May,11.86
M10,23,2700,1977 Jun,12.52
M10,23,2701,1977 Jul,12.87
M10,23,2702,1977 Aug,12.29
M10,23,2703,1977 Sep,11.03
M10,23,2704,1977 Oct,10.28
M10,23,2705,1977 Nov,10.68
M10,23,2706,1977 Dec,10.67
M10,23,2707,1978 Jan,10.58
M10,23,2708,1978 Feb,11.28
M10,23,2709,1978 Mar,11.17
M10,23,2710,1978 Apr,11.87
M10,23,2711,1978 May,12.29
M10,23,2712,1978 Jun,12.48
M10,23,2713,1978 Jul,12.41
M10,23,2714,1978 Aug,12.21
M10,23,2715,1978 Sep,12.36
M10,23,2716,1978 Oct,12.69
M10,23,2717,1978 Nov,13.03
M10,23,2718,1978 Dec,13.11
M10,23,2719,1979 Jan,13.61
M10,23,2720,1979 Feb,13.8
M10,23,2721,1979 Mar,12.07
M10,23,2722,1979 Apr,11.41
M10,23,2723,1979 May,11.7
M10,23,2724,1979 Jun,12.56
M10,23,2725,1979 Jul,12.24
M10,23,2726,1979 Aug,12.25
M10,23,2727,1979 Sep,12.54
M10,23,2728,1979 Oct,13.17
M10,23,2729,1979 Nov,14.85
M10,23,2730,1979 Dec,14.96
M10,23,2731,1980 Jan,14.43
M10,23,2732,1980 Feb,14.73
M10,23,2733,1980 Mar,14.93
M10,23,2734,1980 Apr,14.42
M10,23,2735,1980 May,14.11
M10,23,2736,1980 Jun,13.78
M10,23,2737,1980 Jul,13.08
M10,23,2738,1980 Aug,13.7
M10,23,2739,1980 Sep,13.47
M10,23,2740,1980 Oct,13.2
M10,23,2741,1980 Nov,13.34
M10,23,2742,1980 Dec,13.78
M10,23,2743,1981 Jan,13.97
M10,23,2744,1981 Feb,13.84
M10,23,2745,1981 Mar,13.66
M10,23,2746,1981 Apr,13.66
M10,23,2747,1981 May,14.4
M10,23,2748,1981 Jun,14.69
M10,23,2749,1981 Jul,15.28
M10,23,2750,1981 Aug,15.23
M10,23,2751,1981 Sep,15.81
M10,23,2752,1981 Oct,16.34
M10,23,2753,1981 Nov,15.72
M10,23,2754,1981 Dec,16.0
M10,23,2755,1982 Jan,15.94
M10,23,2756,1982 Feb,15.09
M10,23,2757,1982 Mar,14.01
M10,23,2758,1982 Apr,14.2
M10,23,2759,1982 May,13.89
M10,23,2760,1982 Jun,13.75
M10,23,2761,1982 Jul,13.35
M10,23,2762,1982 Aug,12.21
M10,23,2763,1982 Sep,11.51
M10,23,2764,1982 Oct,10.69
M10,23,2765,1982 Nov,10.8
M10,23,2766,1982 Dec,11.58
M10,23,2767,1983 Jan,11.87
M10,23,2768,1983 Feb,11.79
M10,23,2769,1983 Mar,11.38
M10,23,2770,1983 Apr,11.06
M10,23,2771,1983 May,11.16
M10,23,2772,1983 Jun,10.99
M10,23,2773,1983 Jul,11.53
M10,23,2774,1983 Aug,11.72
M10,23,2775,1983 Sep,11.25
M10,23,2776,1983 Oct,11.02
M10,23,2777,1983 Nov,10.68
M10,23,2778,1983 Dec,10.77
M10,23,2779,1984 Jan,10.77
M10,23,2780,1984 Feb,10.87
M10,23,2781,1984 Mar,10.66
M10,23,2782,1984 Apr,10.85
M10,23,2783,1984 May,11.38
M10,23,2784,1984 Jun,11.59
M10,23,2785,1984 Jul,12.07
M10,23,2786,1984 Aug,11.41
M10,23,2787,1984 Sep,11.23
M10,23,2788,1984 Oct,11.1
M10,23,2789,1984 Nov,10.73
M10,23,2790,1984 Dec,10.87
M10,23,2791,1985 Jan,11.36
M10,23,2792,1985 Feb,11.49
M10,23,2793,1985 Mar,11.33
M10,23,2794,1985 Apr,11.07
M10,23,2795,1985 May,11.23
M10,23,2796,1985 Jun,11.03
M10,23,2797,1985 Jul,10.77
M10,23,2798,1985 Aug,10.69
M10,23,2799,1985 Sep,10.68
M10,23,2800,1985 Oct,10.52
M10,23,2801,1985 Nov,10.69
M10,23,2802,1985 Dec,10.78
M10,23,2803,1986 Jan,11.13
M10,23,2804,1986 Feb,10.73
M10,23,2805,1986 Mar,9.69
M10,23,2806,1986 Apr,8.94
M10,23,2807,1986 May,9.15
M10,23,2808,1986 Jun,9.45
M10,23,2809,1986 Jul,9.61
M10,23,2810,1986 Aug,9.66
M10,23,2811,1986 Sep,10.28
M10,23,2812,1986 Oct,10.92
M10,23,2813,1986 Nov,11.08
M10,23,2814,1986 Dec,10.98
M10,23,2815,1987 Jan,10.27
M10,23,2816,1987 Feb,9.97
M10,23,2817,1987 Mar,9.11
M10,23,2818,1987 Apr,9.14
M10,23,2819,1987 May,8.8
M10,23,2820,1987 Jun,8.93
M10,23,2821,1987 Jul,9.29
M10,23,2822,1987 Aug,10.13
M10,23,2823,1987 Sep,10.21
M10,23,2824,1987 Oct,10.14
M10,23,2825,1987 Nov,9.23
M10,23,2826,1987 Dec,9.63
M10,23,2827,1988 Jan,9.71
M10,23,2828,1988 Feb,9.52
M10,23,2829,1988 Mar,9.22
M10,23,2830,1988 Apr,9.2
M10,23,2831,1988 May,9.41
M10,23,2832,1988 Jun,9.51
M10,23,2833,1988 Jul,9.84
M10,23,2834,1988 Aug,9.91
M10,23,2835,1988 Sep,10.1
M10,23,2836,1988 Oct,9.69
M10,23,2837,1988 Nov,9.86
M10,23,2838,1988 Dec,10.14
M10,23,2839,1989 Jan,9.96
M10,23,2840,1989 Feb,9.72
M10,23,2841,1989 Mar,9.88
M10,23,2842,1989 Apr,10.18
M10,23,2843,1989 May,10.17
M10,23,2844,1989 Jun,10.55
M10,23,2845,1989 Jul,10.15
M10,23,2846,1989 Aug,9.91
M10,23,2847,1989 Sep,10.21
M10,23,2848,1989 Oct,10.45
M10,23,2849,1989 Nov,10.55
M10,23,2850,1989 Dec,10.56
M10,23,2851,1990 Jan,10.89
M10,23,2852,1990 Feb,11.33
M10,23,2853,1990 Mar,12.42
M10,23,2854,1990 Apr,12.74
M10,23,2855,1990 May,12.41
M10,23,2856,1990 Jun,11.8
M10,23,2857,1990 Jul,11.84
M10,23,2858,1990 Aug,12.15
M10,23,2859,1990 Sep,12.1
M10,23,2860,1990 Oct,11.74
M10,23,2861,1990 Nov,11.37
M10,23,2862,1990 Dec,10.84
M10,23,2863,1991 Jan,10.59
M10,23,2864,1991 Feb,10.13
M10,23,2865,1991 Mar,10.29
M10,23,2866,1991 Apr,10.19
M10,23,2867,1991 May,10.38
M10,23,2868,1991 Jun,10.58
M10,23,2869,1991 Jul,10.28
M10,23,2870,1991 Aug,10.03
M10,23,2871,1991 Sep,9.64
M10,23,2872,1991 Oct,9.72
M10,23,2873,1991 Nov,9.77
M10,23,2874,1991 Dec,9.66
M10,23,2875,1992 Jan,9.46
M10,23,2876,1992 Feb,9.3
M10,23,2877,1992 Mar,9.68
M10,23,2878,1992 Apr,9.43
M10,23,2879,1992 May,9.02
M10,23,2880,1992 Jun,9.12
M10,23,2881,1992 Jul,9.05
M10,23,2882,1992 Aug,9.35
M10,23,2883,1992 Sep,9.19
M10,23,2884,1992 Oct,8.65
M10,23,2885,1992 Nov,8.19
M10,23,2886,1992 Dec,8.32
M10,23,2887,1993 Jan,8.29
M10,23,2888,1993 Feb,7.95
M10,23,2889,1993 Mar,7.72
M10,23,2890,1993 Apr,7.89
M10,23,2891,1993 May,8.15
M10,23,2892,1993 Jun,7.96
M10,23,2893,1993 Jul,7.62
M10,23,2894,1993 Aug,7.07
M10,23,2895,1993 Sep,6.96
M10,23,2896,1993 Oct,6.87
M10,23,2897,1993 Nov,6.85
M10,23,2898,1993 Dec,6.28
M10,23,2899,1994 Jan,6.24
M10,23,2900,1994 Feb,6.72
M10,23,2901,1994 Mar,7.4
M10,23,2902,1994 Apr,7.86
M10,23,2903,1994 May,8.36
M10,23,2904,1994 Jun,8.82
M10,23,2905,1994 Jul,8.61
M10,23,2906,1994 Aug,8.74
M10,23,2907,1994 Sep,9.01
M10,23,2908,1994 Oct,8.87
M10,23,2909,1994 Nov,8.71
M10,23,2910,1994 Dec,8.65
M10,23,2911,1995 Jan,8.82
M10,23,2912,1995 Feb,8.72
M10,23,2913,1995 Mar,8.66
M10,23,2914,1995 Apr,8.49
M10,23,2915,1995 May,8.24
M10,23,2916,1995 Jun,8.15
M10,23,2917,1995 Jul,8.3
M10,23,2918,1995 Aug,8.15
M10,23,2919,1995 Sep,7.96
M10,23,2920,1995 Oct,8.12
M10,23,2921,1995 Nov,7.79
M10,23,2922,1995 Dec,7.5
M10,23,2923,1996 Jan,7.45
M10,23,2924,1996 Feb,7.78
M10,23,2925,1996 Mar,8.07
M10,23,2926,1996 Apr,8.07
M10,23,2927,1996 May,8.1
M10,23,2928,1996 Jun,8.06
M10,23,2929,1996 Jul,7.93
M10,23,2930,1996 Aug,7.85
M10,23,2931,1996 Sep,7.83
M10,23,2932,1996 Oct,7.56
M10,23,2933,1996 Nov,7.61
M10,23,2934,1996 Dec,7.56
M10,23,2935,1997 Jan,7.55
M10,23,2936,1997 Feb,7.2
M10,23,2937,1997 Mar,7.47
M10,23,2938,1997 Apr,7.65
M10,23,2939,1997 May,7.16
M10,23,2940,1997 Jun,7.14
M10,23,2941,1997 Jul,7.05
M10,23,2942,1997 Aug,7.09
M10,23,2943,1997 Sep,6.81
M10,23,2944,1997 Oct,6.51
M10,23,2945,1997 Nov,6.61
M10,23,2946,1997 Dec,6.36
M10,23,2947,1998 Jan,6.09
M10,23,2948,1998 Feb,6.03
M10,23,2949,1998 Mar,5.95
M10,23,2950,1998 Apr,5.79
M10,23,2951,1998 May,5.83
M10,23,2952,1998 Jun,5.73
M10,23,2953,1998 Jul,5.76
M10,23,2954,1998 Aug,5.54
M10,23,2955,1998 Sep,5.13
M10,23,2956,1998 Oct,5.0
M10,23,2957,1998 Nov,4.91
M10,23,2958,1998 Dec,4.5
M10,23,2959,1999 Jan,4.29
M10,23,2960,1999 Feb,4.45
M10,23,2961,1999 Mar,4.67
M10,23,2962,1999 Apr,4.6
M10,23,2963,1999 May,4.91
M10,23,2964,1999 Jun,5.17
M10,23,2965,1999 Jul,5.34
M10,23,2966,1999 Aug,5.39
M10,23,2967,1999 Sep,5.65
M10,23,2968,1999 Oct,5.84
M10,23,2969,1999 Nov,5.28
M10,23,2970,1999 Dec,5.39
M10,23,2971,2000 Jan,5.82
M10,23,2972,2000 Feb,5.63
M10,23,2973,2000 Mar,5.36
M10,23,2974,2000 Apr,5.31
M10,23,2975,2000 May,5.4
M10,23,2976,2000 Jun,5.2
M10,23,2977,2000 Jul,5.21
M10,23,2978,2000 Aug,5.29
M10,23,2979,2000 Sep,5.35
M10,23,2980,2000 Oct,5.19
M10,23,2981,2000 Nov,5.07
M10,23,2982,2000 Dec,4.9
M10,23,2983,2001 Jan,4.86
M10,23,2984,2001 Feb,4.85
M10,23,2985,2001 Mar,4.73
M10,23,2986,2001 Apr,4.96
M10,23,2987,2001 May,5.13
M10,23,2988,2001 Jun,5.2
M10,23,2989,2001 Jul,5.19
M10,23,2990,2001 Aug,4.97
M10,23,2991,2001 Sep,4.98
M10,23,2992,2001 Oct,4.83
M10,23,2993,2001 Nov,4.63
M10,23,2994,2001 Dec,4.9
M10,23,2995,2002 Jan,4.94
M10,23,2996,2002 Feb,4.97
M10,23,2997,2002 Mar,5.25
M10,23,2998,2002 Apr,5.26
M10,23,2999,2002 May,5.29
M10,23,3000,2002 Jun,5.12
M10,23,3001,2002 Jul,5.01
M10,23,3002,2002 Aug,4.71
M10,23,3003,2002 Sep,4.49
M10,23,3004,2002 Oct,4.61
M10,23,3005,2002 Nov,4.64
M10,23,3006,2002 Dec,4.57
M10,24,2527,1963 Jan,5.34
M10,24,2528,1963 Feb,5.5
M10,24,2529,1963 Mar,5.63
M10,24,2530,1963 Apr,5.47
M10,24,2531,1963 May,5.31
M10,24,2532,1963 Jun,5.2
M10,24,2533,1963 Jul,5.11
M10,24,2534,1963 Aug,5.07
M10,24,2535,1963 Sep,5.05
M10,24,2536,1963 Oct,5.08
M10,24,2537,1963 Nov,5.32
M10,24,2538,1963 Dec,5.52
M10,24,2539,1964 Jan,5.53
M10,24,2540,1964 Feb,5.66
M10,24,2541,1964 Mar,5.68
M10,24,2542,1964 Apr,5.7
M10,24,2543,1964 May,5.79
M10,24,2544,1964 Jun,5.83
M10,24,2545,1964 Jul,5.8
M10,24,2546,1964 Aug,5.84
M10,24,2547,1964 Sep,5.84
M10,24,2548,1964 Oct,5.87
M10,24,2549,1964 Nov,5.9
M10,24,2550,1964 Dec,6.15
M10,24,2551,1965 Jan,6.18
M10,24,2552,1965 Feb,6.21
M10,24,2553,1965 Mar,6.28
M10,24,2554,1965 Apr,6.48
M10,24,2555,1965 May,6.68
M10,24,2556,1965 Jun,6.69
M10,24,2557,1965 Jul,6.71
M10,24,2558,1965 Aug,6.6
M10,24,2559,1965 Sep,6.26
M10,24,2560,1965 Oct,6.25
M10,24,2561,1965 Nov,6.32
M10,24,2562,1965 Dec,6.47
M10,24,2563,1966 Jan,6.53
M10,24,2564,1966 Feb,6.56
M10,24,2565,1966 Mar,6.7
M10,24,2566,1966 Apr,6.73
M10,24,2567,1966 May,6.78
M10,24,2568,1966 Jun,6.89
M10,24,2569,1966 Jul,7.29
M10,24,2570,1966 Aug,7.41
M10,24,2571,1966 Sep,7.29
M10,24,2572,1966 Oct,6.96
M10,24,2573,1966 Nov,6.97
M10,24,2574,1966 Dec,6.78
M10,24,2575,1967 Jan,6.73
M10,24,2576,1967 Feb,6.5
M10,24,2577,1967 Mar,6.49
M10,24,2578,1967 Apr,6.42
M10,24,2579,1967 May,6.57
M10,24,2580,1967 Jun,6.75
M10,24,2581,1967 Jul,6.94
M10,24,2582,1967 Aug,6.9
M10,24,2583,1967 Sep,6.91
M10,24,2584,1967 Oct,7.0
M10,24,2585,1967 Nov,7.14
M10,24,2586,1967 Dec,7.26
M10,24,2587,1968 Jan,7.26
M10,24,2588,1968 Feb,7.25
M10,24,2589,1968 Mar,7.29
M10,24,2590,1968 Apr,7.28
M10,24,2591,1968 May,7.36
M10,24,2592,1968 Jun,7.6
M10,24,2593,1968 Jul,7.7
M10,24,2594,1968 Aug,7.62
M10,24,2595,1968 Sep,7.63
M10,24,2596,1968 Oct,7.63
M10,24,2597,1968 Nov,7.83
M10,24,2598,1968 Dec,8.09
M10,24,2599,1969 Jan,8.36
M10,24,2600,1969 Feb,8.57
M10,24,2601,1969 Mar,8.77
M10,24,2602,1969 Apr,8.85
M10,24,2603,1969 May,9.15
M10,24,2604,1969 Jun,9.55
M10,24,2605,1969 Jul,9.27
M10,24,2606,1969 Aug,9.34
M10,24,2607,1969 Sep,9.37
M10,24,2608,1969 Oct,9.03
M10,24,2609,1969 Nov,9.13
M10,24,2610,1969 Dec,9.15
M10,24,2611,1970 Jan,9.03
M10,24,2612,1970 Feb,8.79
M10,24,2613,1970 Mar,8.75
M10,24,2614,1970 Apr,8.94
M10,24,2615,1970 May,9.4
M10,24,2616,1970 Jun,9.58
M10,24,2617,1970 Jul,9.33
M10,24,2618,1970 Aug,9.19
M10,24,2619,1970 Sep,9.28
M10,24,2620,1970 Oct,9.15
M10,24,2621,1970 Nov,9.51
M10,24,2622,1970 Dec,9.62
M10,24,2623,1971 Jan,9.51
M10,24,2624,1971 Feb,9.35
M10,24,2625,1971 Mar,9.07
M10,24,2626,1971 Apr,9.07
M10,24,2627,1971 May,9.03
M10,24,2628,1971 Jun,9.08
M10,24,2629,1971 Jul,9.22
M10,24,2630,1971 Aug,8.96
M10,24,2631,1971 Sep,8.5
M10,24,2632,1971 Oct,8.51
M10,24,2633,1971 Nov,7.79
M10,24,2634,1971 Dec,8.1
M10,24,2635,1972 Jan,7.93
M10,24,2636,1972 Feb,7.9
M10,24,2637,1972 Mar,8.16
M10,24,2638,1972 Apr,8.26
M10,24,2639,1972 May,8.6
M10,24,2640,1972 Jun,9.32
M10,24,2641,1972 Jul,9.23
M10,24,2642,1972 Aug,9.36
M10,24,2643,1972 Sep,9.54
M10,24,2644,1972 Oct,9.46
M10,24,2645,1972 Nov,9.45
M10,24,2646,1972 Dec,9.62
M10,24,2647,1973 Jan,9.56
M10,24,2648,1973 Feb,9.65
M10,24,2649,1973 Mar,10.01
M10,24,2650,1973 Apr,9.93
M10,24,2651,1973 May,10.02
M10,24,2652,1973 Jun,10.15
M10,24,2653,1973 Jul,10.6
M10,24,2654,1973 Aug,11.3
M10,24,2655,1973 Sep,11.55
M10,24,2656,1973 Oct,11.28
M10,24,2657,1973 Nov,12.0
M10,24,2658,1973 Dec,12.5
M10,24,2659,1974 Jan,12.89
M10,24,2660,1974 Feb,13.5
M10,24,2661,1974 Mar,13.68
M10,24,2662,1974 Apr,14.21
M10,24,2663,1974 May,13.8
M10,24,2664,1974 Jun,14.38
M10,24,2665,1974 Jul,14.88
M10,24,2666,1974 Aug,15.29
M10,24,2667,1974 Sep,14.95
M10,24,2668,1974 Oct,15.68
M10,24,2669,1974 Nov,16.75
M10,24,2670,1974 Dec,17.18
M10,24,2671,1975 Jan,16.02
M10,24,2672,1975 Feb,14.58
M10,24,2673,1975 Mar,13.43
M10,24,2674,1975 Apr,13.89
M10,24,2675,1975 May,14.53
M10,24,2676,1975 Jun,14.41
M10,24,2677,1975 Jul,13.93
M10,24,2678,1975 Aug,13.87
M10,24,2679,1975 Sep,13.79
M10,24,2680,1975 Oct,14.66
M10,24,2681,1975 Nov,14.81
M10,24,2682,1975 Dec,14.79
M10,24,2683,1976 Jan,13.79
M10,24,2684,1976 Feb,13.46
M10,24,2685,1976 Mar,13.88
M10,24,2686,1976 Apr,13.77
M10,24,2687,1976 May,13.59
M10,24,2688,1976 Jun,14.09
M10,24,2689,1976 Jul,14.16
M10,24,2690,1976 Aug,14.33
M10,24,2691,1976 Sep,14.79
M10,24,2692,1976 Oct,16.03
M10,24,2693,1976 Nov,15.79
M10,24,2694,1976 Dec,15.48
M10,24,2695,1977 Jan,14.48
M10,24,2696,1977 Feb,13.93
M10,24,2697,1977 Mar,13.25
M10,24,2698,1977 Apr,13.05
M10,24,2699,1977 May,12.69
M10,24,2700,1977 Jun,13.26
M10,24,2701,1977 Jul,13.62
M10,24,2702,1977 Aug,13.12
M10,24,2703,1977 Sep,11.88
M10,24,2704,1977 Oct,10.98
M10,24,2705,1977 Nov,11.28
M10,24,2706,1977 Dec,11.16
M10,24,2707,1978 Jan,11.06
M10,24,2708,1978 Feb,11.75
M10,24,2709,1978 Mar,11.72
M10,24,2710,1978 Apr,12.39
M10,24,2711,1978 May,12.72
M10,24,2712,1978 Jun,12.79
M10,24,2713,1978 Jul,12.72
M10,24,2714,1978 Aug,12.55
M10,24,2715,1978 Sep,12.64
M10,24,2716,1978 Oct,12.91
M10,24,2717,1978 Nov,13.16
M10,24,2718,1978 Dec,13.22
M10,24,2719,1979 Jan,13.68
M10,24,2720,1979 Feb,13.94
M10,24,2721,1979 Mar,12.35
M10,24,2722,1979 Apr,11.68
M10,24,2723,1979 May,11.94
M10,24,2724,1979 Jun,12.69
M10,24,2725,1979 Jul,12.25
M10,24,2726,1979 Aug,12.3
M10,24,2727,1979 Sep,12.6
M10,24,2728,1979 Oct,13.16
M10,24,2729,1979 Nov,14.54
M10,24,2730,1979 Dec,14.72
M10,24,2731,1980 Jan,14.17
M10,24,2732,1980 Feb,14.45
M10,24,2733,1980 Mar,14.7
M10,24,2734,1980 Apr,14.27
M10,24,2735,1980 May,14.01
M10,24,2736,1980 Jun,13.78
M10,24,2737,1980 Jul,13.07
M10,24,2738,1980 Aug,13.58
M10,24,2739,1980 Sep,13.38
M10,24,2740,1980 Oct,13.12
M10,24,2741,1980 Nov,13.22
M10,24,2742,1980 Dec,13.67
M10,24,2743,1981 Jan,13.96
M10,24,2744,1981 Feb,13.89
M10,24,2745,1981 Mar,13.68
M10,24,2746,1981 Apr,13.64
M10,24,2747,1981 May,14.31
M10,24,2748,1981 Jun,14.57
M10,24,2749,1981 Jul,15.14
M10,24,2750,1981 Aug,15.09
M10,24,2751,1981 Sep,15.59
M10,24,2752,1981 Oct,15.95
M10,24,2753,1981 Nov,15.44
M10,24,2754,1981 Dec,15.65
M10,24,2755,1982 Jan,15.58
M10,24,2756,1982 Feb,14.74
M10,24,2757,1982 Mar,13.72
M10,24,2758,1982 Apr,13.96
M10,24,2759,1982 May,13.69
M10,24,2760,1982 Jun,13.56
M10,24,2761,1982 Jul,13.2
M10,24,2762,1982 Aug,12.23
M10,24,2763,1982 Sep,11.4
M10,24,2764,1982 Oct,10.5
M10,24,2765,1982 Nov,10.64
M10,24,2766,1982 Dec,11.34
M10,24,2767,1983 Jan,11.6
M10,24,2768,1983 Feb,11.5
M10,24,2769,1983 Mar,10.97
M10,24,2770,1983 Apr,10.56
M10,24,2771,1983 May,10.65
M10,24,2772,1983 Jun,10.39
M10,24,2773,1983 Jul,10.95
M10,24,2774,1983 Aug,11.07
M10,24,2775,1983 Sep,10.67
M10,24,2776,1983 Oct,10.61
M10,24,2777,1983 Nov,10.29
M10,24,2778,1983 Dec,10.35
M10,24,2779,1984 Jan,10.1
M10,24,2780,1984 Feb,10.21
M10,24,2781,1984 Mar,10.07
M10,24,2782,1984 Apr,10.21
M10,24,2783,1984 May,10.62
M10,24,2784,1984 Jun,10.78
M10,24,2785,1984 Jul,11.23
M10,24,2786,1984 Aug,10.64
M10,24,2787,1984 Sep,10.49
M10,24,2788,1984 Oct,10.41
M10,24,2789,1984 Nov,10.1
M10,24,2790,1984 Dec,10.23
M10,24,2791,1985 Jan,10.67
M10,24,2792,1985 Feb,10.82
M10,24,2793,1985 Mar,10.71
M10,24,2794,1985 Apr,10.53
M10,24,2795,1985 May,10.74
M10,24,2796,1985 Jun,10.6
M10,24,2797,1985 Jul,10.32
M10,24,2798,1985 Aug,10.28
M10,24,2799,1985 Sep,10.35
M10,24,2800,1985 Oct,10.2
M10,24,2801,1985 Nov,10.37
M10,24,2802,1985 Dec,10.41
M10,24,2803,1986 Jan,10.67
M10,24,2804,1986 Feb,10.35
M10,24,2805,1986 Mar,9.45
M10,24,2806,1986 Apr,8.9
M10,24,2807,1986 May,9.09
M10,24,2808,1986 Jun,9.34
M10,24,2809,1986 Jul,9.47
M10,24,2810,1986 Aug,9.5
M10,24,2811,1986 Sep,9.98
M10,24,2812,1986 Oct,10.46
M10,24,2813,1986 Nov,10.58
M10,24,2814,1986 Dec,10.54
M10,24,2815,1987 Jan,10.05
M10,24,2816,1987 Feb,9.84
M10,24,2817,1987 Mar,9.16
M10,24,2818,1987 Apr,9.11
M10,24,2819,1987 May,8.82
M10,24,2820,1987 Jun,8.9
M10,24,2821,1987 Jul,9.23
M10,24,2822,1987 Aug,9.92
M10,24,2823,1987 Sep,9.98
M10,24,2824,1987 Oct,9.88
M10,24,2825,1987 Nov,9.2
M10,24,2826,1987 Dec,9.57
M10,24,2827,1988 Jan,9.57
M10,24,2828,1988 Feb,9.38
M10,24,2829,1988 Mar,9.12
M10,24,2830,1988 Apr,9.12
M10,24,2831,1988 May,9.27
M10,24,2832,1988 Jun,9.32
M10,24,2833,1988 Jul,9.51
M10,24,2834,1988 Aug,9.47
M10,24,2835,1988 Sep,9.6
M10,24,2836,1988 Oct,9.23
M10,24,2837,1988 Nov,9.3
M10,24,2838,1988 Dec,9.45
M10,24,2839,1989 Jan,9.35
M10,24,2840,1989 Feb,9.15
M10,24,2841,1989 Mar,9.26
M10,24,2842,1989 Apr,9.52
M10,24,2843,1989 May,9.52
M10,24,2844,1989 Jun,9.88
M10,24,2845,1989 Jul,9.53
M10,24,2846,1989 Aug,9.37
M10,24,2847,1989 Sep,9.62
M10,24,2848,1989 Oct,9.81
M10,24,2849,1989 Nov,9.99
M10,24,2850,1989 Dec,9.96
M10,24,2851,1990 Jan,10.28
M10,24,2852,1990 Feb,10.72
M10,24,2853,1990 Mar,11.46
M10,24,2854,1990 Apr,11.77
M10,24,2855,1990 May,11.49
M10,24,2856,1990 Jun,11.01
M10,24,2857,1990 Jul,11.03
M10,24,2858,1990 Aug,11.41
M10,24,2859,1990 Sep,11.32
M10,24,2860,1990 Oct,11.12
M10,24,2861,1990 Nov,10.94
M10,24,2862,1990 Dec,10.42
M10,24,2863,1991 Jan,10.22
M10,24,2864,1991 Feb,9.89
M10,24,2865,1991 Mar,10.06
M10,24,2866,1991 Apr,9.99
M10,24,2867,1991 May,10.15
M10,24,2868,1991 Jun,10.34
M10,24,2869,1991 Jul,10.1
M10,24,2870,1991 Aug,9.89
M10,24,2871,1991 Sep,9.54
M10,24,2872,1991 Oct,9.62
M10,24,2873,1991 Nov,9.68
M10,24,2874,1991 Dec,9.56
M10,24,2875,1992 Jan,9.33
M10,24,2876,1992 Feb,9.21
M10,24,2877,1992 Mar,9.54
M10,24,2878,1992 Apr,9.33
M10,24,2879,1992 May,8.99
M10,24,2880,1992 Jun,9.02
M10,24,2881,1992 Jul,8.9
M10,24,2882,1992 Aug,9.13
M10,24,2883,1992 Sep,9.12
M10,24,2884,1992 Oct,9.24
M10,24,2885,1992 Nov,8.84
M10,24,2886,1992 Dec,8.84
M10,24,2887,1993 Jan,8.91
M10,24,2888,1993 Feb,8.63
M10,24,2889,1993 Mar,8.33
M10,24,2890,1993 Apr,8.39
M10,24,2891,1993 May,8.6
M10,24,2892,1993 Jun,8.39
M10,24,2893,1993 Jul,7.96
M10,24,2894,1993 Aug,7.39
M10,24,2895,1993 Sep,7.18
M10,24,2896,1993 Oct,7.09
M10,24,2897,1993 Nov,7.06
M10,24,2898,1993 Dec,6.46
M10,24,2899,1994 Jan,6.41
M10,24,2900,1994 Feb,6.83
M10,24,2901,1994 Mar,7.47
M10,24,2902,1994 Apr,7.83
M10,24,2903,1994 May,8.23
M10,24,2904,1994 Jun,8.55
M10,24,2905,1994 Jul,8.41
M10,24,2906,1994 Aug,8.52
M10,24,2907,1994 Sep,8.72
M10,24,2908,1994 Oct,8.63
M10,24,2909,1994 Nov,8.53
M10,24,2910,1994 Dec,8.44
M10,24,2911,1995 Jan,8.61
M10,24,2912,1995 Feb,8.52
M10,24,2913,1995 Mar,8.5
M10,24,2914,1995 Apr,8.39
M10,24,2915,1995 May,8.18
M10,24,2916,1995 Jun,8.16
M10,24,2917,1995 Jul,8.36
M10,24,2918,1995 Aug,8.24
M10,24,2919,1995 Sep,8.09
M10,24,2920,1995 Oct,8.29
M10,24,2921,1995 Nov,7.97
M10,24,2922,1995 Dec,7.75
M10,24,2923,1996 Jan,7.79
M10,24,2924,1996 Feb,8.1
M10,24,2925,1996 Mar,8.34
M10,24,2926,1996 Apr,8.3
M10,24,2927,1996 May,8.35
M10,24,2928,1996 Jun,8.36
M10,24,2929,1996 Jul,8.25
M10,24,2930,1996 Aug,8.16
M10,24,2931,1996 Sep,8.16
M10,24,2932,1996 Oct,7.88
M10,24,2933,1996 Nov,7.81
M10,24,2934,1996 Dec,7.71
M10,24,2935,1997 Jan,7.74
M10,24,2936,1997 Feb,7.39
M10,24,2937,1997 Mar,7.62
M10,24,2938,1997 Apr,7.77
M10,24,2939,1997 May,7.23
M10,24,2940,1997 Jun,7.18
M10,24,2941,1997 Jul,6.97
M10,24,2942,1997 Aug,7.02
M10,24,2943,1997 Sep,6.79
M10,24,2944,1997 Oct,6.48
M10,24,2945,1997 Nov,6.54
M10,24,2946,1997 Dec,6.31
M10,24,2947,1998 Jan,6.07
M10,24,2948,1998 Feb,5.99
M10,24,2949,1998 Mar,5.87
M10,24,2950,1998 Apr,5.7
M10,24,2951,1998 May,5.75
M10,24,2952,1998 Jun,5.54
M10,24,2953,1998 Jul,5.56
M10,24,2954,1998 Aug,5.46
M10,24,2955,1998 Sep,5.06
M10,24,2956,1998 Oct,4.98
M10,24,2957,1998 Nov,4.85
M10,24,2958,1998 Dec,4.54
M10,24,2959,1999 Jan,4.4
M10,24,2960,1999 Feb,4.49
M10,24,2961,1999 Mar,4.66
M10,24,2962,1999 Apr,4.59
M10,24,2963,1999 May,4.84
M10,24,2964,1999 Jun,4.91
M10,24,2965,1999 Jul,4.89
M10,24,2966,1999 Aug,4.8
M10,24,2967,1999 Sep,4.94
M10,24,2968,1999 Oct,4.93
M10,24,2969,1999 Nov,4.4
M10,24,2970,1999 Dec,4.51
M10,24,2971,2000 Jan,4.82
M10,24,2972,2000 Feb,4.71
M10,24,2973,2000 Mar,4.56
M10,24,2974,2000 Apr,4.63
M10,24,2975,2000 May,4.69
M10,24,2976,2000 Jun,4.63
M10,24,2977,2000 Jul,4.64
M10,24,2978,2000 Aug,4.74
M10,24,2979,2000 Sep,4.86
M10,24,2980,2000 Oct,4.81
M10,24,2981,2000 Nov,4.59
M10,24,2982,2000 Dec,4.49
M10,24,2983,2001 Jan,4.51
M10,24,2984,2001 Feb,4.57
M10,24,2985,2001 Mar,4.56
M10,24,2986,2001 Apr,4.86
M10,24,2987,2001 May,4.99
M10,24,2988,2001 Jun,5.07
M10,24,2989,2001 Jul,5.03
M10,24,2990,2001 Aug,4.81
M10,24,2991,2001 Sep,4.93
M10,24,2992,2001 Oct,4.8
M10,24,2993,2001 Nov,4.51
M10,24,2994,2001 Dec,4.75
M10,24,2995,2002 Jan,4.81
M10,24,2996,2002 Feb,4.83
M10,24,2997,2002 Mar,5.11
M10,24,2998,2002 Apr,5.13
M10,24,2999,2002 May,5.18
M10,24,3000,2002 Jun,5.02
M10,24,3001,2002 Jul,4.9
M10,24,3002,2002 Aug,4.64
M10,24,3003,2002 Sep,4.45
M10,24,3004,2002 Oct,4.59
M10,24,3005,2002 Nov,4.64
M10,24,3006,2002 Dec,4.62
M10,24,3007,2003 Jan,4.44
M10,24,3008,2003 Feb,4.39
M10,24,3009,2003 Mar,4.54
M10,24,3010,2003 Apr,4.67
M10,24,3011,2003 May,4.46
M10,24,3012,2003 Jun,4.39
M10,24,3013,2003 Jul,4.65
M10,24,3014,2003 Aug,4.68
M10,24,3015,2003 Sep,4.76
M10,24,3016,2003 Oct,4.88
M10,24,3017,2003 Nov,4.95
M10,24,3018,2003 Dec,4.83
M10,24,3019,2004 Jan,4.75
M10,24,3020,2004 Feb,4.78
M10,24,3021,2004 Mar,4.67
M10,24,3022,2004 Apr,4.87
M10,24,3023,2004 May,4.98
M10,24,3024,2004 Jun,5.0
M10,24,3025,2004 Jul,4.92
M10,24,3026,2004 Aug,4.81
M10,24,3027,2004 Sep,4.76
M10,24,3028,2004 Oct,4.68
M10,24,3029,2004 Nov,4.58
M10,24,3030,2004 Dec,4.44
M10,24,3031,2005 Jan,4.44
M10,24,3032,2005 Feb,4.53
M10,24,3033,2005 Mar,4.74
M10,24,3034,2005 Apr,4.6
M10,24,3035,2005 May,4.41
M10,24,3036,2005 Jun,4.29
M10,24,3037,2005 Jul,4.33
M10,24,3038,2005 Aug,4.34
M10,24,3039,2005 Sep,4.26
M10,24,3040,2005 Oct,4.36
M10,24,3041,2005 Nov,4.25
M10,24,3042,2005 Dec,4.14
M10,24,3043,2006 Jan,3.81
M10,24,3044,2006 Feb,3.96
M10,24,3045,2006 Mar,4.15
M10,24,3046,2006 Apr,4.32
M10,24,3047,2006 May,4.43
M10,24,3048,2006 Jun,4.46
M10,24,3049,2006 Jul,4.45
M10,24,3050,2006 Aug,4.42
M10,24,3051,2006 Sep,4.29
M10,24,3052,2006 Oct,4.35
M10,24,3053,2006 Nov,4.27
M10,24,3054,2006 Dec,4.33
M10,24,3055,2007 Jan,4.51
M10,24,3056,2007 Feb,4.59
M10,24,3057,2007 Mar,4.52
M10,24,3058,2007 Apr,4.72
M10,24,3062,2007 Aug,4.8
M10,24,3063,2007 Sep,4.74
M10,24,3064,2007 Oct,4.74
M10,24,3065,2007 Nov,4.59
M10,24,3066,2007 Dec,4.59
M10,24,3067,2008 Jan,4.46
M10,24,3068,2008 Feb,4.62
M10,24,3069,2008 Mar,4.54
M10,24,3070,2008 Apr,4.73
M10,24,3071,2008 May,4.85
M10,24,3072,2008 Jun,5.03
M10,24,3073,2008 Jul,4.94
M10,24,3074,2008 Aug,4.74
M10,24,3075,2008 Sep,4.66
M10,24,3076,2008 Oct,4.76
M10,24,3077,2008 Nov,4.69
M10,24,3078,2008 Dec,4.15
M10,24,3079,2009 Jan,4.28
M10,24,3080,2009 Feb,4.34
M10,24,3081,2009 Mar,4.01
M10,24,3082,2009 Apr,4.24
M10,24,3083,2009 May,4.38
M10,24,3084,2009 Jun,4.47
M10,24,3085,2009 Jul,4.46
M10,24,3086,2009 Aug,4.22
M10,24,3087,2009 Sep,4.07
M10,24,3088,2009 Oct,4.05
M10,24,3089,2009 Nov,4.22
M10,24,3090,2009 Dec,4.33
M10,24,3091,2010 Jan,4.42
M10,24,3092,2010 Feb,4.52
M10,24,3093,2010 Mar,4.5714
M10,24,3094,2010 Apr,4.5595
M10,24,3095,2010 May,4.3169
M10,24,3096,2010 Jun,4.2209
M10,24,3097,2010 Jul,4.1894
M10,24,3098,2010 Aug,3.9953
M10,24,3099,2010 Sep,3.9092
M10,24,3100,2010 Oct,3.8942
M10,24,3101,2010 Nov,4.1251
M10,24,3102,2010 Dec,4.2728
M10,26,2612,1970 Feb,8.049073710901228
M10,26,2613,1970 Mar,7.845220419352662
M10,26,2614,1970 Apr,8.041601540095353
M10,26,2615,1970 May,7.630167814446961
M10,26,2616,1970 Jun,7.3736542169438
M10,26,2617,1970 Jul,7.559915137644211
M10,26,2618,1970 Aug,7.67810240648266
M10,26,2619,1970 Sep,7.614256164434745
M10,26,2620,1970 Oct,7.764319844872846
M10,26,2621,1970 Nov,8.012313425954975
M10,26,2622,1970 Dec,7.868071157704153
M10,26,2623,1971 Jan,8.408105366280797
M10,26,2624,1971 Feb,8.343629491303505
M10,26,2625,1971 Mar,7.9871691107639675
M10,26,2626,1971 Apr,7.941404326972941
M10,26,2627,1971 May,8.478093162268568
M10,26,2628,1971 Jun,8.007948101792989
M10,26,2629,1971 Jul,8.215772143584697
M10,26,2630,1971 Aug,8.009420787979469
M10,26,2631,1971 Sep,7.43901460657151
M10,26,2632,1971 Oct,7.27780446443185
M10,26,2633,1971 Nov,6.951382568718825
M10,26,2634,1971 Dec,7.3597941633755095
M10,26,2635,1972 Jan,6.628667318570568
M10,26,2636,1972 Feb,6.826997037194505
M10,26,2637,1972 Mar,7.30256962247487
M10,26,2638,1972 Apr,7.3086150484153505
M10,26,2639,1972 May,8.421004687329527
M10,26,2640,1972 Jun,8.410275010579097
M10,26,2641,1972 Jul,8.795338985043845
M10,26,2642,1972 Aug,9.298332334266751
M10,26,2643,1972 Sep,9.068399006017128
M10,26,2644,1972 Oct,9.170025404922923
M10,26,2645,1972 Nov,9.280704547594373
M10,26,2646,1972 Dec,9.382489852868746
M10,26,2647,1973 Jan,9.454429807472984
M10,26,2648,1973 Feb,9.608590719412122
M10,26,2649,1973 Mar,9.805770915916073
M10,26,2650,1973 Apr,9.847998153183303
M10,26,2651,1973 May,9.49867363983609
M10,26,2652,1973 Jun,9.693714651846168
M10,26,2653,1973 Jul,10.373678354251771
M10,26,2654,1973 Aug,10.842334696696705
M10,26,2655,1973 Sep,11.059662141940596
M10,26,2656,1973 Oct,11.067701144390796
M10,26,2657,1973 Nov,12.010603398550378
M10,26,2658,1973 Dec,11.940442091288004
M10,26,2659,1974 Jan,12.690050632137318
M10,26,2660,1974 Feb,12.62410364412022
M10,26,2661,1974 Mar,13.110209007303812
M10,26,2662,1974 Apr,13.041025373162716
M10,26,2663,1974 May,12.841789550237213
M10,26,2664,1974 Jun,13.519456554329063
M10,26,2665,1974 Jul,13.30711134033345
M10,26,2666,1974 Aug,14.310209286041095
M10,26,2667,1974 Sep,13.73812835973338
M10,26,2668,1974 Oct,14.891011520859077
M10,26,2669,1974 Nov,15.43663241699087
M10,26,2670,1974 Dec,15.930716208499998
M10,26,2671,1975 Jan,13.01730585250679
M10,26,2672,1975 Feb,13.041569142356147
M10,26,2673,1975 Mar,11.962456158904512
M10,26,2674,1975 Apr,13.102924444859772
M10,26,2675,1975 May,12.884491139160406
M10,26,2676,1975 Jun,12.78462275826207
M10,26,2677,1975 Jul,12.230991768632213
M10,26,2678,1975 Aug,12.990914512283936
M10,26,2679,1975 Sep,13.033144886249937
M10,26,2680,1975 Oct,13.628198361316674
M10,26,2681,1975 Nov,13.433181112494628
M10,26,2682,1975 Dec,13.280713576799858
M10,26,2683,1976 Jan,11.871021233972844
M10,26,2684,1976 Feb,12.634451186408096
M10,26,2685,1976 Mar,12.726999431020047
M10,26,2686,1976 Apr,12.445563711483278
M10,26,2687,1976 May,12.614922875090512
M10,26,2688,1976 Jun,13.02656264530599
M10,26,2689,1976 Jul,13.094641324381499
M10,26,2690,1976 Aug,13.407162603313242
M10,26,2691,1976 Sep,13.880741981735664
M10,26,2692,1976 Oct,14.659068229165488
M10,26,2693,1976 Nov,14.015984807423777
M10,26,2694,1976 Dec,14.126488437251647
M10,26,2695,1977 Jan,12.900407651398927
M10,26,2696,1977 Feb,13.034829129000286
M10,26,2697,1977 Mar,11.398166266093593
M10,26,2698,1977 Apr,11.941647824619675
M10,26,2699,1977 May,11.998053349708771
M10,26,2700,1977 Jun,12.60737839719231
M10,26,2701,1977 Jul,12.723114668933716
M10,26,2702,1977 Aug,10.28565461203792
M10,26,2703,1977 Sep,10.279238482491078
M10,26,2704,1977 Oct,10.306348820357947
M10,26,2705,1977 Nov,10.929912134191989
M10,26,2706,1977 Dec,10.686790454528783
M10,26,2707,1978 Jan,11.219992534498797
M10,26,2708,1978 Feb,11.550782464601006
M10,26,2709,1978 Mar,11.392711532542567
M10,26,2710,1978 Apr,11.8836056890806
M10,26,2711,1978 May,11.657104779639136
M10,26,2712,1978 Jun,12.196033388988464
M10,26,2713,1978 Jul,12.158463206002924
M10,26,2714,1978 Aug,12.035866325460436
M10,26,2715,1978 Sep,11.965027300273302
M10,26,2716,1978 Oct,11.951627823985215
M10,26,2717,1978 Nov,12.153892490963313
M10,26,2718,1978 Dec,12.613277091702631
M10,26,2719,1979 Jan,12.989104803122263
M10,26,2720,1979 Feb,13.44823885365681
M10,26,2721,1979 Mar,11.670286550706289
M10,26,2722,1979 Apr,11.103295228394849
M10,26,2723,1979 May,11.240483256105993
M10,26,2724,1979 Jun,12.113654114710357
M10,26,2725,1979 Jul,11.965643908067335
M10,26,2726,1979 Aug,11.863298902837144
M10,26,2727,1979 Sep,11.91215902776109
M10,26,2728,1979 Oct,12.300785070344066
M10,26,2729,1979 Nov,13.461856528772913
M10,26,2730,1979 Dec,13.978467581564317
M10,26,2731,1980 Jan,13.520107423208698
M10,26,2732,1980 Feb,13.684081339131977
M10,26,2733,1980 Mar,13.767591419614185
M10,26,2734,1980 Apr,13.315276538464191
M10,26,2735,1980 May,12.933125879916956
M10,26,2736,1980 Jun,12.91062650071794
M10,26,2737,1980 Jul,12.500427288671442
M10,26,2738,1980 Aug,12.963095137448203
M10,26,2739,1980 Sep,12.780946362486736
M10,26,2740,1980 Oct,12.521749634469423
M10,26,2741,1980 Nov,12.440819506754027
M10,26,2742,1980 Dec,13.110534403211703
M10,26,2743,1981 Jan,13.432939041756788
M10,26,2744,1981 Feb,13.331973402271688
M10,26,2745,1981 Mar,13.053996718997421
M10,26,2746,1981 Apr,13.11881178699687
M10,26,2747,1981 May,13.644065040358571
M10,26,2748,1981 Jun,14.026771671491176
M10,26,2749,1981 Jul,14.575954769153594
M10,26,2750,1981 Aug,14.63037496308263
M10,26,2751,1981 Sep,14.959026082740719
M10,26,2752,1981 Oct,15.266189543293256
M10,26,2753,1981 Nov,14.612790055636987
M10,26,2754,1981 Dec,14.94529508780622
M10,26,2755,1982 Jan,14.96091844867005
M10,26,2756,1982 Feb,14.290034165168773
M10,26,2757,1982 Mar,13.287158166506703
M10,26,2758,1982 Apr,14.123257580272629
M10,26,2759,1982 May,13.957896939959099
M10,26,2760,1982 Jun,13.929390333471755
M10,26,2761,1982 Jul,13.5010798160139
M10,26,2762,1982 Aug,12.577760420644076
M10,26,2763,1982 Sep,11.97504146534074
M10,26,2764,1982 Oct,11.023374836094433
M10,26,2765,1982 Nov,11.104779119935177
M10,26,2766,1982 Dec,11.597331509394138
M10,26,2767,1983 Jan,11.825110333185128
M10,26,2768,1983 Feb,11.782700982430768
M10,26,2769,1983 Mar,11.376362934332022
M10,26,2770,1983 Apr,11.09942706761245
M10,26,2771,1983 May,11.193694123611493
M10,26,2772,1983 Jun,10.980336079827781
M10,26,2773,1983 Jul,11.392603510728064
M10,26,2774,1983 Aug,11.565268363164286
M10,26,2775,1983 Sep,11.213048751075876
M10,26,2776,1983 Oct,10.994416320215821
M10,26,2777,1983 Nov,10.708429680352731
M10,26,2778,1983 Dec,10.76792423695051
M10,26,2779,1984 Jan,10.79840044950726
M10,26,2780,1984 Feb,10.868723315192984
M10,26,2781,1984 Mar,10.665393409002327
M10,26,2782,1984 Apr,10.864740561877465
M10,26,2783,1984 May,11.39808974769983
M10,26,2784,1984 Jun,11.639394281497962
M10,26,2785,1984 Jul,12.007432565774517
M10,26,2786,1984 Aug,11.422202501267456
M10,26,2787,1984 Sep,11.216434482109989
M10,26,2788,1984 Oct,11.058576247927121
M10,26,2789,1984 Nov,10.741509214142155
M10,26,2790,1984 Dec,10.85962810595698
M10,26,2791,1985 Jan,11.336658298971148
M10,26,2792,1985 Feb,11.401741626979286
M10,26,2793,1985 Mar,11.206025057057186
M10,26,2794,1985 Apr,10.943683293640879
M10,26,2795,1985 May,11.09936721996392
M10,26,2796,1985 Jun,10.862016236003553
M10,26,2797,1985 Jul,10.61824823460633
M10,26,2798,1985 Aug,10.546741604992405
M10,26,2799,1985 Sep,10.505702482809063
M10,26,2800,1985 Oct,10.367460561107913
M10,26,2801,1985 Nov,10.53508934682073
M10,26,2802,1985 Dec,10.581974004806291
M10,26,2803,1986 Jan,10.937203280622368
M10,26,2804,1986 Feb,10.539963674212254
M10,26,2805,1986 Mar,9.474834146826625
M10,26,2806,1986 Apr,8.735051713621324
M10,26,2807,1986 May,8.957916182569905
M10,26,2808,1986 Jun,9.24105495496294
M10,26,2809,1986 Jul,9.407962480707104
M10,26,2810,1986 Aug,9.475647638332626
M10,26,2811,1986 Sep,10.074969965105078
M10,26,2812,1986 Oct,10.735525238697194
M10,26,2813,1986 Nov,10.931807270866603
M10,26,2814,1986 Dec,10.781402218169987
M10,26,2815,1987 Jan,10.08474889702717
M10,26,2816,1987 Feb,9.857554739361237
M10,26,2817,1987 Mar,9.15037115468675
M10,26,2818,1987 Apr,9.129690987544967
M10,26,2819,1987 May,8.884384753146373
M10,26,2820,1987 Jun,9.002465736538431
M10,26,2821,1987 Jul,9.308605176876439
M10,26,2822,1987 Aug,10.018326483915875
M10,26,2823,1987 Sep,10.091294461984507
M10,26,2824,1987 Oct,10.033092568230535
M10,26,2825,1987 Nov,9.251898713574418
M10,26,2826,1987 Dec,9.679689951851858
M10,26,2827,1988 Jan,9.729858622844691
M10,26,2828,1988 Feb,9.501049685705407
M10,26,2829,1988 Mar,9.229188511939466
M10,26,2830,1988 Apr,9.244695373110128
M10,26,2831,1988 May,9.436756911183334
M10,26,2832,1988 Jun,9.477194172592274
M10,26,2833,1988 Jul,9.685746137706378
M10,26,2834,1988 Aug,9.70437971477907
M10,26,2835,1988 Sep,9.840064889597818
M10,26,2836,1988 Oct,9.472598530174643
M10,26,2837,1988 Nov,9.564674375220331
M10,26,2838,1988 Dec,9.794043024236093
M10,26,2839,1989 Jan,9.639292545027844
M10,26,2840,1989 Feb,9.395744417612018
M10,26,2841,1989 Mar,9.537553355192903
M10,26,2842,1989 Apr,9.7800650014319
M10,26,2843,1989 May,9.787666636536944
M10,26,2844,1989 Jun,10.120969721423341
M10,26,2845,1989 Jul,9.76980196695984
M10,26,2846,1989 Aug,9.562166159251897
M10,26,2847,1989 Sep,9.797712250356238
M10,26,2848,1989 Oct,9.979764421097986
M10,26,2849,1989 Nov,10.088855045786802
M10,26,2850,1989 Dec,10.068509698937039
M10,26,2851,1990 Jan,10.352828433894505
M10,26,2852,1990 Feb,10.764762491718859
M10,26,2853,1990 Mar,11.591392506117698
M10,26,2854,1990 Apr,11.88873815704602
M10,26,2855,1990 May,11.672213636704383
M10,26,2856,1990 Jun,11.154113076905185
M10,26,2857,1990 Jul,11.203679074467018
M10,26,2858,1990 Aug,11.599675805908834
M10,26,2859,1990 Sep,11.558648336996402
M10,26,2860,1990 Oct,11.280994881975461
M10,26,2861,1990 Nov,11.003505136835999
M10,26,2862,1990 Dec,10.429386813448149
M10,26,2863,1991 Jan,10.187063698316237
M10,26,2864,1991 Feb,9.839349753425642
M10,26,2865,1991 Mar,10.051414927280405
M10,26,2866,1991 Apr,9.946616439529432
M10,26,2867,1991 May,10.131944769429696
M10,26,2868,1991 Jun,10.31196095811
M10,26,2869,1991 Jul,10.002311349978747
M10,26,2870,1991 Aug,9.766451814160424
M10,26,2871,1991 Sep,9.431350685939895
M10,26,2872,1991 Oct,9.499468836297595
M10,26,2873,1991 Nov,9.532401318047821
M10,26,2874,1991 Dec,9.407932705700528
M10,26,2875,1992 Jan,9.20905066379869
M10,26,2876,1992 Feb,9.08101655225682
M10,26,2877,1992 Mar,9.396162951731815
M10,26,2878,1992 Apr,9.148770835865534
M10,26,2879,1992 May,8.815113425181094
M10,26,2880,1992 Jun,8.903452809349766
M10,26,2881,1992 Jul,8.79381941160968
M10,26,2882,1992 Aug,9.042960848158748
M10,26,2883,1992 Sep,8.985406589737254
M10,26,2884,1992 Oct,8.779199777839152
M10,26,2885,1992 Nov,8.4152896991184
M10,26,2886,1992 Dec,8.459404722224136
M10,26,2887,1993 Jan,8.50626946864304
M10,26,2888,1993 Feb,8.24707170967225
M10,26,2889,1993 Mar,7.9540045728954025
M10,26,2890,1993 Apr,8.063841952250895
M10,26,2891,1993 May,8.318290557837035
M10,26,2892,1993 Jun,8.114775207313746
M10,26,2893,1993 Jul,7.74253359344904
M10,26,2894,1993 Aug,7.233531724958415
M10,26,2895,1993 Sep,7.094540136064494
M10,26,2896,1993 Oct,6.998216150322973
M10,26,2897,1993 Nov,6.974083703834431
M10,26,2898,1993 Dec,6.452131101402146
M10,26,2899,1994 Jan,6.392604098510263
M10,26,2900,1994 Feb,6.783962011985182
M10,26,2901,1994 Mar,7.429626966252369
M10,26,2902,1994 Apr,7.792126045564884
M10,26,2903,1994 May,8.244922997251143
M10,26,2904,1994 Jun,8.651018844958928
M10,26,2905,1994 Jul,8.469545257509678
M10,26,2906,1994 Aug,8.544690331985581
M10,26,2907,1994 Sep,8.772819019361062
M10,26,2908,1994 Oct,8.640643621100603
M10,26,2909,1994 Nov,8.506716882160262
M10,26,2910,1994 Dec,8.426498431062496
M10,26,2911,1995 Jan,8.573548776929206
M10,26,2912,1995 Feb,8.50122247718523
M10,26,2913,1995 Mar,8.45014843118054
M10,26,2914,1995 Apr,8.310652745689426
M10,26,2915,1995 May,8.069075387646405
M10,26,2916,1995 Jun,8.038909344924134
M10,26,2917,1995 Jul,8.199582776122186
M10,26,2918,1995 Aug,8.072741089336311
M10,26,2919,1995 Sep,7.928470736956545
M10,26,2920,1995 Oct,8.09215466281512
M10,26,2921,1995 Nov,7.784465815668929
M10,26,2922,1995 Dec,7.518481289493125
M10,26,2923,1996 Jan,7.462774442174075
M10,26,2924,1996 Feb,7.802910265092496
M10,26,2925,1996 Mar,8.08372670412648
M10,26,2926,1996 Apr,8.064925261299404
M10,26,2927,1996 May,8.099911951784856
M10,26,2928,1996 Jun,8.085191274895053
M10,26,2929,1996 Jul,7.955603212281492
M10,26,2930,1996 Aug,7.864015618195845
M10,26,2931,1996 Sep,7.8568491895989325
M10,26,2932,1996 Oct,7.555580698285022
M10,26,2933,1996 Nov,7.555262357400558
M10,26,2934,1996 Dec,7.52100529065537
M10,26,2935,1997 Jan,7.516349626467158
M10,26,2936,1997 Feb,7.15361960769983
M10,26,2937,1997 Mar,7.409742757209968
M10,26,2938,1997 Apr,7.58179847030156
M10,26,2939,1997 May,7.082625970661554
M10,26,2940,1997 Jun,7.03969910715183
M10,26,2941,1997 Jul,6.9204615215345155
M10,26,2942,1997 Aug,6.965544716790523
M10,26,2943,1997 Sep,6.699962506523175
M10,26,2944,1997 Oct,6.37323786336682
M10,26,2945,1997 Nov,6.464940504779674
M10,26,2946,1997 Dec,6.219725920578159
M10,26,2947,1998 Jan,5.956854116126725
M10,26,2948,1998 Feb,5.912761783006042
M10,26,2949,1998 Mar,5.850340935712959
M10,26,2950,1998 Apr,5.689028840791139
M10,26,2951,1998 May,5.731165628516491
M10,26,2952,1998 Jun,5.602834384076699
M10,26,2953,1998 Jul,5.652317544744267
M10,26,2954,1998 Aug,5.413364333324331
M10,26,2955,1998 Sep,5.026153472484396
M10,26,2956,1998 Oct,4.934547841616906
M10,26,2957,1998 Nov,4.848435324877485
M10,26,2958,1998 Dec,4.451736196184822
M10,26,2959,1999 Jan,4.226545799365463
M10,26,2960,1999 Feb,4.369111896110461
M10,26,2961,1999 Mar,4.587432876975764
M10,26,2962,1999 Apr,4.518321503745489
M10,26,2963,1999 May,4.829483988528781
M10,26,2964,1999 Jun,5.076081210894864
M10,26,2965,1999 Jul,5.269200600237089
M10,26,2966,1999 Aug,5.285607997264997
M10,26,2967,1999 Sep,5.534293992830901
M10,26,2968,1999 Oct,5.701182254405196
M10,26,2969,1999 Nov,5.126991168988775
M10,26,2970,1999 Dec,5.205605006999599
M10,26,2971,2000 Jan,5.622090919854493
M10,26,2972,2000 Feb,5.4378736953820805
M10,26,2973,2000 Mar,5.181565482620326
M10,26,2974,2000 Apr,5.140899610465064
M10,26,2975,2000 May,5.230622372465899
M10,26,2976,2000 Jun,5.04880668712662
M10,26,2977,2000 Jul,5.087871497934144
M10,26,2978,2000 Aug,5.180362862845423
M10,26,2979,2000 Sep,5.246721399070728
M10,26,2980,2000 Oct,5.087852678182866
M10,26,2981,2000 Nov,4.976530730615483
M10,26,2982,2000 Dec,4.799423718045805
M10,26,2983,2001 Jan,4.742311098336582
M10,26,2984,2001 Feb,4.72399340821866
M10,26,2985,2001 Mar,4.615089352237303
M10,26,2986,2001 Apr,4.877195593685809
M10,26,2987,2001 May,5.038779608815938
M10,26,2988,2001 Jun,5.1052625623853425
M10,26,2989,2001 Jul,5.110633288438238
M10,26,2990,2001 Aug,4.906277830333559
M10,26,2991,2001 Sep,4.937434820955937
M10,26,2992,2001 Oct,4.780699707483839
M10,26,2993,2001 Nov,4.587617637878623
M10,26,2994,2001 Dec,4.839184864447851
M10,26,2995,2002 Jan,4.85966728675871
M10,26,2996,2002 Feb,4.866569621789986
M10,26,2997,2002 Mar,5.155612080629038
M10,26,2998,2002 Apr,5.172747103124469
M10,26,2999,2002 May,5.211613756032942
M10,26,3000,2002 Jun,5.042399240974453
M10,26,3001,2002 Jul,4.9605249557154725
M10,26,3002,2002 Aug,4.724265966872523
M10,26,3003,2002 Sep,4.481243885035289
M10,26,3004,2002 Oct,4.605490755526529
M10,26,3005,2002 Nov,4.626269252599204
M10,26,3006,2002 Dec,4.550593831527148
M10,26,3007,2003 Jan,4.382233130136433
M10,26,3008,2003 Feb,4.220936616878295
M10,26,3009,2003 Mar,4.338609011087091
M10,26,3010,2003 Apr,4.47920355785937
M10,26,3011,2003 May,4.231007755803987
M10,26,3012,2003 Jun,4.126778752503227
M10,26,3013,2003 Jul,4.42836539473339
M10,26,3014,2003 Aug,4.593575404445513
M10,26,3015,2003 Sep,4.6834279540107016
M10,26,3016,2003 Oct,4.878451010421894
M10,26,3017,2003 Nov,5.029593778566255
M10,26,3018,2003 Dec,4.867488318743581
M10,26,3019,2004 Jan,4.758706099955097
M10,26,3020,2004 Feb,4.776484938533533
M10,26,3021,2004 Mar,4.673957456488488
M10,26,3022,2004 Apr,4.918028128126697
M10,26,3023,2004 May,5.059638007977431
M10,26,3024,2004 Jun,5.134226342383551
M10,26,3025,2004 Jul,5.043462338561871
M10,26,3026,2004 Aug,4.9452415070446865
M10,26,3027,2004 Sep,4.856188202530714
M10,26,3028,2004 Oct,4.72343457952551
M10,26,3029,2004 Nov,4.645522343050775
M10,26,3030,2004 Dec,4.4884659543619705
M10,26,3031,2005 Jan,4.5004099039952346
M10,26,3032,2005 Feb,4.536656471062128
M10,26,3033,2005 Mar,4.741925785911196
M10,26,3034,2005 Apr,4.575274585339654
M10,26,3035,2005 May,4.374766601104495
M10,26,3036,2005 Jun,4.246579624140598
M10,26,3037,2005 Jul,4.268114357845565
M10,26,3038,2005 Aug,4.285579822317175
M10,26,3039,2005 Sep,4.170903046974445
M10,26,3040,2005 Oct,4.307155187002791
M10,26,3041,2005 Nov,4.262601015518169
M10,26,3042,2005 Dec,4.167204855986125
M10,26,3043,2006 Jan,4.019024830131296
M10,26,3044,2006 Feb,4.099230513449477
M10,26,3045,2006 Mar,4.259900833434409
M10,26,3046,2006 Apr,4.463460149371286
M10,26,3047,2006 May,4.582669206867335
M10,26,3048,2006 Jun,4.596687849400801
M10,26,3049,2006 Jul,4.5878128220436665
M10,26,3050,2006 Aug,4.574888264917226
M10,26,3051,2006 Sep,4.4697221938071054
M10,26,3052,2006 Oct,4.5286810341084385
M10,26,3053,2006 Nov,4.455386202754474
M10,26,3054,2006 Dec,4.530054199012063
M10,26,3055,2007 Jan,4.757678617577428
M10,26,3056,2007 Feb,4.789564220899933
M10,26,3057,2007 Mar,4.719839265075996
M10,26,3058,2007 Apr,4.934827876452506
M10,26,3059,2007 May,5.030187088800983
M10,26,3060,2007 Jun,5.309851626113738
M10,26,3061,2007 Jul,5.289913418192577
M10,26,3062,2007 Aug,5.046842112901723
M10,26,3063,2007 Sep,4.912012504135406
M10,26,3064,2007 Oct,4.883784035018113
M10,26,3065,2007 Nov,4.6734250075832335
M10,26,3066,2007 Dec,4.65061411424915
M10,26,3067,2008 Jan,4.462756390756833
M10,26,3068,2008 Feb,4.609204742569937
M10,26,3069,2008 Mar,4.448900675494205
M10,26,3070,2008 Apr,4.641800097740803
M10,26,3071,2008 May,4.838332869648623
M10,26,3072,2008 Jun,5.139363348994243
M10,26,3073,2008 Jul,4.997326752586874
M10,26,3074,2008 Aug,4.69188362300491
M10,26,3075,2008 Sep,4.551098866876978
M10,26,3076,2008 Oct,4.587286064488801
M10,26,3077,2008 Nov,4.318829184312135
M10,26,3078,2008 Dec,3.6594145542178014
M10,26,3079,2009 Jan,3.748718212914933
M10,26,3080,2009 Feb,3.7984279146541384
M10,26,3081,2009 Mar,3.3263839742294206
M10,26,3082,2009 Apr,3.4793538080159814
M10,26,3083,2009 May,3.7274236453298886
M10,26,3084,2009 Jun,3.8164972522874137
M10,26,3085,2009 Jul,3.9124006188409446
M10,26,3086,2009 Aug,3.805335674115343
M10,26,3087,2009 Sep,3.7586700794938714
M10,26,3088,2009 Oct,3.6699642290982912
M10,26,3089,2009 Nov,3.8711988911142594
M10,26,3090,2009 Dec,4.016182640367454
M10,26,3091,2010 Jan,4.159952564832342
M10,26,3092,2010 Feb,4.22124766732586
M10,26,3093,2010 Mar,4.234463573858771
M10,26,3094,2010 Apr,4.250346715908904
M10,26,3095,2010 May,3.90949839879075
M10,26,3096,2010 Jun,3.7075762250471413
M10,26,3097,2010 Jul,3.6110010869651354
M10,26,3098,2010 Aug,3.3227017933511647
M10,26,3099,2010 Sep,3.2237967155632306
M10,26,3100,2010 Oct,3.173154721087689
M10,26,3101,2010 Nov,3.4255696235252526
M10,26,3102,2010 Dec,3.723445266982755
M10,26,3103,2011 Jan,3.8403401340250545
M10,26,3104,2011 Feb,3.995186302419369
M10,26,3105,2011 Mar,3.8473106781414104
M10,26,3106,2011 Apr,3.8743896599265333
M10,26,3107,2011 May,3.6110941417423614
M10,26,3108,2011 Jun,3.5253389344447505
M10,26,3109,2011 Jul,3.425025488578192
M10,26,3110,2011 Aug,2.868100063763484
M10,26,3111,2011 Sep,2.562541588007915
M10,26,3112,2011 Oct,2.6051781009086414
M10,26,3113,2011 Nov,2.3599158049721414
M10,26,3114,2011 Dec,2.2414776303617017
M10,26,3115,2012 Jan,2.16994759374576
M10,26,3116,2012 Feb,2.2868711852356687
M10,26,3117,2012 Mar,2.3545120686636825
M10,26,3118,2012 Apr,2.221379077437686
M10,26,3119,2012 May,1.9840733065164595
M10,26,3120,2012 Jun,1.8085242389371954
M10,26,3121,2012 Jul,1.6902326261126495
M10,26,3122,2012 Aug,1.7218134460121746
M10,26,3123,2012 Sep,1.7650181323392107
M10,26,3124,2012 Oct,1.811555043906003
M10,26,3125,2012 Nov,1.8154006963067046
M10,26,3126,2012 Dec,1.889602885872156
M10,26,3127,2013 Jan,2.1303881228055506
M10,26,3128,2013 Feb,2.2352347614431096
M10,26,3129,2013 Mar,2.0387786378390165
M10,26,3130,2013 Apr,1.8328723146345702
M10,26,3131,2013 May,2.0052378778211395
M10,26,3132,2013 Jun,2.374577283158681
M10,26,3133,2013 Jul,2.5525326377644535
M10,26,3134,2013 Aug,2.8034464706645856
M10,26,3135,2013 Sep,2.9383596350836303
M10,26,3136,2013 Oct,2.7592391680462143
M10,26,3137,2013 Nov,2.846887784586626
M10,26,3138,2013 Dec,3.048132551556701
M10,26,3139,2014 Jan,2.987116833404489
M10,26,3140,2014 Feb,2.8760500172229095
M10,26,3141,2014 Mar,2.854103794295874
M10,26,3142,2014 Apr,2.8109957817862727
M10,26,3143,2014 May,2.7609285632556
M10,26,3144,2014 Jun,2.842534213353439
M10,26,3145,2014 Jul,2.7738076413922457
M10,26,3146,2014 Aug,2.56664315825977
M10,26,3147,2014 Sep,2.5213487883292616
M10,26,3148,2014 Oct,2.273335501322605
M10,26,3149,2014 Nov,2.1846066578485677
M10,26,3150,2014 Dec,1.9344968447704822
M10,26,3151,2015 Jan,1.591731267639361
M10,26,3152,2015 Feb,1.7342559367651955
M10,26,3153,2015 Mar,1.7788519662269737
M10,26,3154,2015 Apr,1.728051006876384
M10,26,3155,2015 May,2.036707620354163
M10,26,3156,2015 Jun,2.1772672609587556
M10,26,3157,2015 Jul,2.1422313625204494
M10,26,3158,2015 Aug,1.961953922604002
M10,26,3159,2015 Sep,1.8663075049989906
M10,26,3160,2015 Oct,1.8379900568790728
M10,26,3161,2015 Nov,1.981583840996651
M10,26,3162,2015 Dec,1.920171328454835
M10,26,3163,2016 Jan,1.783726947784626
M10,26,3164,2016 Feb,1.5092603330041046
M10,26,3165,2016 Mar,1.5534432147664456
M10,26,3166,2016 Apr,1.5807915902702732
M10,26,3167,2016 May,1.5410926014886186
M10,26,3168,2016 Jun,1.2984641123839085
M10,26,3169,2016 Jul,0.9088272280951253
M10,26,3170,2016 Aug,0.7121520674760016
M10,26,3171,2016 Sep,0.8040694135676243
M10,26,3172,2016 Oct,1.0850060753254747
M10,26,3173,2016 Nov,1.4037951989522504
M10,26,3174,2016 Dec,1.4560210120633152
M10,26,3175,2017 Jan,1.442640372189977
M10,26,3176,2017 Feb,1.3226661879624797
M10,26,3177,2017 Mar,1.2057074172122615
M10,26,3178,,1.0850325660950053
M10,27,2611,1970 Jan,8.279691142295267
M10,27,2612,1970 Feb,8.049073710901228
M10,27,2613,1970 Mar,7.845220419352662
M10,27,2614,1970 Apr,8.041601540095353
M10,27,2615,1970 May,7.630167814446961
M10,27,2616,1970 Jun,7.3736542169438
M10,27,2617,1970 Jul,7.559915137644211
M10,27,2618,1970 Aug,7.67810240648266
M10,27,2619,1970 Sep,7.614256164434745
M10,27,2620,1970 Oct,7.764319844872846
M10,27,2621,1970 Nov,8.012313425954975
M10,27,2622,1970 Dec,7.868071157704153
M10,27,2623,1971 Jan,8.408105366280797
M10,27,2624,1971 Feb,8.343629491303505
M10,27,2625,1971 Mar,7.9871691107639675
M10,27,2626,1971 Apr,7.941404326972941
M10,27,2627,1971 May,8.478093162268568
M10,27,2628,1971 Jun,8.007948101792989
M10,27,2629,1971 Jul,8.215772143584697
M10,27,2630,1971 Aug,8.009420787979469
M10,27,2631,1971 Sep,7.43901460657151
M10,27,2632,1971 Oct,7.27780446443185
M10,27,2633,1971 Nov,6.951382568718825
M10,27,2634,1971 Dec,7.3597941633755095
M10,27,2635,1972 Jan,6.628667318570568
M10,27,2636,1972 Feb,6.826997037194505
M10,27,2637,1972 Mar,7.30256962247487
M10,27,2638,1972 Apr,7.3086150484153505
M10,27,2639,1972 May,8.421004687329527
M10,27,2640,1972 Jun,8.410275010579097
M10,27,2641,1972 Jul,8.795338985043845
M10,27,2642,1972 Aug,9.298332334266751
M10,27,2643,1972 Sep,9.068399006017128
M10,27,2644,1972 Oct,9.170025404922923
M10,27,2645,1972 Nov,9.280704547594373
M10,27,2646,1972 Dec,9.382489852868746
M10,27,2647,1973 Jan,9.454429807472984
M10,27,2648,1973 Feb,9.608590719412122
M10,27,2649,1973 Mar,9.805770915916073
M10,27,2650,1973 Apr,9.847998153183303
M10,27,2651,1973 May,9.49867363983609
M10,27,2652,1973 Jun,9.693714651846168
M10,27,2653,1973 Jul,10.373678354251771
M10,27,2654,1973 Aug,10.842334696696705
M10,27,2655,1973 Sep,11.059662141940596
M10,27,2656,1973 Oct,11.067701144390796
M10,27,2657,1973 Nov,12.010603398550378
M10,27,2658,1973 Dec,11.940442091288004
M10,27,2659,1974 Jan,12.690050632137318
M10,27,2660,1974 Feb,12.62410364412022
M10,27,2661,1974 Mar,13.110209007303812
M10,27,2662,1974 Apr,13.041025373162716
M10,27,2663,1974 May,12.841789550237213
M10,27,2664,1974 Jun,13.519456554329063
M10,27,2665,1974 Jul,13.30711134033345
M10,27,2666,1974 Aug,14.310209286041095
M10,27,2667,1974 Sep,13.73812835973338
M10,27,2668,1974 Oct,14.891011520859077
M10,27,2669,1974 Nov,15.43663241699087
M10,27,2670,1974 Dec,15.930716208499998
M10,27,2671,1975 Jan,13.01730585250679
M10,27,2672,1975 Feb,13.041569142356147
M10,27,2673,1975 Mar,11.962456158904512
M10,27,2674,1975 Apr,13.102924444859772
M10,27,2675,1975 May,12.884491139160406
M10,27,2676,1975 Jun,12.78462275826207
M10,27,2677,1975 Jul,12.230991768632213
M10,27,2678,1975 Aug,12.990914512283936
M10,27,2679,1975 Sep,13.033144886249937
M10,27,2680,1975 Oct,13.628198361316674
M10,27,2681,1975 Nov,13.433181112494628
M10,27,2682,1975 Dec,13.280713576799858
M10,27,2683,1976 Jan,11.871021233972844
M10,27,2684,1976 Feb,12.634451186408096
M10,27,2685,1976 Mar,12.726999431020047
M10,27,2686,1976 Apr,12.445563711483278
M10,27,2687,1976 May,12.614922875090512
M10,27,2688,1976 Jun,13.02656264530599
M10,27,2689,1976 Jul,13.094641324381499
M10,27,2690,1976 Aug,13.407162603313242
M10,27,2691,1976 Sep,13.880741981735664
M10,27,2692,1976 Oct,14.659068229165488
M10,27,2693,1976 Nov,14.015984807423777
M10,27,2694,1976 Dec,14.126488437251647
M10,27,2695,1977 Jan,12.900407651398927
M10,27,2696,1977 Feb,13.034829129000286
M10,27,2697,1977 Mar,11.398166266093593
M10,27,2698,1977 Apr,11.941647824619675
M10,27,2699,1977 May,11.998053349708771
M10,27,2700,1977 Jun,12.60737839719231
M10,27,2701,1977 Jul,12.723114668933716
M10,27,2702,1977 Aug,10.28565461203792
M10,27,2703,1977 Sep,10.279238482491078
M10,27,2704,1977 Oct,10.306348820357947
M10,27,2705,1977 Nov,10.929912134191989
M10,27,2706,1977 Dec,10.686790454528783
M10,27,2707,1978 Jan,11.219992534498797
M10,27,2708,1978 Feb,11.550782464601006
M10,27,2709,1978 Mar,11.392711532542567
M10,27,2710,1978 Apr,11.8836056890806
M10,27,2711,1978 May,11.657104779639136
M10,27,2712,1978 Jun,12.196033388988464
M10,27,2713,1978 Jul,12.158463206002924
M10,27,2714,1978 Aug,12.035866325460436
M10,27,2715,1978 Sep,11.965027300273302
M10,27,2716,1978 Oct,11.951627823985215
M10,27,2717,1978 Nov,12.153892490963313
M10,27,2718,1978 Dec,12.613277091702631
M10,27,2719,1979 Jan,13.41783458762166
M10,27,2720,1979 Feb,12.256370755084545
M10,27,2721,1979 Mar,10.92436935856592
M10,27,2722,1979 Apr,11.102807568208949
M10,27,2723,1979 May,11.408110726005877
M10,27,2724,1979 Jun,12.269862680915438
M10,27,2725,1979 Jul,12.17672888094857
M10,27,2726,1979 Aug,11.80673364113015
M10,27,2727,1979 Sep,11.864340900061599
M10,27,2728,1979 Oct,12.610879095382172
M10,27,2729,1979 Nov,13.713517621455455
M10,27,2730,1979 Dec,13.915503054941993
M10,27,2731,1980 Jan,13.544213969195477
M10,27,2732,1980 Feb,13.683667100566945
M10,27,2733,1980 Mar,13.659373865838395
M10,27,2734,1980 Apr,13.105804983843857
M10,27,2735,1980 May,12.791076353969492
M10,27,2736,1980 Jun,12.897149903813794
M10,27,2737,1980 Jul,12.718601092836185
M10,27,2738,1980 Aug,13.202825020097503
M10,27,2739,1980 Sep,12.824821367896854
M10,27,2740,1980 Oct,12.510259780832035
M10,27,2741,1980 Nov,12.523454670579312
M10,27,2742,1980 Dec,13.306203337744382
M10,27,2743,1981 Jan,13.404101315314975
M10,27,2744,1981 Feb,13.22711493577161
M10,27,2745,1981 Mar,13.014925419865003
M10,27,2746,1981 Apr,13.186626514678471
M10,27,2747,1981 May,13.379306109205036
M10,27,2748,1981 Jun,14.150294455937209
M10,27,2749,1981 Jul,14.575224902926967
M10,27,2750,1981 Aug,14.722345848494593
M10,27,2751,1981 Sep,15.442106964720022
M10,27,2752,1981 Oct,15.218780936231486
M10,27,2753,1981 Nov,14.25800260775772
M10,27,2754,1981 Dec,15.06801906998927
M10,27,2755,1982 Jan,14.643150414952675
M10,27,2756,1982 Feb,13.760806417893429
M10,27,2757,1982 Mar,13.792955845975332
M10,27,2758,1982 Apr,14.133693642598747
M10,27,2759,1982 May,13.914338628655003
M10,27,2760,1982 Jun,13.876645418625717
M10,27,2761,1982 Jul,13.281004050791992
M10,27,2762,1982 Aug,12.043671264884827
M10,27,2763,1982 Sep,11.657272424261071
M10,27,2764,1982 Oct,10.741545367035176
M10,27,2765,1982 Nov,11.729076032644599
M10,27,2766,1982 Dec,11.333930256383464
M10,27,2767,1983 Jan,12.131440719857855
M10,27,2768,1983 Feb,11.578805595594117
M10,27,2769,1983 Mar,11.28489200576938
M10,27,2770,1983 Apr,11.149755556561034
M10,27,2771,1983 May,10.972795486736588
M10,27,2772,1983 Jun,11.120783989477383
M10,27,2773,1983 Jul,11.677337680692698
M10,27,2774,1983 Aug,11.590882353885819
M10,27,2775,1983 Sep,10.98662597547224
M10,27,2776,1983 Oct,10.88500081562459
M10,27,2777,1983 Nov,10.611293291712474
M10,27,2778,1983 Dec,10.770433856725415
M10,27,2779,1984 Jan,10.86298652260263
M10,27,2780,1984 Feb,10.79880865168037
M10,27,2781,1984 Mar,10.66714116648801
M10,27,2782,1984 Apr,11.034267173341956
M10,27,2783,1984 May,11.73782105052475
M10,27,2784,1984 Jun,11.689260051320645
M10,27,2785,1984 Jul,12.242133515188934
M10,27,2786,1984 Aug,11.301384348450863
M10,27,2787,1984 Sep,11.009951011599771
M10,27,2788,1984 Oct,10.961400639136485
M10,27,2789,1984 Nov,10.763085419492075
M10,27,2790,1984 Dec,11.069770383481341
M10,27,2791,1985 Jan,11.365052234685171
M10,27,2792,1985 Feb,11.269208862074262
M10,27,2793,1985 Mar,10.965381884068112
M10,27,2794,1985 Apr,10.952512297544288
M10,27,2795,1985 May,10.958188491244139
M10,27,2796,1985 Jun,10.871871418601021
M10,27,2797,1985 Jul,10.567894682189198
M10,27,2798,1985 Aug,10.513966740090082
M10,27,2799,1985 Sep,10.342699969992767
M10,27,2800,1985 Oct,10.421192989451384
M10,27,2801,1985 Nov,10.446094941944711
M10,27,2802,1985 Dec,10.612820082077842
M10,27,2803,1986 Jan,10.931067721691285
M10,27,2804,1986 Feb,10.067887866459017
M10,27,2805,1986 Mar,8.915818596925094
M10,27,2806,1986 Apr,8.735289089018384
M10,27,2807,1986 May,9.129718765039263
M10,27,2808,1986 Jun,9.323577474872204
M10,27,2809,1986 Jul,9.512362844578767
M10,27,2810,1986 Aug,9.41175489198052
M10,27,2811,1986 Sep,10.76943920882452
M10,27,2812,1986 Oct,10.731960248293122
M10,27,2813,1986 Nov,11.000317944170147
M10,27,2814,1986 Dec,10.337922274969142
M10,27,2815,1987 Jan,10.092741740160708
M10,27,2816,1987 Feb,9.6048978602804
M10,27,2817,1987 Mar,9.180133271374654
M10,27,2818,1987 Apr,8.934368453334736
M10,27,2819,1987 May,8.83652311202247
M10,27,2820,1987 Jun,9.218630384358663
M10,27,2821,1987 Jul,9.826777949656812
M10,27,2822,1987 Aug,10.230801864690537
M10,27,2823,1987 Sep,10.139366174574501
M10,27,2824,1987 Oct,9.424600790919396
M10,27,2825,1987 Nov,9.371528194635333
M10,27,2826,1987 Dec,9.661390829350376
M10,27,2827,1988 Jan,9.393771203943555
M10,27,2828,1988 Feb,9.244589630726047
M10,27,2829,1988 Mar,9.134108292543583
M10,27,2830,1988 Apr,9.38843803881501
M10,27,2831,1988 May,9.478869848637446
M10,27,2832,1988 Jun,9.703891044804504
M10,27,2833,1988 Jul,9.636843411245469
M10,27,2834,1988 Aug,9.936099828252289
M10,27,2835,1988 Sep,9.669015552065947
M10,27,2836,1988 Oct,9.374286431837685
M10,27,2837,1988 Nov,9.785144278138391
M10,27,2838,1988 Dec,9.785383042309707
M10,27,2839,1989 Jan,9.423699191280981
M10,27,2840,1989 Feb,9.598788085571766
M10,27,2841,1989 Mar,9.646361119336369
M10,27,2842,1989 Apr,9.702261470720725
M10,27,2843,1989 May,10.018963919694231
M10,27,2844,1989 Jun,9.973895148826582
M10,27,2845,1989 Jul,9.536800050300148
M10,27,2846,1989 Aug,9.648476389760171
M10,27,2847,1989 Sep,9.976730024259524
M10,27,2848,1989 Oct,9.980046782341368
M10,27,2849,1989 Nov,10.219387141879798
M10,27,2850,1989 Dec,9.933203751818192
M10,27,2851,1990 Jan,10.56528751746915
M10,27,2852,1990 Feb,11.035267404144502
M10,27,2853,1990 Mar,11.68886641922629
M10,27,2854,1990 Apr,12.368108946786474
M10,27,2855,1990 May,11.472167663726694
M10,27,2856,1990 Jun,11.011092520260794
M10,27,2857,1990 Jul,11.159765107541135
M10,27,2858,1990 Aug,11.50792523836555
M10,27,2859,1990 Sep,11.575926300503848
M10,27,2860,1990 Oct,11.105187208720663
M10,27,2861,1990 Nov,10.554395486332169
M10,27,2862,1990 Dec,10.604850743170102
M10,27,2863,1991 Jan,9.876311903376166
M10,27,2864,1991 Feb,9.96304517725603
M10,27,2865,1991 Mar,9.917483198486583
M10,27,2866,1991 Apr,10.036985799637936
M10,27,2867,1991 May,10.23712731948124
M10,27,2868,1991 Jun,10.270507399230443
M10,27,2869,1991 Jul,9.913201805690447
M10,27,2870,1991 Aug,9.699965643756572
M10,27,2871,1991 Sep,9.378827762222368
M10,27,2872,1991 Oct,9.464567297101635
M10,27,2873,1991 Nov,9.609408363387598
M10,27,2874,1991 Dec,9.44361647614335
M10,27,2875,1992 Jan,9.162286125237085
M10,27,2876,1992 Feb,9.044366619537088
M10,27,2877,1992 Mar,9.553510919896063
M10,27,2878,1992 Apr,8.93767423301057
M10,27,2879,1992 May,8.686370467784052
M10,27,2880,1992 Jun,8.894569989933991
M10,27,2881,1992 Jul,9.005773000010583
M10,27,2882,1992 Aug,9.314994818420399
M10,27,2883,1992 Sep,8.967903317632935
M10,27,2884,1992 Oct,8.281596504370677
M10,27,2885,1992 Nov,8.65726234453342
M10,27,2886,1992 Dec,8.324830488727972
M10,27,2887,1993 Jan,8.37518132977716
M10,27,2888,1993 Feb,8.090552239093284
M10,27,2889,1993 Mar,7.9802341889881045
M10,27,2890,1993 Apr,8.329336723463332
M10,27,2891,1993 May,8.364576122088113
M10,27,2892,1993 Jun,7.86286629120396
M10,27,2893,1993 Jul,7.577794849912908
M10,27,2894,1993 Aug,6.9943255052447055
M10,27,2895,1993 Sep,7.092956342611416
M10,27,2896,1993 Oct,7.047791172480572
M10,27,2897,1993 Nov,6.788065677655102
M10,27,2898,1993 Dec,6.249294615402706
M10,27,2899,1994 Jan,6.369416285872903
M10,27,2900,1994 Feb,7.063555732165526
M10,27,2901,1994 Mar,7.604683565837496
M10,27,2902,1994 Apr,7.941915359258715
M10,27,2903,1994 May,8.636400056149148
M10,27,2904,1994 Jun,8.731165801985158
M10,27,2905,1994 Jul,8.550946956322663
M10,27,2906,1994 Aug,8.494811949195464
M10,27,2907,1994 Sep,8.742038165728449
M10,27,2908,1994 Oct,8.653832451559506
M10,27,2909,1994 Nov,8.361341401290494
M10,27,2910,1994 Dec,8.589144347659055
M10,27,2911,1995 Jan,8.468611096256778
M10,27,2912,1995 Feb,8.535839570300855
M10,27,2913,1995 Mar,8.41251771494606
M10,27,2914,1995 Apr,8.353928669942857
M10,27,2915,1995 May,7.876562030452549
M10,27,2916,1995 Jun,8.402279218877975
M10,27,2917,1995 Jul,8.174996389104482
M10,27,2918,1995 Aug,8.07860125738157
M10,27,2919,1995 Sep,8.137894718257016
M10,27,2920,1995 Oct,7.95234648093395
M10,27,2921,1995 Nov,7.605374038438723
M10,27,2922,1995 Dec,7.467235964607435
M10,27,2923,1996 Jan,7.545600737917243
M10,27,2924,1996 Feb,8.052828003267978
M10,27,2925,1996 Mar,8.191766906189587
M10,27,2926,1996 Apr,8.064869952219496
M10,27,2927,1996 May,8.166554684999607
M10,27,2928,1996 Jun,7.9349433269390754
M10,27,2929,1996 Jul,7.94301337727776
M10,27,2930,1996 Aug,7.967362629888252
M10,27,2931,1996 Sep,7.715167323766513
M10,27,2932,1996 Oct,7.643045650967748
M10,27,2933,1996 Nov,7.320167466945496
M10,27,2934,1996 Dec,7.472847726103394
M10,27,2935,1997 Jan,7.3973245222866995
M10,27,2936,1997 Feb,7.227527196077931
M10,27,2937,1997 Mar,7.6006879730092844
M10,27,2938,1997 Apr,7.420158684689509
M10,27,2939,1997 May,7.141370895439553
M10,27,2940,1997 Jun,7.016759684126347
M10,27,2941,1997 Jul,6.862797118333039
M10,27,2942,1997 Aug,6.982467344434484
M10,27,2943,1997 Sep,6.356179075414561
M10,27,2944,1997 Oct,6.44164443559126
M10,27,2945,1997 Nov,6.345193854657718
M10,27,2946,1997 Dec,6.1766318934128055
M10,27,2947,1998 Jan,5.944258222146703
M10,27,2948,1998 Feb,5.979147574485931
M10,27,2949,1998 Mar,5.776567580799286
M10,27,2950,1998 Apr,5.723038705291033
M10,27,2951,1998 May,5.5868452813972125
M10,27,2952,1998 Jun,5.654791988250351
M10,27,2953,1998 Jul,5.578391900257409
M10,27,2954,1998 Aug,5.197621750266184
M10,27,2955,1998 Sep,4.792033844613989
M10,27,2956,1998 Oct,4.995095462473162
M10,27,2957,1998 Nov,4.599176501581152
M10,27,2958,1998 Dec,4.320396978128343
M10,27,2959,1999 Jan,4.126419149986382
M10,27,2960,1999 Feb,4.562447210685379
M10,27,2961,1999 Mar,4.53230682235492
M10,27,2962,1999 Apr,4.629124221041785
M10,27,2963,1999 May,4.918340985249321
M10,27,2964,1999 Jun,5.101204158950024
M10,27,2965,1999 Jul,5.364934513393957
M10,27,2966,1999 Aug,5.167977870554433
M10,27,2967,1999 Sep,5.626915419541816
M10,27,2968,1999 Oct,5.378969962830142
M10,27,2969,1999 Nov,5.1531615063710525
M10,27,2970,1999 Dec,5.375622351237639
M10,27,2971,2000 Jan,5.613887411230072
M10,27,2972,2000 Feb,5.334981696535275
M10,27,2973,2000 Mar,5.147788590901799
M10,27,2974,2000 Apr,5.097727079486093
M10,27,2975,2000 May,5.051331542337303
M10,27,2976,2000 Jun,5.0730534590235665
M10,27,2977,2000 Jul,5.135726990091003
M10,27,2978,2000 Aug,5.249072592896915
M10,27,2979,2000 Sep,5.136670812644608
M10,27,2980,2000 Oct,5.087404511080363
M10,27,2981,2000 Nov,4.78913927496488
M10,27,2982,2000 Dec,4.780946478345161
M10,27,2983,2001 Jan,4.67176509700724
M10,27,2984,2001 Feb,4.7079241144928
M10,27,2985,2001 Mar,4.721793996902942
M10,27,2986,2001 Apr,5.065021829916046
M10,27,2987,2001 May,5.16269102010875
M10,27,2988,2001 Jun,5.232899118385839
M10,27,2989,2001 Jul,5.000247339409385
M10,27,2990,2001 Aug,4.8651844299257485
M10,27,2991,2001 Sep,4.9171919093478484
M10,27,2992,2001 Oct,4.536766216963986
M10,27,2993,2001 Nov,4.647876107865514
M10,27,2994,2001 Dec,5.032639018916309
M10,27,2995,2002 Jan,4.8138372897946615
M10,27,2996,2002 Feb,4.9230353438143455
M10,27,2997,2002 Mar,5.245557590511242
M10,27,2998,2002 Apr,5.155331152372096
M10,27,2999,2002 May,5.228151520579974
M10,27,3000,2002 Jun,4.971465038793058
M10,27,3001,2002 Jul,4.920054026322227
M10,27,3002,2002 Aug,4.63938909362632
M10,27,3003,2002 Sep,4.411979103367663
M10,27,3004,2002 Oct,4.5992089993751675
M10,27,3005,2002 Nov,4.689801758756109
M10,27,3006,2002 Dec,4.396748765397435
M10,27,3007,2003 Jan,4.280682597798609
M10,27,3008,2003 Feb,4.22701335037476
M10,27,3009,2003 Mar,4.354893922073453
M10,27,3010,2003 Apr,4.420163571605515
M10,27,3011,2003 May,4.157879535284745
M10,27,3012,2003 Jun,4.269754441290532
M10,27,3013,2003 Jul,4.607493284379589
M10,27,3014,2003 Aug,4.65624239008754
M10,27,3015,2003 Sep,4.584362097859985
M10,27,3016,2003 Oct,5.009304709018594
M10,27,3017,2003 Nov,5.047253025742235
M10,27,3018,2003 Dec,4.77332459399135
M10,27,3019,2004 Jan,4.857201065207978
M10,27,3020,2004 Feb,4.734972825801295
M10,27,3021,2004 Mar,4.7183691556029155
M10,27,3022,2004 Apr,4.95644545458465
M10,27,3023,2004 May,5.106180584719904
M10,27,3024,2004 Jun,5.058658615355333
M10,27,3025,2004 Jul,5.0517677992383145
M10,27,3026,2004 Aug,4.881019340498369
M10,27,3027,2004 Sep,4.7877530261699395
M10,27,3028,2004 Oct,4.700229070714833
M10,27,3029,2004 Nov,4.5605614219701085
M10,27,3030,2004 Dec,4.487160753719023
M10,27,3031,2005 Jan,4.541874059214447
M10,27,3032,2005 Feb,4.651412225035761
M10,27,3033,2005 Mar,4.6381611621415875
M10,27,3034,2005 Apr,4.474917423936461
M10,27,3035,2005 May,4.281122254559016
M10,27,3036,2005 Jun,4.150849440093071
M10,27,3037,2005 Jul,4.288368679886303
M10,27,3038,2005 Aug,4.123798599211315
M10,27,3039,2005 Sep,4.246411174919908
M10,27,3040,2005 Oct,4.282256049509478
M10,27,3041,2005 Nov,4.166546328720981
M10,27,3042,2005 Dec,4.04761584090467
M10,27,3043,2006 Jan,4.078274517168621
M10,27,3044,2006 Feb,4.119172402808069
M10,27,3045,2006 Mar,4.3443644497489196
M10,27,3046,2006 Apr,4.584456020609005
M10,27,3047,2006 May,4.538917226710895
M10,27,3048,2006 Jun,4.653188097706635
M10,27,3049,2006 Jul,4.548406139313427
M10,27,3050,2006 Aug,4.435740379267121
M10,27,3051,2006 Sep,4.446552703182107
M10,27,3052,2006 Oct,4.420390918565627
M10,27,3053,2006 Nov,4.405943195531551
M10,27,3054,2006 Dec,4.626137873870553
M10,27,3055,2007 Jan,4.848770085994888
M10,27,3056,2007 Feb,4.683181703856925
M10,27,3057,2007 Mar,4.855760730726597
M10,27,3058,2007 Apr,4.924910067294121
M10,27,3059,2007 May,5.126238705088263
M10,27,3060,2007 Jun,5.359211995495065
M10,27,3061,2007 Jul,5.116260044729686
M10,27,3062,2007 Aug,4.935187293764937
M10,27,3063,2007 Sep,4.950474792885894
M10,27,3064,2007 Oct,4.869265884177906
M10,27,3065,2007 Nov,4.638187235124001
M10,27,3066,2007 Dec,4.51763971507596
M10,27,3067,2008 Jan,4.489032088785616
M10,27,3068,2008 Feb,4.527080764634762
M10,27,3069,2008 Mar,4.424487651139907
M10,27,3070,2008 Apr,4.733817074369744
M10,27,3071,2008 May,4.99945323013345
M10,27,3072,2008 Jun,5.168010289476383
M10,27,3073,2008 Jul,4.848858793653595
M10,27,3074,2008 Aug,4.530419337883071
M10,27,3075,2008 Sep,4.522954613811089
M10,27,3076,2008 Oct,4.699474927369959
M10,27,3077,2008 Nov,4.010671419352512
M10,27,3078,2008 Dec,3.38916679244713
M10,27,3079,2009 Jan,4.076792294187743
M10,27,3080,2009 Feb,3.8151293222605345
M10,27,3081,2009 Mar,3.3014541064680314
M10,27,3082,2009 Apr,3.6361445778250903
M10,27,3083,2009 May,3.81410576103233
M10,27,3084,2009 Jun,3.7029986839600646
M10,27,3085,2009 Jul,3.9124906687332355
M10,27,3086,2009 Aug,3.631261898984467
M10,27,3087,2009 Sep,3.7122799684493892
M10,27,3088,2009 Oct,3.768371173644592
M10,27,3089,2009 Nov,3.6986660096664905
M10,27,3090,2009 Dec,4.2029632967875425
M10,27,3091,2010 Jan,4.113542519645141
M10,27,3092,2010 Feb,4.23729234132197
M10,27,3093,2010 Mar,4.176408491622644
M10,27,3094,2010 Apr,4.103432742847502
M10,27,3095,2010 May,3.7918733514647167
M10,27,3096,2010 Jun,3.5852790791271714
M10,27,3097,2010 Jul,3.569098901273313
M10,27,3098,2010 Aug,3.0217350675246903
M10,27,3099,2010 Sep,3.1512426356316494
M10,27,3100,2010 Oct,3.304238230439708
M10,27,3101,2010 Nov,3.4590859204306303
M10,27,3102,2010 Dec,3.617426249618409
M10,27,3103,2011 Jan,3.88273999369222
M10,27,3104,2011 Feb,3.887192861771788
M10,27,3105,2011 Mar,3.897458804180077
M10,27,3106,2011 Apr,3.7116475135729154
M10,27,3107,2011 May,3.565505391825117
M10,27,3108,2011 Jun,3.666518633962858
M10,27,3109,2011 Jul,3.175548267033255
M10,27,3110,2011 Aug,2.903765091234024
M10,27,3111,2011 Sep,2.509613251091165
M10,27,3112,2011 Oct,2.564203958749567
M10,27,3113,2011 Nov,2.42749734665112
M10,27,3114,2011 Dec,2.104979769683081
M10,27,3115,2012 Jan,2.098319529574675
M10,27,3116,2012 Feb,2.2581539247446254
M10,27,3117,2012 Mar,2.3025730239641975
M10,27,3118,2012 Apr,2.222516091740151
M10,27,3119,2012 May,1.6780669242892206
M10,27,3120,2012 Jun,1.8650592516204818
M10,27,3121,2012 Jul,1.6110983923304794
M10,27,3122,2012 Aug,1.6235841909911113
M10,27,3123,2012 Sep,1.7105471366171199
M10,27,3124,2012 Oct,1.8749019328808778
M10,27,3125,2012 Nov,1.7969333806375354
M10,27,3126,2012 Dec,1.8876216632922582
M10,27,3127,2013 Jan,2.188291804472378
M10,27,3128,2013 Feb,2.1117333256696424
M10,27,3129,2013 Mar,1.9005627197929829
M10,27,3130,2013 Apr,1.7922296734489584
M10,27,3131,2013 May,2.16339710303921
M10,27,3132,2013 Jun,2.617065189837736
M10,27,3133,2013 Jul,2.5581274578303304
M10,27,3134,2013 Aug,2.829326622642405
M10,27,3135,2013 Sep,2.759122689963556
M10,27,3136,2013 Oct,2.704520217689466
M10,27,3137,2013 Nov,2.877573930581127
M10,27,3138,2013 Dec,3.1570881993940176
M10,27,3139,2014 Jan,2.8346645496760607
M10,27,3140,2014 Feb,2.8560954938506318
M10,27,3141,2014 Mar,2.8686988186393085
M10,27,3142,2014 Apr,2.80775166637114
M10,27,3143,2014 May,2.702867136747965
M10,27,3144,2014 Jun,2.812023006995248
M10,27,3145,2014 Jul,2.7598195713532556
M10,27,3146,2014 Aug,2.391601435211399
M10,27,3147,2014 Sep,2.468205085640821
M10,27,3148,2014 Oct,2.305359427571763
M10,27,3149,2014 Nov,1.9853039061572484
M10,27,3150,2014 Dec,1.8196322846327235
M10,27,3151,2015 Jan,1.3866909714612488
M10,27,3152,2015 Feb,1.8567165516704165
M10,27,3153,2015 Mar,1.6605374730267954
M10,27,3154,2015 Apr,1.9447015963714098
M10,27,3155,2015 May,1.9177655800084037
M10,27,3156,2015 Jun,2.155196079305349
M10,27,3157,2015 Jul,2.007446955078051
M10,27,3158,2015 Aug,1.966852493993218
M10,27,3159,2015 Sep,1.7918625849085292
M10,27,3160,2015 Oct,1.945741679456507
M10,27,3161,2015 Nov,1.8741326668157452
M10,27,3162,2015 Dec,2.0096829978821624
M10,27,3163,2016 Jan,1.6355418243194333
M10,27,3164,2016 Feb,1.4095625740452777
M10,27,3165,2016 Mar,1.504136741895292
M10,27,3166,2016 Apr,1.6947447364799537
M10,27,3167,2016 May,1.54739952902487
M10,27,3168,2016 Jun,1.0263171192397746
M10,27,3169,2016 Jul,0.7997628839075099
M10,27,3170,2016 Aug,0.6614599762829099
M10,27,3171,2016 Sep,0.7968316403691794
M10,27,3172,2016 Oct,1.287735922292838
M10,27,3173,2016 Nov,1.4764624306639262
M10,27,3174,2016 Dec,1.2955472919973459
M10,27,3175,2017 Jan,1.4858278703363255
M10,27,3176,2017 Feb,1.1303178258980677
M10,27,3177,2017 Mar,1.1342690263450192
M10,27,3178,,1.1066881605256649
M10,31,2191,1935 Jan,2.67
M10,31,2192,1935 Feb,2.67
M10,31,2193,1935 Mar,2.67
M10,31,2194,1935 Apr,2.67
M10,31,2195,1935 May,2.67
M10,31,2196,1935 Jun,2.7066666666666666
M10,31,2197,1935 Jul,2.743333333333333
M10,31,2198,1935 Aug,2.7800000000000002
M10,31,2199,1935 Sep,2.8066666666666666
M10,31,2200,1935 Oct,2.833333333333333
M10,31,2201,1935 Nov,2.86
M10,31,2202,1935 Dec,2.805
M10,31,2203,1936 Jan,2.7500000000000004
M10,31,2204,1936 Feb,2.6950000000000003
M10,31,2205,1936 Mar,2.7100000000000004
M10,31,2206,1936 Apr,2.7250000000000005
M10,31,2207,1936 May,2.74
M10,31,2208,1936 Jun,2.7383333333333337
M10,31,2209,1936 Jul,2.7366666666666672
M10,31,2210,1936 Aug,2.7350000000000003
M10,31,2211,1936 Sep,2.7283333333333335
M10,31,2212,1936 Oct,2.7216666666666667
M10,31,2213,1936 Nov,2.715
M10,31,2214,1936 Dec,2.815
M10,31,2215,1937 Jan,2.915
M10,31,2216,1937 Feb,3.015
M10,31,2217,1937 Mar,3.061666666666667
M10,31,2218,1937 Apr,3.108333333333334
M10,31,2219,1937 May,3.1550000000000002
M10,31,2220,1937 Jun,3.186666666666667
M10,31,2221,1937 Jul,3.2183333333333337
M10,31,2222,1937 Aug,3.25
M10,31,2223,1937 Sep,3.175
M10,31,2224,1937 Oct,3.0999999999999996
M10,31,2225,1937 Nov,3.025
M10,31,2226,1937 Dec,2.985
M10,31,2227,1938 Jan,2.945
M10,31,2228,1938 Feb,2.9050000000000002
M10,31,2229,1938 Mar,2.9033333333333338
M10,31,2230,1938 Apr,2.9016666666666673
M10,31,2231,1938 May,2.9000000000000004
M10,31,2232,1938 Jun,2.921666666666667
M10,31,2233,1938 Jul,2.9433333333333334
M10,31,2234,1938 Aug,2.965
M10,31,2235,1938 Sep,3.0466666666666664
M10,31,2236,1938 Oct,3.128333333333333
M10,31,2237,1938 Nov,3.21
M10,31,2238,1938 Dec,3.2533333333333334
M10,31,2239,1939 Jan,3.296666666666667
M10,31,2240,1939 Feb,3.34
M10,31,2241,1939 Mar,3.3816666666666664
M10,31,2242,1939 Apr,3.423333333333333
M10,31,2243,1939 May,3.465
M10,31,2244,1939 Jun,3.515
M10,31,2245,1939 Jul,3.5650000000000004
M10,31,2246,1939 Aug,3.615
M10,31,2247,1939 Sep,3.5783333333333336
M10,31,2248,1939 Oct,3.541666666666667
M10,31,2249,1939 Nov,3.505
M10,31,2250,1939 Dec,3.34
M10,31,2251,1940 Jan,3.175
M10,31,2252,1940 Feb,3.01
M10,31,2253,1940 Mar,3.0416666666666665
M10,31,2254,1940 Apr,3.0733333333333333
M10,31,2255,1940 May,3.105
M10,31,2256,1940 Jun,3.0866666666666664
M10,31,2257,1940 Jul,3.068333333333333
M10,31,2258,1940 Aug,3.05
M10,31,2259,1940 Sep,3.01
M10,31,2260,1940 Oct,2.9699999999999998
M10,31,2261,1940 Nov,2.9299999999999997
M10,31,2262,1940 Dec,2.8616666666666664
M10,31,2263,1941 Jan,2.793333333333333
M10,31,2264,1941 Feb,2.725
M10,31,2265,1941 Mar,2.7283333333333335
M10,31,2266,1941 Apr,2.731666666666667
M10,31,2267,1941 May,2.7350000000000003
M10,31,2268,1941 Jun,2.726666666666667
M10,31,2269,1941 Jul,2.7183333333333337
M10,31,2270,1941 Aug,2.71
M10,31,2271,1941 Sep,2.7016666666666667
M10,31,2272,1941 Oct,2.6933333333333334
M10,31,2273,1941 Nov,2.685
M10,31,2274,1941 Dec,2.7016666666666667
M10,31,2275,1942 Jan,2.7183333333333333
M10,31,2276,1942 Feb,2.735
M10,31,2277,1942 Mar,2.715
M10,31,2278,1942 Apr,2.695
M10,31,2279,1942 May,2.675
M10,31,2280,1942 Jun,2.65
M10,31,2281,1942 Jul,2.625
M10,31,2282,1942 Aug,2.6
M10,31,2283,1942 Sep,2.5566666666666666
M10,31,2284,1942 Oct,2.513333333333333
M10,31,2285,1942 Nov,2.4699999999999998
M10,31,2286,1942 Dec,2.5616666666666665
M10,31,2287,1943 Jan,2.6533333333333333
M10,31,2288,1943 Feb,2.745
M10,31,2289,1943 Mar,2.755
M10,31,2290,1943 Apr,2.7649999999999997
M10,31,2291,1943 May,2.775
M10,31,2292,1943 Jun,2.748333333333333
M10,31,2293,1943 Jul,2.7216666666666662
M10,31,2294,1943 Aug,2.695
M10,31,2295,1943 Sep,2.7016666666666667
M10,31,2296,1943 Oct,2.7083333333333335
M10,31,2297,1943 Nov,2.715
M10,31,2298,1943 Dec,2.723333333333333
M10,31,2299,1944 Jan,2.7316666666666665
M10,31,2300,1944 Feb,2.74
M10,31,2301,1944 Mar,2.74
M10,31,2302,1944 Apr,2.74
M10,31,2303,1944 May,2.74
M10,31,2304,1944 Jun,2.711666666666667
M10,31,2305,1944 Jul,2.6833333333333336
M10,31,2306,1944 Aug,2.6550000000000002
M10,31,2307,1944 Sep,2.65
M10,31,2308,1944 Oct,2.6449999999999996
M10,31,2309,1944 Nov,2.6399999999999997
M10,31,2310,1944 Dec,2.648333333333333
M10,31,2311,1945 Jan,2.6566666666666663
M10,31,2312,1945 Feb,2.665
M10,31,2313,1945 Mar,2.62
M10,31,2314,1945 Apr,2.5949999999999998
M10,31,2315,1945 May,2.615
M10,31,2316,1945 Jun,2.635
M10,31,2317,1945 Jul,2.64
M10,31,2318,1945 Aug,2.6500000000000004
M10,31,2319,1945 Sep,2.645
M10,31,2320,1945 Oct,2.625
M10,31,2321,1945 Nov,2.6500000000000004
M10,31,2322,1945 Dec,2.6900000000000004
M10,31,2323,1946 Jan,2.625
M10,31,2324,1946 Feb,2.525
M10,31,2325,1946 Mar,2.45
M10,31,2326,1946 Apr,2.285
M10,31,2327,1946 May,2.275
M10,31,2328,1946 Jun,2.385
M10,31,2329,1946 Jul,2.375
M10,31,2330,1946 Aug,2.3449999999999998
M10,31,2331,1946 Sep,2.2800000000000002
M10,31,2332,1946 Oct,2.1399999999999997
M10,31,2333,1946 Nov,2.01
M10,31,2334,1946 Dec,1.98
M10,31,2335,1947 Jan,1.95
M10,31,2336,1947 Feb,1.975
M10,31,2337,1947 Mar,2.135
M10,31,2338,1947 Apr,2.21
M10,31,2339,1947 May,2.175
M10,31,2340,1947 Jun,2.255
M10,31,2341,1947 Jul,2.55
M10,31,2342,1947 Aug,2.7199999999999998
M10,31,2343,1947 Sep,2.735
M10,31,2344,1947 Oct,2.6849999999999996
M10,31,2345,1947 Nov,2.675
M10,31,2346,1947 Dec,2.835
M10,31,2347,1948 Jan,2.795
M10,31,2348,1948 Feb,2.665
M10,31,2349,1948 Mar,2.635
M10,31,2350,1948 Apr,2.64
M10,31,2351,1948 May,2.6100000000000003
M10,31,2352,1948 Jun,2.5300000000000002
M10,31,2353,1948 Jul,2.51
M10,31,2354,1948 Aug,2.51
M10,31,2355,1948 Sep,2.4850000000000003
M10,31,2356,1948 Oct,2.3600000000000003
M10,31,2357,1948 Nov,2.25
M10,31,2358,1948 Dec,2.2649999999999997
M10,31,2359,1949 Jan,2.2649999999999997
M10,31,2360,1949 Feb,2.25
M10,31,2361,1949 Mar,2.25
M10,31,2362,1949 Apr,2.225
M10,31,2363,1949 May,2.225
M10,31,2364,1949 Jun,2.45
M10,31,2365,1949 Jul,2.74
M10,31,2366,1949 Aug,2.81
M10,31,2367,1949 Sep,2.705
M10,31,2368,1949 Oct,2.71
M10,31,2369,1949 Nov,2.695
M10,31,2370,1949 Dec,2.6799999999999997
M10,31,2371,1950 Jan,2.705
M10,31,2372,1950 Feb,2.685
M10,31,2373,1950 Mar,2.705
M10,31,2374,1950 Apr,2.63
M10,31,2375,1950 May,2.565
M10,31,2376,1950 Jun,2.615
M10,31,2377,1950 Jul,2.67
M10,31,2378,1950 Aug,2.64
M10,31,2379,1950 Sep,2.58
M10,31,2380,1950 Oct,2.54
M10,31,2381,1950 Nov,2.5549999999999997
M10,31,2382,1950 Dec,2.575
M10,31,2383,1951 Jan,2.815
M10,31,2384,1951 Feb,3.0549999999999997
M10,31,2385,1951 Mar,3.085
M10,31,2386,1951 Apr,3.125
M10,31,2387,1951 May,3.21
M10,31,2388,1951 Jun,3.3099999999999996
M10,31,2389,1951 Jul,3.29
M10,31,2390,1951 Aug,3.22
M10,31,2391,1951 Sep,3.23
M10,31,2392,1951 Oct,3.3
M10,31,2393,1951 Nov,3.48
M10,31,2394,1951 Dec,3.765
M10,31,2395,1952 Jan,3.855
M10,31,2396,1952 Feb,3.835
M10,31,2397,1952 Mar,3.935
M10,31,2398,1952 Apr,3.95
M10,31,2399,1952 May,4.035
M10,31,2400,1952 Jun,4.27
M10,31,2401,1952 Jul,4.245
M10,31,2402,1952 Aug,3.955
M10,31,2403,1952 Sep,3.81
M10,31,2404,1952 Oct,3.83
M10,31,2405,1952 Nov,3.81
M10,31,2406,1952 Dec,3.83
M10,31,2407,1953 Jan,3.77
M10,31,2408,1953 Feb,3.67
M10,31,2409,1953 Mar,3.635
M10,31,2410,1953 Apr,3.575
M10,31,2411,1953 May,3.52
M10,31,2412,1953 Jun,3.5250000000000004
M10,31,2413,1953 Jul,3.495
M10,31,2414,1953 Aug,3.41
M10,31,2415,1953 Sep,3.3600000000000003
M10,31,2416,1953 Oct,3.34
M10,31,2417,1953 Nov,3.355
M10,31,2418,1953 Dec,3.395
M10,31,2419,1954 Jan,3.395
M10,31,2420,1954 Feb,3.37
M10,31,2421,1954 Mar,3.38
M10,31,2422,1954 Apr,3.38
M10,31,2423,1954 May,3.2649999999999997
M10,31,2424,1954 Jun,3.135
M10,31,2425,1954 Jul,3.1
M10,31,2426,1954 Aug,3.08
M10,31,2427,1954 Sep,3.065
M10,31,2428,1954 Oct,3.05
M10,31,2429,1954 Nov,3.065
M10,31,2430,1954 Dec,3.1100000000000003
M10,31,2431,1955 Jan,3.135
M10,31,2432,1955 Feb,3.315
M10,31,2433,1955 Mar,3.55
M10,31,2434,1955 Apr,3.7800000000000002
M10,31,2435,1955 May,4.05
M10,31,2436,1955 Jun,4.17
M10,31,2437,1955 Jul,4.325
M10,31,2438,1955 Aug,4.7
M10,31,2439,1955 Sep,4.835
M10,31,2440,1955 Oct,4.59
M10,31,2441,1955 Nov,4.57
M10,31,2442,1955 Dec,4.715
M10,31,2443,1956 Jan,4.83
M10,31,2444,1956 Feb,4.895
M10,31,2445,1956 Mar,4.98
M10,31,2446,1956 Apr,4.975
M10,31,2447,1956 May,5.005
M10,31,2448,1956 Jun,5.244999999999999
M10,31,2449,1956 Jul,5.375
M10,31,2450,1956 Aug,5.29
M10,31,2451,1956 Sep,5.23
M10,31,2452,1956 Oct,5.195
M10,31,2453,1956 Nov,5.26
M10,31,2454,1956 Dec,5.27
M10,31,2455,1957 Jan,4.890000000000001
M10,31,2456,1957 Feb,4.67
M10,31,2457,1957 Mar,4.83
M10,31,2458,1957 Apr,5.005
M10,31,2459,1957 May,5.215
M10,31,2460,1957 Jun,5.404999999999999
M10,31,2461,1957 Jul,5.27
M10,31,2462,1957 Aug,5.225
M10,31,2463,1957 Sep,5.505
M10,31,2464,1957 Oct,5.715
M10,31,2465,1957 Nov,5.785
M10,31,2466,1957 Dec,5.805
M10,31,2467,1958 Jan,5.73
M10,31,2468,1958 Feb,5.63
M10,31,2469,1958 Mar,5.585
M10,31,2470,1958 Apr,5.484999999999999
M10,31,2471,1958 May,5.395
M10,31,2472,1958 Jun,5.390000000000001
M10,31,2473,1958 Jul,5.359999999999999
M10,31,2474,1958 Aug,5.37
M10,31,2475,1958 Sep,5.365
M10,31,2476,1958 Oct,5.32
M10,31,2477,1958 Nov,5.335
M10,31,2478,1958 Dec,5.3149999999999995
M10,31,2479,1959 Jan,5.13
M10,31,2480,1959 Feb,5.01
M10,31,2481,1959 Mar,5.07
M10,31,2482,1959 Apr,5.095000000000001
M10,31,2483,1959 May,5.18
M10,31,2484,1959 Jun,5.25
M10,31,2485,1959 Jul,5.18
M10,31,2486,1959 Aug,5.16
M10,31,2487,1959 Sep,5.244999999999999
M10,31,2488,1959 Oct,5.145
M10,31,2489,1959 Nov,4.970000000000001
M10,31,2490,1959 Dec,5.075
M10,31,2491,1960 Jan,5.26
M10,31,2492,1960 Feb,5.365
M10,31,2493,1960 Mar,5.495
M10,31,2494,1960 Apr,5.63
M10,31,2495,1960 May,5.68
M10,31,2496,1960 Jun,5.865
M10,31,2497,1960 Jul,6.025
M10,31,2498,1960 Aug,6.02
M10,31,2499,1960 Sep,6.0649999999999995
M10,31,2500,1960 Oct,6.1
M10,31,2501,1960 Nov,6.119999999999999
M10,31,2502,1960 Dec,6.154999999999999
M10,31,2503,1961 Jan,6.16
M10,31,2504,1961 Feb,6.075
M10,31,2505,1961 Mar,6.029999999999999
M10,31,2506,1961 Apr,6.045
M10,31,2507,1961 May,6.0600000000000005
M10,31,2508,1961 Jun,6.215
M10,31,2509,1961 Jul,6.449999999999999
M10,31,2510,1961 Aug,6.625
M10,31,2511,1961 Sep,6.6850000000000005
M10,31,2512,1961 Oct,6.395
M10,31,2513,1961 Nov,6.16
M10,31,2514,1961 Dec,6.23
M10,31,2515,1962 Jan,6.225
M10,31,2516,1962 Feb,6.234999999999999
M10,31,2517,1962 Mar,6.27
M10,31,2518,1962 Apr,6.275
M10,31,2519,1962 May,6.28
M10,31,2520,1962 Jun,6.235
M10,31,2521,1962 Jul,6.0
M10,31,2522,1962 Aug,5.715
M10,31,2523,1962 Sep,5.255
M10,31,2524,1962 Oct,4.97
M10,31,2525,1962 Nov,5.109999999999999
M10,31,2526,1962 Dec,5.154999999999999
M10,31,2527,1963 Jan,5.1850000000000005
M10,31,2528,1963 Feb,5.33
M10,31,2529,1963 Mar,5.4399999999999995
M10,31,2530,1963 Apr,5.37
M10,31,2531,1963 May,5.17
M10,31,2532,1963 Jun,5.04
M10,31,2533,1963 Jul,4.98
M10,31,2534,1963 Aug,4.83
M10,31,2535,1963 Sep,4.82
M10,31,2536,1963 Oct,4.77
M10,31,2537,1963 Nov,4.98
M10,31,2538,1963 Dec,5.08
M10,31,2539,1964 Jan,5.23
M10,31,2540,1964 Feb,5.31
M10,31,2541,1964 Mar,5.42
M10,31,2542,1964 Apr,5.42
M10,31,2543,1964 May,5.44
M10,31,2544,1964 Jun,5.51
M10,31,2545,1964 Jul,5.63
M10,31,2546,1964 Aug,5.68
M10,31,2547,1964 Sep,5.69
M10,31,2548,1964 Oct,5.77
M10,31,2549,1964 Nov,5.86
M10,31,2550,1964 Dec,6.26
M10,31,2551,1965 Jan,6.43
M10,31,2552,1965 Feb,6.33
M10,31,2553,1965 Mar,6.4
M10,31,2554,1965 Apr,6.56
M10,31,2555,1965 May,6.6
M10,31,2556,1965 Jun,6.69
M10,31,2557,1965 Jul,6.77
M10,31,2558,1965 Aug,6.8
M10,31,2559,1965 Sep,6.55
M10,31,2560,1965 Oct,6.46
M10,31,2561,1965 Nov,6.47
M10,31,2562,1965 Dec,6.54
M10,31,2563,1966 Jan,6.56
M10,31,2564,1966 Feb,6.52
M10,31,2565,1966 Mar,6.69
M10,31,2566,1966 Apr,6.78
M10,31,2567,1966 May,6.82
M10,31,2568,1966 Jun,6.96
M10,31,2569,1966 Jul,7.34
M10,31,2570,1966 Aug,7.49
M10,31,2571,1966 Sep,7.0
M10,31,2572,1966 Oct,6.92
M10,31,2573,1966 Nov,6.86
M10,31,2574,1966 Dec,6.63
M10,31,2575,1967 Jan,6.57
M10,31,2576,1967 Feb,6.4
M10,31,2577,1967 Mar,6.43
M10,31,2578,1967 Apr,6.37
M10,31,2579,1967 May,6.42
M10,31,2580,1967 Jun,6.64
M10,31,2581,1967 Jul,6.81
M10,31,2582,1967 Aug,6.71
M10,31,2583,1967 Sep,6.74
M10,31,2584,1967 Oct,6.9
M10,31,2585,1967 Nov,7.1
M10,31,2586,1967 Dec,7.31
M10,31,2587,1968 Jan,7.3
M10,31,2588,1968 Feb,7.27
M10,31,2589,1968 Mar,7.3
M10,31,2590,1968 Apr,7.27
M10,31,2591,1968 May,7.36
M10,31,2592,1968 Jun,7.61
M10,31,2593,1968 Jul,7.69
M10,31,2594,1968 Aug,7.55
M10,31,2595,1968 Sep,7.5
M10,31,2596,1968 Oct,7.52
M10,31,2597,1968 Nov,7.73
M10,31,2598,1968 Dec,8.01
M10,31,2599,1969 Jan,8.26
M10,31,2600,1969 Feb,8.4
M10,31,2601,1969 Mar,8.66
M10,31,2602,1969 Apr,8.65
M10,31,2603,1969 May,8.97
M10,31,2604,1969 Jun,9.29
M10,31,2605,1969 Jul,8.98
M10,31,2606,1969 Aug,9.02
M10,31,2607,1969 Sep,9.06
M10,31,2608,1969 Oct,8.84
M10,31,2609,1969 Nov,8.92
M10,31,2610,1969 Dec,8.91
M10,31,2611,1970 Jan,8.89
M10,31,2612,1970 Feb,8.68
M10,31,2613,1970 Mar,8.54
M10,31,2614,1970 Apr,8.55
M10,31,2615,1970 May,8.8
M10,31,2616,1970 Jun,8.85
M10,31,2617,1970 Jul,8.5
M10,31,2618,1970 Aug,8.33
M10,31,2619,1970 Sep,8.43
M10,31,2620,1970 Oct,8.42
M10,31,2621,1970 Nov,8.69
M10,31,2622,1970 Dec,8.93
M10,31,2623,1971 Jan,8.8
M10,31,2624,1971 Feb,8.59
M10,31,2625,1971 Mar,8.34
M10,31,2626,1971 Apr,8.21
M10,31,2627,1971 May,8.09
M10,31,2628,1971 Jun,8.14
M10,31,2629,1971 Jul,8.5
M10,31,2630,1971 Aug,8.03
M10,31,2631,1971 Sep,7.82
M10,31,2632,1971 Oct,7.65
M10,31,2633,1971 Nov,7.24
M10,31,2634,1971 Dec,7.32
M10,31,2635,1972 Jan,7.03
M10,31,2636,1972 Feb,7.05
M10,31,2637,1972 Mar,7.39
M10,31,2638,1972 Apr,7.44
M10,31,2639,1972 May,7.85
M10,31,2640,1972 Jun,8.95
M10,31,2641,1972 Jul,8.9
M10,31,2642,1972 Aug,9.05
M10,31,2643,1972 Sep,9.29
M10,31,2644,1972 Oct,9.1
M10,31,2645,1972 Nov,9.09
M10,31,2646,1972 Dec,9.36
M10,31,2647,1973 Jan,9.17
M10,31,2648,1973 Feb,9.33
M10,31,2649,1973 Mar,9.78
M10,31,2650,1973 Apr,9.66
M10,31,2651,1973 May,9.74
M10,31,2652,1973 Jun,9.88
M10,31,2653,1973 Jul,10.43
M10,31,2654,1973 Aug,11.22
M10,31,2655,1973 Sep,11.48
M10,31,2656,1973 Oct,11.29
M10,31,2657,1973 Nov,12.08
M10,31,2658,1973 Dec,12.64
M10,31,2659,1974 Jan,13.0
M10,31,2660,1974 Feb,13.46
M10,31,2661,1974 Mar,13.51
M10,31,2662,1974 Apr,13.82
M10,31,2663,1974 May,13.33
M10,31,2664,1974 Jun,13.81
M10,31,2665,1974 Jul,14.17
M10,31,2666,1974 Aug,14.52
M10,31,2667,1974 Sep,14.17
M10,31,2668,1974 Oct,14.61
M10,31,2669,1974 Nov,15.76
M10,31,2670,1974 Dec,16.32
M10,31,2671,1975 Jan,15.07
M10,31,2672,1975 Feb,13.33
M10,31,2673,1975 Mar,12.24
M10,31,2674,1975 Apr,12.42
M10,31,2675,1975 May,13.11
M10,31,2676,1975 Jun,12.99
M10,31,2677,1975 Jul,12.75
M10,31,2678,1975 Aug,12.77
M10,31,2679,1975 Sep,12.76
M10,31,2680,1975 Oct,13.51
M10,31,2681,1975 Nov,13.66
M10,31,2682,1975 Dec,13.57
M10,31,2683,1976 Jan,12.64
M10,31,2684,1976 Feb,12.13
M10,31,2685,1976 Mar,12.55
M10,31,2686,1976 Apr,12.47
M10,31,2687,1976 May,12.37
M10,31,2688,1976 Jun,13.45
M10,31,2689,1976 Jul,13.56
M10,31,2690,1976 Aug,13.67
M10,31,2691,1976 Sep,14.18
M10,31,2692,1976 Oct,15.67
M10,31,2693,1976 Nov,15.46
M10,31,2694,1976 Dec,15.17
M10,31,2695,1977 Jan,14.07
M10,31,2696,1977 Feb,13.34
M10,31,2697,1977 Mar,12.44
M10,31,2698,1977 Apr,12.18
M10,31,2699,1977 May,11.86
M10,31,2700,1977 Jun,12.52
M10,31,2701,1977 Jul,12.87
M10,31,2702,1977 Aug,12.29
M10,31,2703,1977 Sep,11.03
M10,31,2704,1977 Oct,10.28
M10,31,2705,1977 Nov,10.68
M10,31,2706,1977 Dec,10.67
M10,31,2707,1978 Jan,10.58
M10,31,2708,1978 Feb,11.28
M10,31,2709,1978 Mar,11.17
M10,31,2710,1978 Apr,11.87
M10,31,2711,1978 May,12.29
M10,31,2712,1978 Jun,12.48
M10,31,2713,1978 Jul,12.41
M10,31,2714,1978 Aug,12.21
M10,31,2715,1978 Sep,12.36
M10,31,2716,1978 Oct,12.69
M10,31,2717,1978 Nov,13.03
M10,31,2718,1978 Dec,13.11
M10,31,2719,1979 Jan,13.61
M10,31,2720,1979 Feb,13.8
M10,31,2721,1979 Mar,12.07
M10,31,2722,1979 Apr,11.41
M10,31,2723,1979 May,11.7
M10,31,2724,1979 Jun,12.56
M10,31,2725,1979 Jul,12.24
M10,31,2726,1979 Aug,12.25
M10,31,2727,1979 Sep,12.54
M10,31,2728,1979 Oct,13.17
M10,31,2729,1979 Nov,14.85
M10,31,2730,1979 Dec,14.96
M10,31,2731,1980 Jan,14.43
M10,31,2732,1980 Feb,14.73
M10,31,2733,1980 Mar,14.93
M10,31,2734,1980 Apr,14.42
M10,31,2735,1980 May,14.11
M10,31,2736,1980 Jun,13.78
M10,31,2737,1980 Jul,13.08
M10,31,2738,1980 Aug,13.7
M10,31,2739,1980 Sep,13.47
M10,31,2740,1980 Oct,13.2
M10,31,2741,1980 Nov,13.34
M10,31,2742,1980 Dec,13.78
M10,31,2743,1981 Jan,13.97
M10,31,2744,1981 Feb,13.84
M10,31,2745,1981 Mar,13.66
M10,31,2746,1981 Apr,13.66
M10,31,2747,1981 May,14.4
M10,31,2748,1981 Jun,14.69
M10,31,2749,1981 Jul,15.28
M10,31,2750,1981 Aug,15.23
M10,31,2751,1981 Sep,15.81
M10,31,2752,1981 Oct,16.34
M10,31,2753,1981 Nov,15.72
M10,31,2754,1981 Dec,16.0
M10,31,2755,1982 Jan,15.94
M10,31,2756,1982 Feb,15.09
M10,31,2757,1982 Mar,14.01
M10,31,2758,1982 Apr,14.2
M10,31,2759,1982 May,13.89
M10,31,2760,1982 Jun,13.75
M10,31,2761,1982 Jul,13.35
M10,31,2762,1982 Aug,12.21
M10,31,2763,1982 Sep,11.51
M10,31,2764,1982 Oct,10.69
M10,31,2765,1982 Nov,10.8
M10,31,2766,1982 Dec,11.58
M10,31,2767,1983 Jan,11.87
M10,31,2768,1983 Feb,11.79
M10,31,2769,1983 Mar,11.38
M10,31,2770,1983 Apr,11.06
M10,31,2771,1983 May,11.16
M10,31,2772,1983 Jun,10.99
M10,31,2773,1983 Jul,11.53
M10,31,2774,1983 Aug,11.72
M10,31,2775,1983 Sep,11.25
M10,31,2776,1983 Oct,11.02
M10,31,2777,1983 Nov,10.68
M10,31,2778,1983 Dec,10.77
M10,31,2779,1984 Jan,10.77
M10,31,2780,1984 Feb,10.87
M10,31,2781,1984 Mar,10.66
M10,31,2782,1984 Apr,10.85
M10,31,2783,1984 May,11.38
M10,31,2784,1984 Jun,11.59
M10,31,2785,1984 Jul,12.07
M10,31,2786,1984 Aug,11.41
M10,31,2787,1984 Sep,11.23
M10,31,2788,1984 Oct,11.1
M10,31,2789,1984 Nov,10.73
M10,31,2790,1984 Dec,10.87
M10,31,2791,1985 Jan,11.36
M10,31,2792,1985 Feb,11.49
M10,31,2793,1985 Mar,11.33
M10,31,2794,1985 Apr,11.07
M10,31,2795,1985 May,11.23
M10,31,2796,1985 Jun,11.03
M10,31,2797,1985 Jul,10.77
M10,31,2798,1985 Aug,10.69
M10,31,2799,1985 Sep,10.68
M10,31,2800,1985 Oct,10.52
M10,31,2801,1985 Nov,10.69
M10,31,2802,1985 Dec,10.78
M10,31,2803,1986 Jan,11.13
M10,31,2804,1986 Feb,10.73
M10,31,2805,1986 Mar,9.69
M10,31,2806,1986 Apr,8.94
M10,31,2807,1986 May,9.15
M10,31,2808,1986 Jun,9.45
M10,31,2809,1986 Jul,9.61
M10,31,2810,1986 Aug,9.66
M10,31,2811,1986 Sep,10.28
M10,31,2812,1986 Oct,10.92
M10,31,2813,1986 Nov,11.08
M10,31,2814,1986 Dec,10.98
M10,31,2815,1987 Jan,10.27
M10,31,2816,1987 Feb,9.97
M10,31,2817,1987 Mar,9.11
M10,31,2818,1987 Apr,9.14
M10,31,2819,1987 May,8.8
M10,31,2820,1987 Jun,8.93
M10,31,2821,1987 Jul,9.29
M10,31,2822,1987 Aug,10.13
M10,31,2823,1987 Sep,10.21
M10,31,2824,1987 Oct,10.14
M10,31,2825,1987 Nov,9.23
M10,31,2826,1987 Dec,9.63
M10,31,2827,1988 Jan,9.71
M10,31,2828,1988 Feb,9.52
M10,31,2829,1988 Mar,9.22
M10,31,2830,1988 Apr,9.2
M10,31,2831,1988 May,9.41
M10,31,2832,1988 Jun,9.51
M10,31,2833,1988 Jul,9.84
M10,31,2834,1988 Aug,9.91
M10,31,2835,1988 Sep,10.1
M10,31,2836,1988 Oct,9.69
M10,31,2837,1988 Nov,9.86
M10,31,2838,1988 Dec,10.14
M10,31,2839,1989 Jan,9.96
M10,31,2840,1989 Feb,9.72
M10,31,2841,1989 Mar,9.88
M10,31,2842,1989 Apr,10.18
M10,31,2843,1989 May,10.17
M10,31,2844,1989 Jun,10.55
M10,31,2845,1989 Jul,10.15
M10,31,2846,1989 Aug,9.91
M10,31,2847,1989 Sep,10.21
M10,31,2848,1989 Oct,10.45
M10,31,2849,1989 Nov,10.55
M10,31,2850,1989 Dec,10.56
M10,31,2851,1990 Jan,10.89
M10,31,2852,1990 Feb,11.33
M10,31,2853,1990 Mar,12.42
M10,31,2854,1990 Apr,12.74
M10,31,2855,1990 May,12.41
M10,31,2856,1990 Jun,11.8
M10,31,2857,1990 Jul,11.84
M10,31,2858,1990 Aug,12.15
M10,31,2859,1990 Sep,12.1
M10,31,2860,1990 Oct,11.74
M10,31,2861,1990 Nov,11.37
M10,31,2862,1990 Dec,10.84
M10,31,2863,1991 Jan,10.59
M10,31,2864,1991 Feb,10.13
M10,31,2865,1991 Mar,10.29
M10,31,2866,1991 Apr,10.19
M10,31,2867,1991 May,10.38
M10,31,2868,1991 Jun,10.58
M10,31,2869,1991 Jul,10.28
M10,31,2870,1991 Aug,10.03
M10,31,2871,1991 Sep,9.64
M10,31,2872,1991 Oct,9.72
M10,31,2873,1991 Nov,9.77
M10,31,2874,1991 Dec,9.66
M10,31,2875,1992 Jan,9.46
M10,31,2876,1992 Feb,9.3
M10,31,2877,1992 Mar,9.68
M10,31,2878,1992 Apr,9.43
M10,31,2879,1992 May,9.02
M10,31,2880,1992 Jun,9.12
M10,31,2881,1992 Jul,9.05
M10,31,2882,1992 Aug,9.35
M10,31,2883,1992 Sep,9.19
M10,31,2884,1992 Oct,8.65
M10,31,2885,1992 Nov,8.19
M10,31,2886,1992 Dec,8.32
M10,31,2887,1993 Jan,8.29
M10,31,2888,1993 Feb,7.95
M10,31,2889,1993 Mar,7.72
M10,31,2890,1993 Apr,7.89
M10,31,2891,1993 May,8.15
M10,31,2892,1993 Jun,7.96
M10,31,2893,1993 Jul,7.62
M10,31,2894,1993 Aug,7.07
M10,31,2895,1993 Sep,6.96
M10,31,2896,1993 Oct,6.87
M10,31,2897,1993 Nov,6.85
M10,31,2898,1993 Dec,6.28
M10,31,2899,1994 Jan,6.24
M10,31,2900,1994 Feb,6.72
M10,31,2901,1994 Mar,7.4
M10,31,2902,1994 Apr,7.86
M10,31,2903,1994 May,8.36
M10,31,2904,1994 Jun,8.82
M10,31,2905,1994 Jul,8.61
M10,31,2906,1994 Aug,8.74
M10,31,2907,1994 Sep,9.01
M10,31,2908,1994 Oct,8.87
M10,31,2909,1994 Nov,8.71
M10,31,2910,1994 Dec,8.65
M10,31,2911,1995 Jan,8.82
M10,31,2912,1995 Feb,8.72
M10,31,2913,1995 Mar,8.66
M10,31,2914,1995 Apr,8.49
M10,31,2915,1995 May,8.24
M10,31,2916,1995 Jun,8.15
M10,31,2917,1995 Jul,8.3
M10,31,2918,1995 Aug,8.15
M10,31,2919,1995 Sep,7.96
M10,31,2920,1995 Oct,8.12
M10,31,2921,1995 Nov,7.79
M10,31,2922,1995 Dec,7.5
M10,31,2923,1996 Jan,7.45
M10,31,2924,1996 Feb,7.78
M10,31,2925,1996 Mar,8.07
M10,31,2926,1996 Apr,8.07
M10,31,2927,1996 May,8.1
M10,31,2928,1996 Jun,8.06
M10,31,2929,1996 Jul,7.93
M10,31,2930,1996 Aug,7.85
M10,31,2931,1996 Sep,7.83
M10,31,2932,1996 Oct,7.56
M10,31,2933,1996 Nov,7.61
M10,31,2934,1996 Dec,7.56
M10,31,2935,1997 Jan,7.55
M10,31,2936,1997 Feb,7.2
M10,31,2937,1997 Mar,7.47
M10,31,2938,1997 Apr,7.65
M10,31,2939,1997 May,7.16
M10,31,2940,1997 Jun,7.14
M10,31,2941,1997 Jul,7.05
M10,31,2942,1997 Aug,7.09
M10,31,2943,1997 Sep,6.81
M10,31,2944,1997 Oct,6.51
M10,31,2945,1997 Nov,6.61
M10,31,2946,1997 Dec,6.36
M10,31,2947,1998 Jan,6.09
M10,31,2948,1998 Feb,6.03
M10,31,2949,1998 Mar,5.95
M10,31,2950,1998 Apr,5.79
M10,31,2951,1998 May,5.83
M10,31,2952,1998 Jun,5.73
M10,31,2953,1998 Jul,5.76
M10,31,2954,1998 Aug,5.54
M10,31,2955,1998 Sep,5.13
M10,31,2956,1998 Oct,5.0
M10,31,2957,1998 Nov,4.91
M10,31,2958,1998 Dec,4.5
M10,31,2959,1999 Jan,4.29
M10,31,2960,1999 Feb,4.45
M10,31,2961,1999 Mar,4.67
M10,31,2962,1999 Apr,4.6
M10,31,2963,1999 May,4.91
M10,31,2964,1999 Jun,5.17
M10,31,2965,1999 Jul,5.34
M10,31,2966,1999 Aug,5.39
M10,31,2967,1999 Sep,5.65
M10,31,2968,1999 Oct,5.84
M10,31,2969,1999 Nov,5.28
M10,31,2970,1999 Dec,5.39
M10,31,2971,2000 Jan,5.82
M10,31,2972,2000 Feb,5.63
M10,31,2973,2000 Mar,5.36
M10,31,2974,2000 Apr,5.31
M10,31,2975,2000 May,5.4
M10,31,2976,2000 Jun,5.2
M10,31,2977,2000 Jul,5.21
M10,31,2978,2000 Aug,5.29
M10,31,2979,2000 Sep,5.35
M10,31,2980,2000 Oct,5.19
M10,31,2981,2000 Nov,5.07
M10,31,2982,2000 Dec,4.9
M10,31,2983,2001 Jan,4.86
M10,31,2984,2001 Feb,4.85
M10,31,2985,2001 Mar,4.73
M10,31,2986,2001 Apr,4.96
M10,31,2987,2001 May,5.13
M10,31,2988,2001 Jun,5.2
M10,31,2989,2001 Jul,5.19
M10,31,2990,2001 Aug,4.97
M10,31,2991,2001 Sep,4.98
M10,31,2992,2001 Oct,4.83
M10,31,2993,2001 Nov,4.63
M10,31,2994,2001 Dec,4.9
M10,31,2995,2002 Jan,4.94
M10,31,2996,2002 Feb,4.97
M10,31,2997,2002 Mar,5.25
M10,31,2998,2002 Apr,5.26
M10,31,2999,2002 May,5.29
M10,31,3000,2002 Jun,5.12
M10,31,3001,2002 Jul,5.01
M10,31,3002,2002 Aug,4.71
M10,31,3003,2002 Sep,4.49
M10,31,3004,2002 Oct,4.61
M10,31,3005,2002 Nov,4.64
M10,31,3006,2002 Dec,4.57
M10,31,3007,2003 Jan,4.382233130136433
M10,31,3008,2003 Feb,4.220936616878295
M10,31,3009,2003 Mar,4.338609011087091
M10,31,3010,2003 Apr,4.47920355785937
M10,31,3011,2003 May,4.231007755803987
M10,31,3012,2003 Jun,4.126778752503227
M10,31,3013,2003 Jul,4.42836539473339
M10,31,3014,2003 Aug,4.593575404445513
M10,31,3015,2003 Sep,4.6834279540107016
M10,31,3016,2003 Oct,4.878451010421894
M10,31,3017,2003 Nov,5.029593778566255
M10,31,3018,2003 Dec,4.867488318743581
M10,31,3019,2004 Jan,4.758706099955097
M10,31,3020,2004 Feb,4.776484938533533
M10,31,3021,2004 Mar,4.673957456488488
M10,31,3022,2004 Apr,4.918028128126697
M10,31,3023,2004 May,5.059638007977431
M10,31,3024,2004 Jun,5.134226342383551
M10,31,3025,2004 Jul,5.043462338561871
M10,31,3026,2004 Aug,4.9452415070446865
M10,31,3027,2004 Sep,4.856188202530714
M10,31,3028,2004 Oct,4.72343457952551
M10,31,3029,2004 Nov,4.645522343050775
M10,31,3030,2004 Dec,4.4884659543619705
M10,31,3031,2005 Jan,4.5004099039952346
M10,31,3032,2005 Feb,4.536656471062128
M10,31,3033,2005 Mar,4.741925785911196
M10,31,3034,2005 Apr,4.575274585339654
M10,31,3035,2005 May,4.374766601104495
M10,31,3036,2005 Jun,4.246579624140598
M10,31,3037,2005 Jul,4.268114357845565
M10,31,3038,2005 Aug,4.285579822317175
M10,31,3039,2005 Sep,4.170903046974445
M10,31,3040,2005 Oct,4.307155187002791
M10,31,3041,2005 Nov,4.262601015518169
M10,31,3042,2005 Dec,4.167204855986125
M10,31,3043,2006 Jan,4.019024830131296
M10,31,3044,2006 Feb,4.099230513449477
M10,31,3045,2006 Mar,4.259900833434409
M10,31,3046,2006 Apr,4.463460149371286
M10,31,3047,2006 May,4.582669206867335
M10,31,3048,2006 Jun,4.596687849400801
M10,31,3049,2006 Jul,4.5878128220436665
M10,31,3050,2006 Aug,4.574888264917226
M10,31,3051,2006 Sep,4.4697221938071054
M10,31,3052,2006 Oct,4.5286810341084385
M10,31,3053,2006 Nov,4.455386202754474
M10,31,3054,2006 Dec,4.530054199012063
M10,31,3055,2007 Jan,4.757678617577428
M10,31,3056,2007 Feb,4.789564220899933
M10,31,3057,2007 Mar,4.719839265075996
M10,31,3058,2007 Apr,4.934827876452506
M10,31,3059,2007 May,5.030187088800983
M10,31,3060,2007 Jun,5.309851626113738
M10,31,3061,2007 Jul,5.289913418192577
M10,31,3062,2007 Aug,5.046842112901723
M10,31,3063,2007 Sep,4.912012504135406
M10,31,3064,2007 Oct,4.883784035018113
M10,31,3065,2007 Nov,4.6734250075832335
M10,31,3066,2007 Dec,4.65061411424915
M10,31,3067,2008 Jan,4.462756390756833
M10,31,3068,2008 Feb,4.609204742569937
M10,31,3069,2008 Mar,4.448900675494205
M10,31,3070,2008 Apr,4.641800097740803
M10,31,3071,2008 May,4.838332869648623
M10,31,3072,2008 Jun,5.139363348994243
M10,31,3073,2008 Jul,4.997326752586874
M10,31,3074,2008 Aug,4.69188362300491
M10,31,3075,2008 Sep,4.551098866876978
M10,31,3076,2008 Oct,4.587286064488801
M10,31,3077,2008 Nov,4.318829184312135
M10,31,3078,2008 Dec,3.6594145542178014
M10,31,3079,2009 Jan,3.748718212914933
M10,31,3080,2009 Feb,3.7984279146541384
M10,31,3081,2009 Mar,3.3263839742294206
M10,31,3082,2009 Apr,3.4793538080159814
M10,31,3083,2009 May,3.7274236453298886
M10,31,3084,2009 Jun,3.8164972522874137
M10,31,3085,2009 Jul,3.9124006188409446
M10,31,3086,2009 Aug,3.805335674115343
M10,31,3087,2009 Sep,3.7586700794938714
M10,31,3088,2009 Oct,3.6699642290982912
M10,31,3089,2009 Nov,3.8711988911142594
M10,31,3090,2009 Dec,4.016182640367454
M10,31,3091,2010 Jan,4.159952564832342
M10,31,3092,2010 Feb,4.22124766732586
M10,31,3093,2010 Mar,4.234463573858771
M10,31,3094,2010 Apr,4.250346715908904
M10,31,3095,2010 May,3.90949839879075
M10,31,3096,2010 Jun,3.7075762250471413
M10,31,3097,2010 Jul,3.6110010869651354
M10,31,3098,2010 Aug,3.3227017933511647
M10,31,3099,2010 Sep,3.2237967155632306
M10,31,3100,2010 Oct,3.173154721087689
M10,31,3101,2010 Nov,3.4255696235252526
M10,31,3102,2010 Dec,3.723445266982755
M10,31,3103,2011 Jan,3.8403401340250545
M10,31,3104,2011 Feb,3.995186302419369
M10,31,3105,2011 Mar,3.8473106781414104
M10,31,3106,2011 Apr,3.8743896599265333
M10,31,3107,2011 May,3.6110941417423614
M10,31,3108,2011 Jun,3.5253389344447505
M10,31,3109,2011 Jul,3.425025488578192
M10,31,3110,2011 Aug,2.868100063763484
M10,31,3111,2011 Sep,2.562541588007915
M10,31,3112,2011 Oct,2.6051781009086414
M10,31,3113,2011 Nov,2.3599158049721414
M10,31,3114,2011 Dec,2.2414776303617017
M10,31,3115,2012 Jan,2.16994759374576
M10,31,3116,2012 Feb,2.2868711852356687
M10,31,3117,2012 Mar,2.3545120686636825
M10,31,3118,2012 Apr,2.221379077437686
M10,31,3119,2012 May,1.9840733065164595
M10,31,3120,2012 Jun,1.8085242389371954
M10,31,3121,2012 Jul,1.6902326261126495
M10,31,3122,2012 Aug,1.7218134460121746
M10,31,3123,2012 Sep,1.7650181323392107
M10,31,3124,2012 Oct,1.811555043906003
M10,31,3125,2012 Nov,1.8154006963067046
M10,31,3126,2012 Dec,1.889602885872156
M10,31,3127,2013 Jan,2.1303881228055506
M10,31,3128,2013 Feb,2.2352347614431096
M10,31,3129,2013 Mar,2.0387786378390165
M10,31,3130,2013 Apr,1.8328723146345702
M10,31,3131,2013 May,2.0052378778211395
M10,31,3132,2013 Jun,2.374577283158681
M10,31,3133,2013 Jul,2.5525326377644535
M10,31,3134,2013 Aug,2.8034464706645856
M10,31,3135,2013 Sep,2.9383596350836303
M10,31,3136,2013 Oct,2.7592391680462143
M10,31,3137,2013 Nov,2.846887784586626
M10,31,3138,2013 Dec,3.048132551556701
M10,31,3139,2014 Jan,2.987116833404489
M10,31,3140,2014 Feb,2.8760500172229095
M10,31,3141,2014 Mar,2.854103794295874
M10,31,3142,2014 Apr,2.8109957817862727
M10,31,3143,2014 May,2.7609285632556
M10,31,3144,2014 Jun,2.842534213353439
M10,31,3145,2014 Jul,2.7738076413922457
M10,31,3146,2014 Aug,2.56664315825977
M10,31,3147,2014 Sep,2.5213487883292616
M10,31,3148,2014 Oct,2.273335501322605
M10,31,3149,2014 Nov,2.1846066578485677
M10,31,3150,2014 Dec,1.9344968447704822
M10,31,3151,2015 Jan,1.591731267639361
M10,31,3152,2015 Feb,1.7342559367651955
M10,31,3153,2015 Mar,1.7788519662269737
M10,31,3154,2015 Apr,1.728051006876384
M10,31,3155,2015 May,2.036707620354163
M10,31,3156,2015 Jun,2.1772672609587556
M10,31,3157,2015 Jul,2.1422313625204494
M10,31,3158,2015 Aug,1.961953922604002
M10,31,3159,2015 Sep,1.8663075049989906
M10,31,3160,2015 Oct,1.8379900568790728
M10,31,3161,2015 Nov,1.981583840996651
M10,31,3162,2015 Dec,1.920171328454835
M10,31,3163,2016 Jan,1.783726947784626
M10,31,3164,2016 Feb,1.5092603330041046
M10,31,3165,2016 Mar,1.5534432147664456
M10,31,3166,2016 Apr,1.5807915902702732
M10,31,3167,2016 May,1.5410926014886186
M10,31,3168,2016 Jun,1.2984641123839085
M10,31,3169,2016 Jul,0.9088272280951253
M10,31,3170,2016 Aug,0.7121520674760016
M10,31,3171,2016 Sep,0.8040694135676243
M10,31,3172,2016 Oct,1.0850060753254747
M10,31,3173,2016 Nov,1.4037951989522504
M10,31,3174,2016 Dec,1.4560210120633152
M10,31,3175,2017 Jan,1.442640372189977
M10,31,3176,2017 Feb,1.3226661879624797
M10,31,3177,2017 Mar,1.2057074172122615
M10,31,3178,,1.0850325660950053
M12,15,799,1995 Jan,8.21
M12,15,800,1995 Feb,8.33
M12,15,801,1995 Mar,8.36
M12,15,802,1995 Apr,8.36
M12,15,803,1995 May,8.36
M12,15,804,1995 Jun,8.35
M12,15,805,1995 Jul,8.36
M12,15,806,1995 Aug,8.36
M12,15,807,1995 Sep,8.36
M12,15,808,1995 Oct,8.0
M12,15,809,1995 Nov,7.96
M12,15,810,1995 Dec,7.95
M12,15,811,1996 Jan,7.72
M12,15,812,1996 Feb,7.5
M12,15,813,1996 Mar,7.46
M12,15,814,1996 Apr,7.3
M12,15,815,1996 May,7.17
M12,15,816,1996 Jun,7.15
M12,15,817,1996 Jul,7.15
M12,15,818,1996 Aug,6.99
M12,15,819,1996 Sep,6.93
M12,15,820,1996 Oct,6.92
M12,15,821,1996 Nov,6.92
M12,15,822,1996 Dec,7.01
M12,15,823,1997 Jan,7.18
M12,15,824,1997 Feb,7.22
M12,15,825,1997 Mar,7.21
M12,15,826,1997 Apr,7.22
M12,15,827,1997 May,7.27
M12,15,828,1997 Jun,7.64
M12,15,829,1997 Jul,7.86
M12,15,830,1997 Aug,8.15
M12,15,831,1997 Sep,8.33
M12,15,832,1997 Oct,8.36
M12,15,833,1997 Nov,8.37
M12,15,834,1997 Dec,8.5
M12,15,835,1998 Jan,8.56
M12,15,836,1998 Feb,8.59
M12,15,837,1998 Mar,8.59
M12,15,838,1998 Apr,8.59
M12,15,839,1998 May,8.59
M12,15,840,1998 Jun,8.59
M12,15,841,1998 Jul,8.8
M12,15,842,1998 Aug,8.83
M12,15,843,1998 Sep,8.87
M12,15,844,1998 Oct,8.85
M12,15,845,1998 Nov,8.58
M12,15,846,1998 Dec,8.0
M12,15,847,1999 Jan,7.6
M12,15,848,1999 Feb,7.35
M12,15,849,1999 Mar,6.85
M12,15,850,1999 Apr,6.83
M12,15,851,1999 May,6.75
M12,15,852,1999 Jun,6.73
M12,15,853,1999 Jul,6.72
M12,15,854,1999 Aug,6.72
M12,15,855,1999 Sep,6.72
M12,15,856,1999 Oct,6.82
M12,15,857,1999 Nov,6.87
M12,15,858,1999 Dec,7.1
M12,15,859,2000 Jan,7.13
M12,15,860,2000 Feb,7.38
M12,15,861,2000 Mar,7.62
M12,15,862,2000 Apr,7.63
M12,15,863,2000 May,7.64
M12,15,864,2000 Jun,7.64
M12,15,865,2000 Jul,7.64
M12,15,866,2000 Aug,7.63
M12,15,867,2000 Sep,7.59
M12,15,868,2000 Oct,7.59
M12,15,869,2000 Nov,7.59
M12,15,870,2000 Dec,7.55
M12,15,871,2001 Jan,7.56
M12,15,872,2001 Feb,7.56
M12,15,873,2001 Mar,7.27
M12,15,874,2001 Apr,7.3
M12,15,875,2001 May,7.03
M12,15,876,2001 Jun,6.81
M12,15,877,2001 Jul,6.81
M12,15,878,2001 Aug,6.8
M12,15,879,2001 Sep,6.54
M12,15,880,2001 Oct,6.32
M12,15,881,2001 Nov,6.06
M12,15,882,2001 Dec,5.67
M12,15,883,2002 Jan,5.66
M12,15,884,2002 Feb,5.66
M12,15,885,2002 Mar,5.65
M12,15,886,2002 Apr,5.65
M12,15,887,2002 May,5.66
M12,15,888,2002 Jun,5.66
M12,15,889,2002 Jul,5.66
M12,15,890,2002 Aug,5.66
M12,15,891,2002 Sep,5.65
M12,15,892,2002 Oct,5.66
M12,15,893,2002 Nov,5.65
M12,15,894,2002 Dec,5.64
M12,15,895,2003 Jan,5.64
M12,15,896,2003 Feb,5.63
M12,15,897,2003 Mar,5.49
M12,15,898,2003 Apr,5.51
M12,15,899,2003 May,5.5
M12,15,900,2003 Jun,5.5
M12,15,901,2003 Jul,5.5
M12,15,902,2003 Aug,5.32
M12,15,903,2003 Sep,5.31
M12,15,904,2003 Oct,5.3
M12,15,905,2003 Nov,5.32
M12,15,906,2003 Dec,5.59
M12,15,907,2004 Jan,5.59
M12,15,908,2004 Feb,5.59
M12,15,909,2004 Mar,5.81
M12,15,910,2004 Apr,5.81
M12,15,911,2004 May,5.82
M12,15,912,2004 Jun,6.08
M12,15,913,2004 Jul,6.32
M12,15,914,2004 Aug,6.32
M12,15,915,2004 Sep,6.59
M12,15,916,2004 Oct,6.61
M12,15,917,2004 Nov,6.6
M12,15,918,2004 Dec,6.6
M12,15,919,2005 Jan,6.6107
M12,15,920,2005 Feb,6.6119
M12,15,921,2005 Mar,6.6077
M12,15,922,2005 Apr,6.615
M12,15,923,2005 May,6.6186
M12,15,924,2005 Jun,6.6214
M12,15,925,2005 Jul,6.6078
M12,15,926,2005 Aug,6.5755
M12,15,927,2005 Sep,6.3998
M12,15,928,2005 Oct,6.3454
M12,15,929,2005 Nov,6.3465
M12,15,930,2005 Dec,6.3505
M12,15,931,2006 Jan,6.3585
M12,15,932,2006 Feb,6.3732
M12,15,933,2006 Mar,6.4084
M12,15,934,2006 Apr,6.4101
M12,15,935,2006 May,6.4035
M12,15,936,2006 Jun,6.3995
M12,15,937,2006 Jul,6.4025
M12,15,938,2006 Aug,6.402
M12,15,939,2006 Sep,6.654
M12,15,940,2006 Oct,6.6792
M12,15,941,2006 Nov,6.6996
M12,15,942,2006 Dec,6.9794
M12,15,943,2007 Jan,7.0084
M12,15,944,2007 Feb,7.2033
M12,15,945,2007 Mar,7.1935
M12,15,946,2007 Apr,7.223
M12,15,947,2007 May,7.2308
M12,15,948,2007 Jun,7.4595
M12,15,949,2007 Jul,7.4445
M12,15,950,2007 Aug,7.6914
M12,15,951,2007 Sep,7.7439
M12,15,952,2007 Oct,7.7361
M12,15,953,2007 Nov,7.7175
M12,15,954,2007 Dec,7.6775
M12,15,955,2008 Jan,7.5143
M12,15,956,2008 Feb,7.4995
M12,15,957,2008 Mar,7.2412
M12,15,958,2008 Apr,7.2333
M12,15,959,2008 May,6.9517
M12,15,960,2008 Jun,6.9183
M12,15,961,2008 Jul,6.9172
M12,15,962,2008 Aug,6.9268
M12,15,963,2008 Sep,6.9519
M12,15,964,2008 Oct,6.9129
M12,15,965,2008 Nov,6.3416
M12,15,966,2008 Dec,5.3805
M12,15,967,2009 Jan,4.7277
M12,15,968,2009 Feb,4.3816
M12,15,969,2009 Mar,4.0558
M12,15,970,2009 Apr,3.8171
M12,15,971,2009 May,3.8327
M12,15,972,2009 Jun,3.9465
M12,15,973,2009 Jul,4.1068
M12,15,974,2009 Aug,3.9273
M12,15,975,2009 Sep,3.9129
M12,15,976,2009 Oct,3.9092
M12,15,977,2009 Nov,3.9766
M12,15,978,2009 Dec,3.9704
M12,15,979,2010 Jan,4.0823
M12,15,980,2010 Feb,4.0525
M12,15,981,2010 Mar,4.0444
M12,15,982,2010 Apr,3.9911
M12,15,983,2010 May,3.9409
M12,15,984,2010 Jun,3.9246
M12,15,985,2010 Jul,3.9211
M12,15,986,2010 Aug,3.9404
M12,15,987,2010 Sep,3.9251
M12,15,988,2010 Oct,3.906
M12,15,989,2010 Nov,3.9147
M12,15,990,2010 Dec,3.9137
M12,15,991,2011 Jan,4.0418
M12,15,992,2011 Feb,4.0698
M12,15,993,2011 Mar,4.0656
M12,15,994,2011 Apr,4.0042
M12,15,995,2011 May,3.9982
M12,15,996,2011 Jun,4.0504
M12,15,997,2011 Jul,4.0995
M12,15,998,2011 Aug,4.1145
M12,15,999,2011 Sep,4.1182
M12,15,1000,2011 Oct,4.1371
M12,15,1001,2011 Nov,4.1315
M12,15,1002,2011 Dec,4.1161
M12,15,1003,2012 Jan,4.179
M12,15,1004,2012 Feb,4.1364
M12,15,1005,2012 Mar,4.0995
M12,15,1006,2012 Apr,4.1002
M12,15,1007,2012 May,4.1623
M12,15,1008,2012 Jun,4.2237
M12,15,1009,2012 Jul,4.2381
M12,15,1010,2012 Aug,4.2704
M12,15,1011,2012 Sep,4.286
M12,15,1012,2012 Oct,4.3175
M12,15,1013,2012 Nov,4.317
M12,15,1014,2012 Dec,4.3511
M12,15,1015,2013 Jan,4.3847
M12,15,1016,2013 Feb,4.3831
M12,15,1017,2013 Mar,4.3437
M12,15,1018,2013 Apr,4.3481
M12,15,1019,2013 May,4.3816
M12,15,1020,2013 Jun,4.3829
M12,15,1021,2013 Jul,4.3717
M12,15,1022,2013 Aug,4.3622
M12,15,1023,2013 Sep,4.355
M12,15,1024,2013 Oct,4.3675
M12,15,1025,2013 Nov,4.4068
M12,15,1026,2013 Dec,4.3915
M12,15,1027,2014 Jan,4.4142
M12,15,1028,2014 Feb,4.429
M12,15,1029,2014 Mar,4.4317
M12,15,1030,2014 Apr,4.4272
M12,15,1031,2014 May,4.4237
M12,15,1032,2014 Jun,4.3562
M12,15,1033,2014 Jul,4.4519
M12,15,1034,2014 Aug,4.4513
M12,15,1035,2014 Sep,4.5154
M12,15,1036,2014 Oct,4.5341
M12,15,1037,2014 Nov,4.4925
M12,15,1038,2014 Dec,4.4807
M12,15,1039,2015 Jan,4.5619
M12,15,1040,2015 Feb,4.5052
M12,15,1041,2015 Mar,4.5102
M12,15,1042,2015 Apr,4.5292
M12,15,1043,2015 May,4.5535
M12,15,1044,2015 Jun,4.4863
M12,15,1045,2015 Jul,4.5013
M12,15,1046,2015 Aug,4.4791
M12,15,1047,2015 Sep,4.4998
M12,15,1048,2015 Oct,4.5406
M12,15,1049,2015 Nov,4.4945
M12,15,1050,2015 Dec,4.4901
M12,15,1051,2016 Jan,4.56
M12,15,1052,2016 Feb,4.5815
M12,15,1053,2016 Mar,4.5673
M12,15,1054,2016 Apr,4.635
M12,15,1055,2016 May,4.5602
M12,15,1056,2016 Jun,4.5248
M12,15,1057,2016 Jul,4.55
M12,15,1058,2016 Aug,4.2971
M12,15,1059,2016 Sep,4.2376
M12,15,1060,2016 Oct,4.2443
M12,15,1061,2016 Nov,4.2766
M12,15,1062,2016 Dec,4.2284
M12,15,1063,2017 Jan,4.4851
M12,15,1064,2017 Feb,4.3678
M12,15,1065,2017 Mar,4.3678
M12,17,135,1939 Sep,5.5
M12,17,136,1939 Oct,5.5
M12,17,137,1939 Nov,5.5
M12,17,138,1939 Dec,5.0
M12,17,139,1940 Jan,5.0
M12,17,140,1940 Feb,5.0
M12,17,141,1940 Mar,5.0
M12,17,142,1940 Apr,5.0
M12,17,143,1940 May,5.0
M12,17,144,1940 Jun,5.0
M12,17,145,1940 Jul,5.0
M12,17,146,1940 Aug,5.0
M12,17,147,1940 Sep,5.0
M12,17,148,1940 Oct,5.0
M12,17,149,1940 Nov,5.0
M12,17,150,1940 Dec,5.0
M12,17,151,1941 Jan,5.0
M12,17,152,1941 Feb,5.0
M12,17,153,1941 Mar,5.0
M12,17,154,1941 Apr,5.0
M12,17,155,1941 May,5.0
M12,17,156,1941 Jun,5.0
M12,17,157,1941 Jul,5.0
M12,17,158,1941 Aug,5.0
M12,17,159,1941 Sep,5.0
M12,17,160,1941 Oct,5.0
M12,17,161,1941 Nov,5.0
M12,17,162,1941 Dec,5.0
M12,17,163,1942 Jan,5.0
M12,17,164,1942 Feb,5.0
M12,17,165,1942 Mar,5.0
M12,17,166,1942 Apr,5.0
M12,17,167,1942 May,5.0
M12,17,168,1942 Jun,5.0
M12,17,169,1942 Jul,5.0
M12,17,170,1942 Aug,5.0
M12,17,171,1942 Sep,5.0
M12,17,172,1942 Oct,5.0
M12,17,173,1942 Nov,5.0
M12,17,174,1942 Dec,5.0
M12,17,175,1943 Jan,5.0
M12,17,176,1943 Feb,5.0
M12,17,177,1943 Mar,5.0
M12,17,178,1943 Apr,5.0
M12,17,179,1943 May,5.0
M12,17,180,1943 Jun,5.0
M12,17,181,1943 Jul,5.0
M12,17,182,1943 Aug,5.0
M12,17,183,1943 Sep,5.0
M12,17,184,1943 Oct,5.0
M12,17,185,1943 Nov,5.0
M12,17,186,1943 Dec,5.0
M12,17,187,1944 Jan,5.0
M12,17,188,1944 Feb,5.0
M12,17,189,1944 Mar,5.0
M12,17,190,1944 Apr,5.0
M12,17,191,1944 May,5.0
M12,17,192,1944 Jun,5.0
M12,17,193,1944 Jul,5.0
M12,17,194,1944 Aug,5.0
M12,17,195,1944 Sep,5.0
M12,17,196,1944 Oct,5.0
M12,17,197,1944 Nov,5.0
M12,17,198,1944 Dec,5.0
M12,17,199,1945 Jan,5.0
M12,17,200,1945 Feb,5.0
M12,17,201,1945 Mar,5.0
M12,17,202,1945 Apr,5.0
M12,17,203,1945 May,5.0
M12,17,204,1945 Jun,5.0
M12,17,205,1945 Jul,5.0
M12,17,206,1945 Aug,5.0
M12,17,207,1945 Sep,4.0
M12,17,208,1945 Oct,4.0
M12,17,209,1945 Nov,4.0
M12,17,210,1945 Dec,4.0
M12,17,211,1946 Jan,4.0
M12,17,212,1946 Feb,4.0
M12,17,213,1946 Mar,4.0
M12,17,214,1946 Apr,4.0
M12,17,215,1946 May,4.0
M12,17,216,1946 Jun,4.0
M12,17,217,1946 Jul,4.0
M12,17,218,1946 Aug,4.0
M12,17,219,1946 Sep,4.0
M12,17,220,1946 Oct,4.0
M12,17,221,1946 Nov,4.0
M12,17,222,1946 Dec,4.0
M12,17,223,1947 Jan,4.0
M12,17,224,1947 Feb,4.0
M12,17,225,1947 Mar,4.0
M12,17,226,1947 Apr,4.0
M12,17,227,1947 May,4.0
M12,17,228,1947 Jun,4.0
M12,17,229,1947 Jul,4.0
M12,17,230,1947 Aug,4.0
M12,17,231,1947 Sep,4.0
M12,17,232,1947 Oct,4.0
M12,17,233,1947 Nov,4.0
M12,17,234,1947 Dec,4.0
M12,17,235,1948 Jan,4.0
M12,17,236,1948 Feb,4.0
M12,17,237,1948 Mar,4.0
M12,17,238,1948 Apr,4.0
M12,17,239,1948 May,4.0
M12,17,240,1948 Jun,4.0
M12,17,241,1948 Jul,4.0
M12,17,242,1948 Aug,4.0
M12,17,243,1948 Sep,4.0
M12,17,244,1948 Oct,4.0
M12,17,245,1948 Nov,4.0
M12,17,246,1948 Dec,4.0
M12,17,247,1949 Jan,4.0
M12,17,248,1949 Feb,4.0
M12,17,249,1949 Mar,4.0
M12,17,250,1949 Apr,4.0
M12,17,251,1949 May,4.0
M12,17,252,1949 Jun,4.0
M12,17,253,1949 Jul,4.0
M12,17,254,1949 Aug,4.0
M12,17,255,1949 Sep,4.0
M12,17,256,1949 Oct,4.0
M12,17,257,1949 Nov,4.0
M12,17,258,1949 Dec,4.0
M12,17,259,1950 Jan,4.0
M12,17,260,1950 Feb,4.0
M12,17,261,1950 Mar,4.0
M12,17,262,1950 Apr,4.0
M12,17,263,1950 May,4.0
M12,17,264,1950 Jun,4.0
M12,17,265,1950 Jul,4.0
M12,17,266,1950 Aug,4.0
M12,17,267,1950 Sep,4.0
M12,17,268,1950 Oct,4.0
M12,17,269,1950 Nov,4.0
M12,17,270,1950 Dec,4.0
M12,17,271,1951 Jan,4.0
M12,17,272,1951 Feb,4.0
M12,17,273,1951 Mar,4.0
M12,17,274,1951 Apr,4.0
M12,17,275,1951 May,4.0
M12,17,276,1951 Jun,4.0
M12,17,277,1951 Jul,4.0
M12,17,278,1951 Aug,4.0
M12,17,279,1951 Sep,4.0
M12,17,280,1951 Oct,4.0
M12,17,281,1951 Nov,4.0
M12,17,282,1951 Dec,4.0
M12,17,283,1952 Jan,4.0
M12,17,284,1952 Feb,4.0
M12,17,285,1952 Mar,4.5
M12,17,286,1952 Apr,4.5
M12,17,287,1952 May,4.5
M12,17,288,1952 Jun,4.5
M12,17,289,1952 Jul,4.5
M12,17,290,1952 Aug,4.5
M12,17,291,1952 Sep,4.5
M12,17,292,1952 Oct,4.5
M12,17,293,1952 Nov,4.5
M12,17,294,1952 Dec,4.5
M12,17,295,1953 Jan,4.5
M12,17,296,1953 Feb,4.5
M12,17,297,1953 Mar,4.5
M12,17,298,1953 Apr,4.5
M12,17,299,1953 May,4.5
M12,17,300,1953 Jun,4.5
M12,17,301,1953 Jul,4.5
M12,17,302,1953 Aug,4.5
M12,17,303,1953 Sep,4.5
M12,17,304,1953 Oct,4.5
M12,17,305,1953 Nov,4.5
M12,17,306,1953 Dec,4.5
M12,17,307,1954 Jan,4.5
M12,17,308,1954 Feb,4.5
M12,17,309,1954 Mar,4.5
M12,17,310,1954 Apr,4.5
M12,17,311,1954 May,4.5
M12,17,312,1954 Jun,4.5
M12,17,313,1954 Jul,4.5
M12,17,314,1954 Aug,4.5
M12,17,315,1954 Sep,4.5
M12,17,316,1954 Oct,4.5
M12,17,317,1954 Nov,4.5
M12,17,318,1954 Dec,4.5
M12,17,319,1955 Jan,4.5
M12,17,320,1955 Feb,4.5
M12,17,321,1955 Mar,4.5
M12,17,322,1955 Apr,4.5
M12,17,323,1955 May,4.5
M12,17,324,1955 Jun,4.5
M12,17,325,1955 Jul,5.0
M12,17,326,1955 Aug,5.0
M12,17,327,1955 Sep,5.0
M12,17,328,1955 Oct,5.0
M12,17,329,1955 Nov,5.25
M12,17,330,1955 Dec,5.25
M12,17,331,1956 Jan,5.25
M12,17,332,1956 Feb,5.25
M12,17,333,1956 Mar,5.25
M12,17,334,1956 Apr,5.25
M12,17,335,1956 May,5.5
M12,17,336,1956 Jun,5.5
M12,17,337,1956 Jul,6.0
M12,17,338,1956 Aug,6.0
M12,17,339,1956 Sep,6.0
M12,17,340,1956 Oct,6.0
M12,17,341,1956 Nov,6.0
M12,17,342,1956 Dec,6.0
M12,17,343,1957 Jan,6.0
M12,17,344,1957 Feb,6.0
M12,17,345,1957 Mar,6.0
M12,17,346,1957 Apr,6.0
M12,17,347,1957 May,6.0
M12,17,348,1957 Jun,6.0
M12,17,349,1957 Jul,6.0
M12,17,350,1957 Aug,6.0
M12,17,351,1957 Sep,6.0
M12,17,352,1957 Oct,6.0
M12,17,353,1957 Nov,6.0
M12,17,354,1957 Dec,6.0
M12,17,355,1958 Jan,6.0
M12,17,356,1958 Feb,6.0
M12,17,357,1958 Mar,6.0
M12,17,358,1958 Apr,6.0
M12,17,359,1958 May,6.0
M12,17,360,1958 Jun,6.0
M12,17,361,1958 Jul,6.0
M12,17,362,1958 Aug,6.0
M12,17,363,1958 Sep,6.0
M12,17,364,1958 Oct,6.0
M12,17,365,1958 Nov,6.0
M12,17,366,1958 Dec,6.0
M12,17,367,1959 Jan,6.0
M12,17,368,1959 Feb,6.0
M12,17,369,1959 Mar,6.0
M12,17,370,1959 Apr,6.0
M12,17,371,1959 May,6.0
M12,17,372,1959 Jun,6.0
M12,17,373,1959 Jul,5.5
M12,17,374,1959 Aug,5.5
M12,17,375,1959 Sep,5.5
M12,17,376,1959 Oct,5.5
M12,17,377,1959 Nov,5.5
M12,17,378,1959 Dec,5.5
M12,17,379,1960 Jan,5.5
M12,17,380,1960 Feb,5.5
M12,17,381,1960 Mar,5.5
M12,17,382,1960 Apr,5.5
M12,17,383,1960 May,6.0
M12,17,384,1960 Jun,6.0
M12,17,385,1960 Jul,6.0
M12,17,386,1960 Aug,6.0
M12,17,387,1960 Sep,6.0
M12,17,388,1960 Oct,6.0
M12,17,389,1960 Nov,6.0
M12,17,390,1960 Dec,6.0
M12,17,391,1961 Jan,6.0
M12,17,392,1961 Feb,6.0
M12,17,393,1961 Mar,6.0
M12,17,394,1961 Apr,6.0
M12,17,395,1961 May,6.5
M12,17,396,1961 Jun,6.5
M12,17,397,1961 Jul,6.5
M12,17,398,1961 Aug,6.5
M12,17,399,1961 Sep,6.5
M12,17,400,1961 Oct,6.5
M12,17,401,1961 Nov,6.5
M12,17,402,1961 Dec,6.5
M12,17,403,1962 Jan,6.5
M12,17,404,1962 Feb,6.5
M12,17,405,1962 Mar,6.5
M12,17,406,1962 Apr,6.5
M12,17,407,1962 May,6.5
M12,17,408,1962 Jun,6.5
M12,17,409,1962 Jul,6.5
M12,17,410,1962 Aug,6.5
M12,17,411,1962 Sep,6.5
M12,17,412,1962 Oct,6.5
M12,17,413,1962 Nov,6.5
M12,17,414,1962 Dec,6.5
M12,17,415,1963 Jan,6.5
M12,17,416,1963 Feb,6.0
M12,17,417,1963 Mar,6.0
M12,17,418,1963 Apr,6.0
M12,17,419,1963 May,6.0
M12,17,420,1963 Jun,6.0
M12,17,421,1963 Jul,6.0
M12,17,422,1963 Aug,6.0
M12,17,423,1963 Sep,6.0
M12,17,424,1963 Oct,6.0
M12,17,425,1963 Nov,6.0
M12,17,426,1963 Dec,6.0
M12,17,427,1964 Jan,6.0
M12,17,428,1964 Feb,6.0
M12,17,429,1964 Mar,6.0
M12,17,430,1964 Apr,6.0
M12,17,431,1964 May,6.0
M12,17,432,1964 Jun,6.0
M12,17,433,1964 Jul,6.0
M12,17,434,1964 Aug,6.0
M12,17,435,1964 Sep,6.0
M12,17,436,1964 Oct,6.0
M12,17,437,1964 Nov,6.0
M12,17,438,1964 Dec,6.0
M12,17,439,1965 Jan,6.0
M12,17,440,1965 Feb,6.75
M12,17,441,1965 Mar,6.75
M12,17,442,1965 Apr,6.75
M12,17,443,1965 May,6.75
M12,17,444,1965 Jun,6.75
M12,17,445,1965 Jul,6.75
M12,17,446,1965 Aug,6.75
M12,17,447,1965 Sep,6.75
M12,17,448,1965 Oct,6.75
M12,17,449,1965 Nov,6.75
M12,17,450,1965 Dec,6.75
M12,17,451,1966 Jan,6.75
M12,17,452,1966 Feb,6.75
M12,17,453,1966 Mar,6.75
M12,17,454,1966 Apr,6.75
M12,17,455,1966 May,7.125
M12,17,456,1966 Jun,7.125
M12,17,457,1966 Jul,7.125
M12,17,458,1966 Aug,7.125
M12,17,459,1966 Sep,7.125
M12,17,460,1966 Oct,7.125
M12,17,461,1966 Nov,7.125
M12,17,462,1966 Dec,7.125
M12,17,463,1967 Jan,7.125
M12,17,464,1967 Feb,7.125
M12,17,465,1967 Mar,7.125
M12,17,466,1967 Apr,7.125
M12,17,467,1967 May,7.125
M12,17,468,1967 Jun,7.125
M12,17,469,1967 Jul,7.125
M12,17,470,1967 Aug,7.125
M12,17,471,1967 Sep,7.125
M12,17,472,1967 Oct,7.125
M12,17,473,1967 Nov,7.125
M12,17,474,1967 Dec,7.125
M12,17,475,1968 Jan,7.125
M12,17,476,1968 Feb,7.125
M12,17,477,1968 Mar,7.125
M12,17,478,1968 Apr,7.125
M12,17,479,1968 May,7.625
M12,17,480,1968 Jun,7.625
M12,17,481,1968 Jul,7.625
M12,17,482,1968 Aug,7.625
M12,17,483,1968 Sep,7.625
M12,17,484,1968 Oct,7.625
M12,17,485,1968 Nov,7.625
M12,17,486,1968 Dec,7.625
M12,17,487,1969 Jan,7.625
M12,17,488,1969 Feb,7.625
M12,17,489,1969 Mar,7.625
M12,17,490,1969 Apr,8.5
M12,17,491,1969 May,8.5
M12,17,492,1969 Jun,8.5
M12,17,493,1969 Jul,8.5
M12,17,494,1969 Aug,8.5
M12,17,495,1969 Sep,8.5
M12,17,496,1969 Oct,8.5
M12,17,497,1969 Nov,8.5
M12,17,498,1969 Dec,8.5
M12,17,499,1970 Jan,8.5
M12,17,500,1970 Feb,8.5
M12,17,501,1970 Mar,8.5
M12,17,502,1970 Apr,8.5
M12,17,503,1970 May,8.5
M12,17,504,1970 Jun,8.5
M12,17,505,1970 Jul,8.5
M12,17,506,1970 Aug,8.5
M12,17,507,1970 Sep,8.5
M12,17,508,1970 Oct,8.5
M12,17,509,1970 Nov,8.5
M12,17,510,1970 Dec,8.5
M12,17,511,1971 Jan,8.5
M12,17,512,1971 Feb,8.5
M12,17,513,1971 Mar,8.5
M12,17,514,1971 Apr,8.5
M12,17,515,1971 May,8.5
M12,17,516,1971 Jun,8.5
M12,17,517,1971 Jul,8.5
M12,17,518,1971 Aug,8.5
M12,17,519,1971 Sep,8.5
M12,17,520,1971 Oct,8.5
M12,17,521,1971 Nov,8.0
M12,17,522,1971 Dec,8.0
M12,17,523,1972 Jan,8.0
M12,17,524,1972 Feb,8.0
M12,17,525,1972 Mar,8.0
M12,17,526,1972 Apr,8.0
M12,17,527,1972 May,8.0
M12,17,528,1972 Jun,8.0
M12,17,529,1972 Jul,8.0
M12,17,530,1972 Aug,8.0
M12,17,531,1972 Sep,8.5
M12,17,532,1972 Oct,8.5
M12,17,533,1972 Nov,8.5
M12,17,534,1972 Dec,8.5
M12,17,535,1973 Jan,8.5
M12,17,536,1973 Feb,8.5
M12,17,537,1973 Mar,9.5
M12,17,538,1973 Apr,9.5
M12,17,539,1973 May,9.5
M12,17,540,1973 Jun,9.5
M12,17,541,1973 Jul,9.5
M12,17,542,1973 Aug,10.0
M12,17,543,1973 Sep,11.0
M12,17,544,1973 Oct,11.0
M12,17,545,1973 Nov,11.0
M12,17,546,1973 Dec,11.0
M12,17,547,1974 Jan,11.0
M12,17,548,1974 Feb,11.0
M12,17,549,1974 Mar,11.0
M12,17,550,1974 Apr,11.0
M12,17,551,1974 May,11.0
M12,17,552,1974 Jun,11.0
M12,17,553,1974 Jul,11.0
M12,17,554,1974 Aug,11.0
M12,17,555,1974 Sep,11.0
M12,17,556,1974 Oct,11.0
M12,17,557,1974 Nov,11.0
M12,17,558,1974 Dec,11.0
M12,17,559,1975 Jan,11.0
M12,17,560,1975 Feb,11.0
M12,17,561,1975 Mar,11.0
M12,17,562,1975 Apr,11.0
M12,17,563,1975 May,11.0
M12,17,564,1975 Jun,11.0
M12,17,565,1975 Jul,11.0
M12,17,566,1975 Aug,11.0
M12,17,567,1975 Sep,11.0
M12,17,568,1975 Oct,11.0
M12,17,569,1975 Nov,11.0
M12,17,570,1975 Dec,11.0
M12,17,571,1976 Jan,11.0
M12,17,572,1976 Feb,11.0
M12,17,573,1976 Mar,11.0
M12,17,574,1976 Apr,10.5
M12,17,575,1976 May,10.5
M12,17,576,1976 Jun,10.5
M12,17,577,1976 Jul,10.5
M12,17,578,1976 Aug,10.5
M12,17,579,1976 Sep,10.5
M12,17,580,1976 Oct,12.25
M12,17,581,1976 Nov,12.25
M12,17,582,1976 Dec,12.25
M12,17,583,1977 Jan,12.25
M12,17,584,1977 Feb,12.25
M12,17,585,1977 Mar,12.25
M12,17,586,1977 Apr,11.25
M12,17,587,1977 May,11.25
M12,17,588,1977 Jun,10.5
M12,17,589,1977 Jul,10.5
M12,17,590,1977 Aug,10.5
M12,17,591,1977 Sep,9.5
M12,17,592,1977 Oct,9.5
M12,17,593,1977 Nov,9.5
M12,17,594,1977 Dec,9.5
M12,17,595,1978 Jan,8.5
M12,17,596,1978 Feb,8.5
M12,17,597,1978 Mar,8.5
M12,17,598,1978 Apr,8.5
M12,17,599,1978 May,8.5
M12,17,600,1978 Jun,9.75
M12,17,601,1978 Jul,9.75
M12,17,602,1978 Aug,9.75
M12,17,603,1978 Sep,9.75
M12,17,604,1978 Oct,9.75
M12,17,605,1978 Nov,11.75
M12,17,606,1978 Dec,11.75
M12,17,607,1979 Jan,11.75
M12,17,608,1979 Feb,11.75
M12,17,609,1979 Mar,11.75
M12,17,610,1979 Apr,11.75
M12,17,611,1979 May,11.75
M12,17,612,1979 Jun,11.75
M12,17,613,1979 Jul,11.75
M12,17,614,1979 Aug,11.75
M12,17,615,1979 Sep,11.75
M12,17,616,1979 Oct,11.75
M12,17,617,1979 Nov,15.0
M12,17,618,1979 Dec,15.0
M12,17,619,1980 Jan,15.0
M12,17,620,1980 Feb,15.0
M12,17,621,1980 Mar,15.0
M12,17,622,1980 Apr,15.0
M12,17,623,1980 May,15.0
M12,17,624,1980 Jun,15.0
M12,17,625,1980 Jul,15.0
M12,17,626,1980 Aug,15.0
M12,17,627,1980 Sep,15.0
M12,17,628,1980 Oct,15.0
M12,17,629,1980 Nov,15.0
M12,17,630,1980 Dec,14.0
M12,17,631,1981 Jan,14.0
M12,17,632,1981 Feb,14.0
M12,17,633,1981 Mar,13.0
M12,17,634,1981 Apr,13.0
M12,17,635,1981 May,13.0
M12,17,636,1981 Jun,13.0
M12,17,637,1981 Jul,13.0
M12,17,638,1981 Aug,13.0
M12,17,639,1981 Sep,13.0
M12,17,640,1981 Oct,15.0
M12,17,641,1981 Nov,15.0
M12,17,642,1981 Dec,15.0
M12,17,643,1982 Jan,15.0
M12,17,644,1982 Feb,15.0
M12,17,645,1982 Mar,13.5
M12,17,646,1982 Apr,13.5
M12,17,647,1982 May,13.5
M12,17,648,1982 Jun,13.5
M12,17,649,1982 Jul,13.5
M12,17,650,1982 Aug,12.034770957041403
M12,17,651,1982 Sep,12.041063469728671
M12,17,652,1982 Oct,12.042300033560801
M12,17,653,1982 Nov,10.091874583521223
M12,17,654,1982 Dec,10.049617572688142
M12,17,655,1983 Jan,10.050589398208938
M12,17,656,1983 Feb,10.051239805916179
M12,17,657,1983 Mar,10.051805385088478
M12,17,658,1983 Apr,10.052408681842246
M12,17,659,1983 May,10.053005585297521
M12,17,660,1983 Jun,11.095148934634278
M12,17,661,1983 Jul,11.213892510365424
M12,17,662,1983 Aug,11.213217078112613
M12,17,663,1983 Sep,11.212564411522004
M12,17,664,1983 Oct,11.211953407923897
M12,17,665,1983 Nov,11.211920156777555
M12,17,666,1983 Dec,11.21188887827315
M12,17,667,1984 Jan,11.230928724247432
M12,17,668,1984 Feb,11.243643528709057
M12,17,669,1984 Mar,11.243644091693447
M12,17,670,1984 Apr,10.4738874143144
M12,17,671,1984 May,10.363681848785042
M12,17,672,1984 Jun,10.36296782509861
M12,17,673,1984 Jul,10.599373879965258
M12,17,674,1984 Aug,12.81378752437034
M12,17,675,1984 Sep,12.818051863100647
M12,17,676,1984 Oct,12.847445866518537
M12,17,677,1984 Nov,12.781101496003233
M12,17,678,1984 Dec,11.897362270380832
M12,17,679,1985 Jan,11.933503060412383
M12,17,680,1985 Feb,12.963093414774235
M12,17,681,1985 Mar,12.988077087616084
M12,17,682,1985 Apr,13.852487745927393
M12,17,683,1985 May,13.852365194178622
M12,17,684,1985 Jun,13.867319030851784
M12,17,685,1985 Jul,13.879394182720704
M12,17,686,1985 Aug,13.878608410280453
M12,17,687,1985 Sep,12.886845693941256
M12,17,688,1985 Oct,12.819104072674454
M12,17,689,1985 Nov,12.79415034909214
M12,17,690,1985 Dec,12.794314563980196
M12,17,691,1986 Jan,12.794479153385184
M12,17,692,1986 Feb,12.794525730915186
M12,17,693,1986 Mar,12.72453334809273
M12,17,694,1986 Apr,12.062039346414663
M12,17,695,1986 May,11.833995444746348
M12,17,696,1986 Jun,11.02100222001785
M12,17,697,1986 Jul,11.012815513270471
M12,17,698,1986 Aug,11.012864071996606
M12,17,699,1986 Sep,11.012910961102127
M12,17,700,1986 Oct,11.04534189707262
M12,17,701,1986 Nov,12.237340400200276
M12,17,702,1986 Dec,12.24546324492439
M12,17,703,1987 Jan,12.245401639692453
M12,17,704,1987 Feb,12.244625617421887
M12,17,705,1987 Mar,12.19054564157428
M12,17,706,1987 Apr,12.143099103772057
M12,17,707,1987 May,11.417370175494051
M12,17,708,1987 Jun,11.272290292901362
M12,17,709,1987 Jul,11.272596983694728
M12,17,710,1987 Aug,11.278742508192426
M12,17,711,1987 Sep,11.279225472315817
M12,17,712,1987 Oct,11.279680678031907
M12,17,713,1987 Nov,11.19121992614867
M12,17,714,1987 Dec,10.322934161084854
M12,17,715,1988 Jan,10.25302672626106
M12,17,716,1988 Feb,10.270354715358732
M12,17,717,1988 Mar,10.270598691277986
M12,17,718,1988 Apr,10.164302496839811
M12,17,719,1988 May,9.779175849236859
M12,17,720,1988 Jun,9.74806075959033
M12,17,721,1988 Jul,10.018830091326068
M12,17,722,1988 Aug,11.519595762530077
M12,17,723,1988 Sep,11.78030676146576
M12,17,724,1988 Oct,12.806077961342138
M12,17,725,1988 Nov,12.805873887873293
M12,17,726,1988 Dec,12.845660111048918
M12,17,727,1989 Jan,13.231885873458017
M12,17,728,1989 Feb,13.556267005851641
M12,17,729,1989 Mar,13.564257521411362
M12,17,730,1989 Apr,13.564567137827623
M12,17,731,1989 May,13.576032917833688
M12,17,732,1989 Jun,13.587571370718244
M12,17,733,1989 Jul,13.604915517254064
M12,17,734,1989 Aug,13.604406782342862
M12,17,735,1989 Sep,13.603908875298828
M12,17,736,1989 Oct,13.931089644608278
M12,17,737,1989 Nov,14.602202101588126
M12,17,738,1989 Dec,14.536462630275556
M12,17,739,1990 Jan,14.595075644684508
M12,17,740,1990 Feb,14.686788325102736
M12,17,741,1990 Mar,15.399086830675548
M12,17,742,1990 Apr,15.412205335553935
M12,17,743,1990 May,15.45182392740046
M12,17,744,1990 Jun,15.451642853909888
M12,17,745,1990 Jul,15.451471438128253
M12,17,746,1990 Aug,15.451142579343047
M12,17,747,1990 Sep,15.450819439244436
M12,17,748,1990 Oct,15.450512028643445
M12,17,749,1990 Nov,14.70454888195015
M12,17,750,1990 Dec,14.59052027264345
M12,17,751,1991 Jan,14.596746443558787
M12,17,752,1991 Feb,14.603057942481481
M12,17,753,1991 Mar,14.27341139002465
M12,17,754,1991 Apr,13.536691135915957
M12,17,755,1991 May,12.878254034544911
M12,17,756,1991 Jun,12.801606064963906
M12,17,757,1991 Jul,12.332831787409882
M12,17,758,1991 Aug,12.004260518647376
M12,17,759,1991 Sep,11.854583351461914
M12,17,760,1991 Oct,11.567226684132542
M12,17,761,1991 Nov,11.526415921889567
M12,17,762,1991 Dec,11.519603010510078
M12,17,763,1992 Jan,11.453518286849658
M12,17,764,1992 Feb,11.387979541475577
M12,17,765,1992 Mar,11.031570657901625
M12,17,766,1992 Apr,10.983689439798814
M12,17,767,1992 May,10.845624146618839
M12,17,768,1992 Jun,10.806858888303402
M12,17,769,1992 Jul,10.717808787506623
M12,17,770,1992 Aug,10.71781579196427
M12,17,771,1992 Sep,10.544983533033479
M12,17,772,1992 Oct,10.27681868316943
M12,17,773,1992 Nov,9.721618229492545
M12,17,774,1992 Dec,8.843859363012132
M12,17,775,1993 Jan,8.473734672123111
M12,17,776,1993 Feb,8.362072809511632
M12,17,777,1993 Mar,8.010435504818963
M12,17,778,1993 Apr,8.010378228544967
M12,17,779,1993 May,8.00356546335345
M12,17,780,1993 Jun,8.003546581418378
M12,17,781,1993 Jul,8.003526004229672
M12,17,782,1993 Aug,8.003499411447272
M12,17,783,1993 Sep,8.003479531612392
M12,17,784,1993 Oct,8.0034519461677
M12,17,785,1993 Nov,7.972714427818875
M12,17,786,1993 Dec,7.899654915821785
M12,17,787,1994 Jan,7.701334799692689
M12,17,788,1994 Feb,7.693471324283338
M12,17,789,1994 Mar,7.6934521507790326
M12,17,790,1994 Apr,7.693418996179367
M12,17,791,1994 May,7.693451036636287
M12,17,792,1994 Jun,7.693418378873362
M12,17,793,1994 Jul,7.693396287502699
M12,17,794,1994 Aug,7.693402446269544
M12,17,795,1994 Sep,7.759959212310034
M12,17,796,1994 Oct,8.105870316107262
M12,17,797,1994 Nov,8.105855119921987
M12,17,798,1994 Dec,8.119183473360597
M12,17,799,1995 Jan,8.21
M12,17,800,1995 Feb,8.33
M12,17,801,1995 Mar,8.36
M12,17,802,1995 Apr,8.36
M12,17,803,1995 May,8.36
M12,17,804,1995 Jun,8.35
M12,17,805,1995 Jul,8.36
M12,17,806,1995 Aug,8.36
M12,17,807,1995 Sep,8.36
M12,17,808,1995 Oct,8.0
M12,17,809,1995 Nov,7.96
M12,17,810,1995 Dec,7.95
M12,17,811,1996 Jan,7.72
M12,17,812,1996 Feb,7.5
M12,17,813,1996 Mar,7.46
M12,17,814,1996 Apr,7.3
M12,17,815,1996 May,7.17
M12,17,816,1996 Jun,7.15
M12,17,817,1996 Jul,7.15
M12,17,818,1996 Aug,6.99
M12,17,819,1996 Sep,6.93
M12,17,820,1996 Oct,6.92
M12,17,821,1996 Nov,6.92
M12,17,822,1996 Dec,7.01
M12,17,823,1997 Jan,7.0
M12,17,824,1997 Feb,7.0
M12,17,825,1997 Mar,7.0
M12,17,826,1997 Apr,7.0
M12,17,827,1997 May,7.0
M12,17,828,1997 Jun,7.25
M12,17,829,1997 Jul,7.5
M12,17,830,1997 Aug,7.75
M12,17,831,1997 Sep,8.0
M12,17,832,1997 Oct,8.0
M12,17,833,1997 Nov,8.0
M12,17,834,1997 Dec,8.25
M12,17,835,1998 Jan,8.25
M12,17,836,1998 Feb,8.25
M12,17,837,1998 Mar,8.25
M12,17,838,1998 Apr,8.25
M12,17,839,1998 May,8.25
M12,17,840,1998 Jun,8.25
M12,17,841,1998 Jul,8.5
M12,17,842,1998 Aug,8.5
M12,17,843,1998 Sep,8.5
M12,17,844,1998 Oct,8.5
M12,17,845,1998 Nov,8.25
M12,17,846,1998 Dec,7.75
M12,17,847,1999 Jan,7.25
M12,17,848,1999 Feb,7.0
M12,17,849,1999 Mar,6.5
M12,17,850,1999 Apr,6.5
M12,17,851,1999 May,6.25
M12,17,852,1999 Jun,6.0
M12,17,853,1999 Jul,6.0
M12,17,854,1999 Aug,6.1211
M12,17,855,1999 Sep,5.994
M12,17,856,1999 Oct,6.2162
M12,17,857,1999 Nov,6.2301
M12,17,858,1999 Dec,6.5369
M12,17,859,2000 Jan,6.5279
M12,17,860,2000 Feb,6.757
M12,17,861,2000 Mar,6.9893
M12,17,862,2000 Apr,6.9903
M12,17,863,2000 May,7.0019
M12,17,864,2000 Jun,7.1135
M12,17,865,2000 Jul,7.0519
M12,17,866,2000 Aug,7.0462
M12,17,867,2000 Sep,7.0405
M12,17,868,2000 Oct,6.9426
M12,17,869,2000 Nov,6.9556
M12,17,870,2000 Dec,6.991
M12,17,871,2001 Jan,7.0144
M12,17,872,2001 Feb,6.715
M12,17,873,2001 Mar,6.7091
M12,17,874,2001 Apr,6.4674
M12,17,875,2001 May,6.2286
M12,17,876,2001 Jun,6.2138
M12,17,877,2001 Jul,6.2192
M12,17,878,2001 Aug,5.9715
M12,17,879,2001 Sep,5.7366
M12,17,880,2001 Oct,5.5009
M12,17,881,2001 Nov,5.0064
M12,17,882,2001 Dec,4.9991
M12,17,883,2002 Jan,4.9824
M12,17,884,2002 Feb,5.004
M12,17,885,2002 Mar,5.0322
M12,17,886,2002 Apr,5.0356
M12,17,887,2002 May,5.0456
M12,17,888,2002 Jun,5.0305
M12,17,889,2002 Jul,5.0294
M12,17,890,2002 Aug,5.0251
M12,17,891,2002 Sep,5.0805
M12,17,892,2002 Oct,5.1054
M12,17,893,2002 Nov,5.1068
M12,17,894,2002 Dec,5.1181
M12,17,895,2003 Jan,5.1194
M12,17,896,2003 Feb,4.9125
M12,17,897,2003 Mar,4.9249
M12,17,898,2003 Apr,4.9319
M12,17,899,2003 May,4.9145
M12,17,900,2003 Jun,4.9196
M12,17,901,2003 Jul,4.7037
M12,17,902,2003 Aug,4.6801
M12,17,903,2003 Sep,4.688
M12,17,904,2003 Oct,4.6687
M12,17,905,2003 Nov,4.8364
M12,17,906,2003 Dec,4.9095
M12,17,907,2004 Jan,4.8756
M12,17,908,2004 Feb,5.0895
M12,17,909,2004 Mar,5.0237
M12,17,910,2004 Apr,5.02
M12,17,911,2004 May,5.2
M12,17,912,2004 Jun,5.52
M12,17,913,2004 Jul,5.54
M12,17,914,2004 Aug,5.37
M12,17,915,2004 Sep,5.43
M12,17,916,2004 Oct,5.42
M12,17,917,2004 Nov,5.43
M12,17,918,2004 Dec,5.43
M12,17,919,2005 Jan,5.3888
M12,17,920,2005 Feb,5.3678
M12,17,921,2005 Mar,5.3809
M12,17,922,2005 Apr,5.3826
M12,17,923,2005 May,5.3615
M12,17,924,2005 Jun,5.366
M12,17,925,2005 Jul,5.3618
M12,17,926,2005 Aug,5.1913
M12,17,927,2005 Sep,5.1796
M12,17,928,2005 Oct,5.1953
M12,17,929,2005 Nov,5.1764
M12,17,930,2005 Dec,5.2914
M12,17,931,2006 Jan,5.2266
M12,17,932,2006 Feb,5.2547
M12,17,933,2006 Mar,5.2126
M12,17,934,2006 Apr,5.2306
M12,17,935,2006 May,5.2536
M12,17,936,2006 Jun,5.1508
M12,17,937,2006 Jul,5.1578
M12,17,938,2006 Aug,5.3334
M12,17,939,2006 Sep,5.4238
M12,17,940,2006 Oct,5.4029
M12,17,941,2006 Nov,5.5585
M12,17,942,2006 Dec,5.6316
M12,17,943,2007 Jan,5.7256
M12,17,944,2007 Feb,5.8585
M12,17,945,2007 Mar,5.8806
M12,17,946,2007 Apr,5.9201
M12,17,947,2007 May,6.0342
M12,17,948,2007 Jun,6.0883
M12,17,949,2007 Jul,6.2245
M12,17,950,2007 Aug,6.323
M12,17,951,2007 Sep,6.2379
M12,17,952,2007 Oct,6.3112
M12,17,953,2007 Nov,6.3853
M12,17,954,2007 Dec,6.1961
M12,17,955,2008 Jan,6.2418
M12,17,956,2008 Feb,5.9771
M12,17,957,2008 Mar,6.0455
M12,17,958,2008 Apr,5.9952
M12,17,959,2008 May,6.1688
M12,17,960,2008 Jun,6.3133
M12,17,961,2008 Jul,6.2595
M12,17,962,2008 Aug,6.1972
M12,17,963,2008 Sep,6.1228
M12,17,964,2008 Oct,7.04
M12,17,965,2008 Nov,5.7829
M12,17,966,2008 Dec,4.9158
M12,17,967,2009 Jan,4.5053
M12,17,968,2009 Feb,4.3135
M12,17,969,2009 Mar,3.9963
M12,17,970,2009 Apr,3.8312
M12,17,971,2009 May,3.9705
M12,17,972,2009 Jun,3.77
M12,17,973,2009 Jul,3.8124
M12,17,974,2009 Aug,3.8537
M12,17,975,2009 Sep,3.8994
M12,17,976,2009 Oct,3.8623
M12,17,977,2009 Nov,3.8911
M12,17,978,2009 Dec,3.9212
M12,17,979,2010 Jan,3.6046
M12,17,980,2010 Feb,3.702
M12,17,981,2010 Mar,3.7634
M12,17,982,2010 Apr,3.7949
M12,17,983,2010 May,3.7104
M12,17,984,2010 Jun,3.7237
M12,17,985,2010 Jul,3.7239
M12,17,986,2010 Aug,3.5715
M12,17,987,2010 Sep,3.5642
M12,17,988,2010 Oct,3.4921
M12,17,989,2010 Nov,3.4962
M12,17,990,2010 Dec,3.5141
M12,17,991,2011 Jan,3.5022
M12,17,992,2011 Feb,3.5309
M12,17,993,2011 Mar,3.4742
M12,17,994,2011 Apr,3.4409
M12,17,995,2011 May,3.372
M12,17,996,2011 Jun,3.1318
M12,17,997,2011 Jul,3.075
M12,17,998,2011 Aug,3.0797
M12,17,999,2011 Sep,3.2424
M12,17,1000,2011 Oct,3.2701
M12,17,1001,2011 Nov,3.3031
M12,17,1002,2011 Dec,3.3835
M12,17,1003,2012 Jan,3.5715
M12,17,1004,2012 Feb,3.5046
M12,17,1005,2012 Mar,3.5699
M12,17,1006,2012 Apr,3.598
M12,17,1007,2012 May,3.5999
M12,17,1008,2012 Jun,3.6454
M12,17,1009,2012 Jul,3.6224
M12,17,1010,2012 Aug,3.6431
M12,17,1011,2012 Sep,3.5936
M12,17,1012,2012 Oct,3.6447
M12,17,1013,2012 Nov,3.6556
M12,17,1014,2012 Dec,3.6645
M12,17,1015,2013 Jan,3.574
M12,17,1016,2013 Feb,3.586
M12,17,1017,2013 Mar,3.5587
M12,17,1018,2013 Apr,3.5455
M12,17,1019,2013 May,3.5489
M12,17,1020,2013 Jun,3.5575
M12,17,1021,2013 Jul,3.2762
M12,17,1022,2013 Aug,3.2601
M12,17,1023,2013 Sep,3.1945
M12,17,1024,2013 Oct,3.1361
M12,17,1025,2013 Nov,3.0344
M12,17,1026,2013 Dec,2.9222
M12,17,1027,2014 Jan,2.9647
M12,17,1028,2014 Feb,2.8316
M12,17,1029,2014 Mar,2.8143
M12,17,1030,2014 Apr,2.796
M12,17,1031,2014 May,2.8446
M12,17,1032,2014 Jun,2.762
M12,17,1033,2014 Jul,2.912
M12,17,1034,2014 Aug,2.8843
M12,17,1035,2014 Sep,2.94
M12,17,1036,2014 Oct,2.9371
M12,17,1037,2014 Nov,2.9683
M12,17,1038,2014 Dec,2.8856
M12,17,1039,2015 Jan,2.8786
M12,17,1040,2015 Feb,2.5131
M12,17,1041,2015 Mar,2.5246
M12,17,1042,2015 Apr,2.5951
M12,17,1043,2015 May,2.5681
M12,17,1044,2015 Jun,2.5921
M12,17,1045,2015 Jul,2.5751
M12,17,1046,2015 Aug,2.623
M12,17,1047,2015 Sep,2.5635
M12,17,1048,2015 Oct,2.55
M12,17,1049,2015 Nov,2.5902
M12,17,1050,2015 Dec,2.5999
M12,17,1051,2016 Jan,2.4309
M12,17,1052,2016 Feb,2.4368
M12,17,1053,2016 Mar,2.2964
M12,17,1054,2016 Apr,2.3368
M12,17,1055,2016 May,2.4292
M12,17,1056,2016 Jun,2.4297
M12,17,1057,2016 Jul,2.4282
M12,17,1058,2016 Aug,2.1843
M12,17,1059,2016 Sep,2.1987
M12,17,1060,2016 Oct,2.1976
M12,17,1061,2016 Nov,2.2866
M12,17,1062,2016 Dec,2.2913
M12,17,1063,2017 Jan,2.3047
M12,17,1064,2017 Feb,2.3063
M12,17,1065,2017 Mar,2.3063
M12,18,7,1929 Jan,4.5
M12,18,8,1929 Feb,5.5
M12,18,9,1929 Mar,5.5
M12,18,10,1929 Apr,5.5
M12,18,11,1929 May,5.5
M12,18,12,1929 Jun,5.5
M12,18,13,1929 Jul,5.5
M12,18,14,1929 Aug,5.5
M12,18,15,1929 Sep,6.5
M12,18,16,1929 Oct,6.0
M12,18,17,1929 Nov,5.5
M12,18,18,1929 Dec,5.0
M12,18,19,1930 Jan,5.0
M12,18,20,1930 Feb,4.5
M12,18,21,1930 Mar,3.5
M12,18,22,1930 Apr,3.5
M12,18,23,1930 May,3.0
M12,18,24,1930 Jun,3.0
M12,18,25,1930 Jul,3.0
M12,18,26,1930 Aug,3.0
M12,18,27,1930 Sep,3.0
M12,18,28,1930 Oct,3.0
M12,18,29,1930 Nov,3.0
M12,18,30,1930 Dec,3.0
M12,18,31,1931 Jan,3.0
M12,18,32,1931 Feb,3.0
M12,18,33,1931 Mar,3.0
M12,18,34,1931 Apr,3.0
M12,18,35,1931 May,2.5
M12,18,36,1931 Jun,2.5
M12,18,37,1931 Jul,4.5
M12,18,38,1931 Aug,4.5
M12,18,39,1931 Sep,6.0
M12,18,40,1931 Oct,6.0
M12,18,41,1931 Nov,6.0
M12,18,42,1931 Dec,6.0
M12,18,43,1932 Jan,6.0
M12,18,44,1932 Feb,5.0
M12,18,45,1932 Mar,3.5
M12,18,46,1932 Apr,3.0
M12,18,47,1932 May,2.5
M12,18,48,1932 Jun,2.0
M12,18,49,1932 Jul,2.0
M12,18,50,1932 Aug,2.0
M12,18,51,1932 Sep,2.0
M12,18,52,1932 Oct,2.0
M12,18,53,1932 Nov,2.0
M12,18,54,1932 Dec,2.0
M12,18,55,1933 Jan,2.0
M12,18,56,1933 Feb,2.0
M12,18,57,1933 Mar,2.0
M12,18,58,1933 Apr,2.0
M12,18,59,1933 May,2.0
M12,18,60,1933 Jun,2.0
M12,18,61,1933 Jul,2.0
M12,18,62,1933 Aug,2.0
M12,18,63,1933 Sep,2.0
M12,18,64,1933 Oct,2.0
M12,18,65,1933 Nov,2.0
M12,18,66,1933 Dec,2.0
M12,18,67,1934 Jan,2.0
M12,18,68,1934 Feb,2.0
M12,18,69,1934 Mar,2.0
M12,18,70,1934 Apr,2.0
M12,18,71,1934 May,2.0
M12,18,72,1934 Jun,2.0
M12,18,73,1934 Jul,2.0
M12,18,74,1934 Aug,2.0
M12,18,75,1934 Sep,2.0
M12,18,76,1934 Oct,2.0
M12,18,77,1934 Nov,2.0
M12,18,78,1934 Dec,2.0
M12,18,79,1935 Jan,2.0
M12,18,80,1935 Feb,2.0
M12,18,81,1935 Mar,2.0
M12,18,82,1935 Apr,2.0
M12,18,83,1935 May,2.0
M12,18,84,1935 Jun,2.0
M12,18,85,1935 Jul,2.0
M12,18,86,1935 Aug,2.0
M12,18,87,1935 Sep,2.0
M12,18,88,1935 Oct,2.0
M12,18,89,1935 Nov,2.0
M12,18,90,1935 Dec,2.0
M12,18,91,1936 Jan,2.0
M12,18,92,1936 Feb,2.0
M12,18,93,1936 Mar,2.0
M12,18,94,1936 Apr,2.0
M12,18,95,1936 May,2.0
M12,18,96,1936 Jun,2.0
M12,18,97,1936 Jul,2.0
M12,18,98,1936 Aug,2.0
M12,18,99,1936 Sep,2.0
M12,18,100,1936 Oct,2.0
M12,18,101,1936 Nov,2.0
M12,18,102,1936 Dec,2.0
M12,18,103,1937 Jan,2.0
M12,18,104,1937 Feb,2.0
M12,18,105,1937 Mar,2.0
M12,18,106,1937 Apr,2.0
M12,18,107,1937 May,2.0
M12,18,108,1937 Jun,2.0
M12,18,109,1937 Jul,2.0
M12,18,110,1937 Aug,2.0
M12,18,111,1937 Sep,2.0
M12,18,112,1937 Oct,2.0
M12,18,113,1937 Nov,2.0
M12,18,114,1937 Dec,2.0
M12,18,115,1938 Jan,2.0
M12,18,116,1938 Feb,2.0
M12,18,117,1938 Mar,2.0
M12,18,118,1938 Apr,2.0
M12,18,119,1938 May,2.0
M12,18,120,1938 Jun,2.0
M12,18,121,1938 Jul,2.0
M12,18,122,1938 Aug,2.0
M12,18,123,1938 Sep,2.0
M12,18,124,1938 Oct,2.0
M12,18,125,1938 Nov,2.0
M12,18,126,1938 Dec,2.0
M12,18,127,1939 Jan,2.0
M12,18,128,1939 Feb,2.0
M12,18,129,1939 Mar,2.0
M12,18,130,1939 Apr,2.0
M12,18,131,1939 May,2.0
M12,18,132,1939 Jun,2.0
M12,18,133,1939 Jul,2.0
M12,18,134,1939 Aug,4.0
M12,18,135,1939 Sep,3.0
M12,18,136,1939 Oct,2.0
M12,18,137,1939 Nov,2.0
M12,18,138,1939 Dec,2.0
M12,18,139,1940 Jan,2.0
M12,18,140,1940 Feb,2.0
M12,18,141,1940 Mar,2.0
M12,18,142,1940 Apr,2.0
M12,18,143,1940 May,2.0
M12,18,144,1940 Jun,2.0
M12,18,145,1940 Jul,2.0
M12,18,146,1940 Aug,2.0
M12,18,147,1940 Sep,2.0
M12,18,148,1940 Oct,2.0
M12,18,149,1940 Nov,2.0
M12,18,150,1940 Dec,2.0
M12,18,151,1941 Jan,2.0
M12,18,152,1941 Feb,2.0
M12,18,153,1941 Mar,2.0
M12,18,154,1941 Apr,2.0
M12,18,155,1941 May,2.0
M12,18,156,1941 Jun,2.0
M12,18,157,1941 Jul,2.0
M12,18,158,1941 Aug,2.0
M12,18,159,1941 Sep,2.0
M12,18,160,1941 Oct,2.0
M12,18,161,1941 Nov,2.0
M12,18,162,1941 Dec,2.0
M12,18,163,1942 Jan,2.0
M12,18,164,1942 Feb,2.0
M12,18,165,1942 Mar,2.0
M12,18,166,1942 Apr,2.0
M12,18,167,1942 May,2.0
M12,18,168,1942 Jun,2.0
M12,18,169,1942 Jul,2.0
M12,18,170,1942 Aug,2.0
M12,18,171,1942 Sep,2.0
M12,18,172,1942 Oct,2.0
M12,18,173,1942 Nov,2.0
M12,18,174,1942 Dec,2.0
M12,18,175,1943 Jan,2.0
M12,18,176,1943 Feb,2.0
M12,18,177,1943 Mar,2.0
M12,18,178,1943 Apr,2.0
M12,18,179,1943 May,2.0
M12,18,180,1943 Jun,2.0
M12,18,181,1943 Jul,2.0
M12,18,182,1943 Aug,2.0
M12,18,183,1943 Sep,2.0
M12,18,184,1943 Oct,2.0
M12,18,185,1943 Nov,2.0
M12,18,186,1943 Dec,2.0
M12,18,187,1944 Jan,2.0
M12,18,188,1944 Feb,2.0
M12,18,189,1944 Mar,2.0
M12,18,190,1944 Apr,2.0
M12,18,191,1944 May,2.0
M12,18,192,1944 Jun,2.0
M12,18,193,1944 Jul,2.0
M12,18,194,1944 Aug,2.0
M12,18,195,1944 Sep,2.0
M12,18,196,1944 Oct,2.0
M12,18,197,1944 Nov,2.0
M12,18,198,1944 Dec,2.0
M12,18,199,1945 Jan,2.0
M12,18,200,1945 Feb,2.0
M12,18,201,1945 Mar,2.0
M12,18,202,1945 Apr,2.0
M12,18,203,1945 May,2.0
M12,18,204,1945 Jun,2.0
M12,18,205,1945 Jul,2.0
M12,18,206,1945 Aug,2.0
M12,18,207,1945 Sep,2.0
M12,18,208,1945 Oct,2.0
M12,18,209,1945 Nov,2.0
M12,18,210,1945 Dec,2.0
M12,18,211,1946 Jan,2.0
M12,18,212,1946 Feb,2.0
M12,18,213,1946 Mar,2.0
M12,18,214,1946 Apr,2.0
M12,18,215,1946 May,2.0
M12,18,216,1946 Jun,2.0
M12,18,217,1946 Jul,2.0
M12,18,218,1946 Aug,2.0
M12,18,219,1946 Sep,2.0
M12,18,220,1946 Oct,2.0
M12,18,221,1946 Nov,2.0
M12,18,222,1946 Dec,2.0
M12,18,223,1947 Jan,2.0
M12,18,224,1947 Feb,2.0
M12,18,225,1947 Mar,2.0
M12,18,226,1947 Apr,2.0
M12,18,227,1947 May,2.0
M12,18,228,1947 Jun,2.0
M12,18,229,1947 Jul,2.0
M12,18,230,1947 Aug,2.0
M12,18,231,1947 Sep,2.0
M12,18,232,1947 Oct,2.0
M12,18,233,1947 Nov,2.0
M12,18,234,1947 Dec,2.0
M12,18,235,1948 Jan,2.0
M12,18,236,1948 Feb,2.0
M12,18,237,1948 Mar,2.0
M12,18,238,1948 Apr,2.0
M12,18,239,1948 May,2.0
M12,18,240,1948 Jun,2.0
M12,18,241,1948 Jul,2.0
M12,18,242,1948 Aug,2.0
M12,18,243,1948 Sep,2.0
M12,18,244,1948 Oct,2.0
M12,18,245,1948 Nov,2.0
M12,18,246,1948 Dec,2.0
M12,18,247,1949 Jan,2.0
M12,18,248,1949 Feb,2.0
M12,18,249,1949 Mar,2.0
M12,18,250,1949 Apr,2.0
M12,18,251,1949 May,2.0
M12,18,252,1949 Jun,2.0
M12,18,253,1949 Jul,2.0
M12,18,254,1949 Aug,2.0
M12,18,255,1949 Sep,2.0
M12,18,256,1949 Oct,2.0
M12,18,257,1949 Nov,2.0
M12,18,258,1949 Dec,2.0
M12,18,259,1950 Jan,2.0
M12,18,260,1950 Feb,2.0
M12,18,261,1950 Mar,2.0
M12,18,262,1950 Apr,2.0
M12,18,263,1950 May,2.0
M12,18,264,1950 Jun,2.0
M12,18,265,1950 Jul,2.0
M12,18,266,1950 Aug,2.0
M12,18,267,1950 Sep,2.0
M12,18,268,1950 Oct,2.0
M12,18,269,1950 Nov,2.0
M12,18,270,1950 Dec,2.0
M12,18,271,1951 Jan,2.0
M12,18,272,1951 Feb,2.0
M12,18,273,1951 Mar,2.0
M12,18,274,1951 Apr,2.0
M12,18,275,1951 May,2.0
M12,18,276,1951 Jun,2.0
M12,18,277,1951 Jul,2.0
M12,18,278,1951 Aug,2.0
M12,18,279,1951 Sep,2.0
M12,18,280,1951 Oct,2.0
M12,18,281,1951 Nov,2.5
M12,18,282,1951 Dec,2.5
M12,18,283,1952 Jan,2.5
M12,18,284,1952 Feb,2.5
M12,18,285,1952 Mar,4.0
M12,18,286,1952 Apr,4.0
M12,18,287,1952 May,4.0
M12,18,288,1952 Jun,4.0
M12,18,289,1952 Jul,4.0
M12,18,290,1952 Aug,4.0
M12,18,291,1952 Sep,4.0
M12,18,292,1952 Oct,4.0
M12,18,293,1952 Nov,4.0
M12,18,294,1952 Dec,4.0
M12,18,295,1953 Jan,4.0
M12,18,296,1953 Feb,4.0
M12,18,297,1953 Mar,4.0
M12,18,298,1953 Apr,4.0
M12,18,299,1953 May,4.0
M12,18,300,1953 Jun,4.0
M12,18,301,1953 Jul,4.0
M12,18,302,1953 Aug,4.0
M12,18,303,1953 Sep,3.5
M12,18,304,1953 Oct,3.5
M12,18,305,1953 Nov,3.5
M12,18,306,1953 Dec,3.5
M12,18,307,1954 Jan,3.5
M12,18,308,1954 Feb,3.5
M12,18,309,1954 Mar,3.5
M12,18,310,1954 Apr,3.5
M12,18,311,1954 May,3.0
M12,18,312,1954 Jun,3.0
M12,18,313,1954 Jul,3.0
M12,18,314,1954 Aug,3.0
M12,18,315,1954 Sep,3.0
M12,18,316,1954 Oct,3.0
M12,18,317,1954 Nov,3.0
M12,18,318,1954 Dec,3.0
M12,18,319,1955 Jan,3.5
M12,18,320,1955 Feb,4.5
M12,18,321,1955 Mar,4.5
M12,18,322,1955 Apr,4.5
M12,18,323,1955 May,4.5
M12,18,324,1955 Jun,4.5
M12,18,325,1955 Jul,4.5
M12,18,326,1955 Aug,4.5
M12,18,327,1955 Sep,4.5
M12,18,328,1955 Oct,4.5
M12,18,329,1955 Nov,4.5
M12,18,330,1955 Dec,4.5
M12,18,331,1956 Jan,4.5
M12,18,332,1956 Feb,5.5
M12,18,333,1956 Mar,5.5
M12,18,334,1956 Apr,5.5
M12,18,335,1956 May,5.5
M12,18,336,1956 Jun,5.5
M12,18,337,1956 Jul,5.5
M12,18,338,1956 Aug,5.5
M12,18,339,1956 Sep,5.5
M12,18,340,1956 Oct,5.5
M12,18,341,1956 Nov,5.5
M12,18,342,1956 Dec,5.5
M12,18,343,1957 Jan,5.5
M12,18,344,1957 Feb,5.0
M12,18,345,1957 Mar,5.0
M12,18,346,1957 Apr,5.0
M12,18,347,1957 May,5.0
M12,18,348,1957 Jun,5.0
M12,18,349,1957 Jul,5.0
M12,18,350,1957 Aug,5.0
M12,18,351,1957 Sep,7.0
M12,18,352,1957 Oct,7.0
M12,18,353,1957 Nov,7.0
M12,18,354,1957 Dec,7.0
M12,18,355,1958 Jan,7.0
M12,18,356,1958 Feb,7.0
M12,18,357,1958 Mar,6.0
M12,18,358,1958 Apr,6.0
M12,18,359,1958 May,5.5
M12,18,360,1958 Jun,5.0
M12,18,361,1958 Jul,5.0
M12,18,362,1958 Aug,4.5
M12,18,363,1958 Sep,4.5
M12,18,364,1958 Oct,4.5
M12,18,365,1958 Nov,4.0
M12,18,366,1958 Dec,4.0
M12,18,367,1959 Jan,4.0
M12,18,368,1959 Feb,4.0
M12,18,369,1959 Mar,4.0
M12,18,370,1959 Apr,4.0
M12,18,371,1959 May,4.0
M12,18,372,1959 Jun,4.0
M12,18,373,1959 Jul,4.0
M12,18,374,1959 Aug,4.0
M12,18,375,1959 Sep,4.0
M12,18,376,1959 Oct,4.0
M12,18,377,1959 Nov,4.0
M12,18,378,1959 Dec,4.0
M12,18,379,1960 Jan,5.0
M12,18,380,1960 Feb,5.0
M12,18,381,1960 Mar,5.0
M12,18,382,1960 Apr,5.0
M12,18,383,1960 May,5.0
M12,18,384,1960 Jun,6.0
M12,18,385,1960 Jul,6.0
M12,18,386,1960 Aug,6.0
M12,18,387,1960 Sep,6.0
M12,18,388,1960 Oct,5.5
M12,18,389,1960 Nov,5.5
M12,18,390,1960 Dec,5.0
M12,18,391,1961 Jan,5.0
M12,18,392,1961 Feb,5.0
M12,18,393,1961 Mar,5.0
M12,18,394,1961 Apr,5.0
M12,18,395,1961 May,5.0
M12,18,396,1961 Jun,5.0
M12,18,397,1961 Jul,7.0
M12,18,398,1961 Aug,7.0
M12,18,399,1961 Sep,7.0
M12,18,400,1961 Oct,6.5
M12,18,401,1961 Nov,6.0
M12,18,402,1961 Dec,6.0
M12,18,403,1962 Jan,6.0
M12,18,404,1962 Feb,6.0
M12,18,405,1962 Mar,5.0
M12,18,406,1962 Apr,4.5
M12,18,407,1962 May,4.5
M12,18,408,1962 Jun,4.5
M12,18,409,1962 Jul,4.5
M12,18,410,1962 Aug,4.5
M12,18,411,1962 Sep,4.5
M12,18,412,1962 Oct,4.5
M12,18,413,1962 Nov,4.5
M12,18,414,1962 Dec,4.5
M12,18,415,1963 Jan,4.0
M12,18,416,1963 Feb,4.0
M12,18,417,1963 Mar,4.0
M12,18,418,1963 Apr,4.0
M12,18,419,1963 May,4.0
M12,18,420,1963 Jun,4.0
M12,18,421,1963 Jul,4.0
M12,18,422,1963 Aug,4.0
M12,18,423,1963 Sep,4.0
M12,18,424,1963 Oct,4.0
M12,18,425,1963 Nov,4.0
M12,18,426,1963 Dec,4.0
M12,18,427,1964 Jan,4.0
M12,18,428,1964 Feb,5.0
M12,18,429,1964 Mar,5.0
M12,18,430,1964 Apr,5.0
M12,18,431,1964 May,5.0
M12,18,432,1964 Jun,5.0
M12,18,433,1964 Jul,5.0
M12,18,434,1964 Aug,5.0
M12,18,435,1964 Sep,5.0
M12,18,436,1964 Oct,5.0
M12,18,437,1964 Nov,7.0
M12,18,438,1964 Dec,7.0
M12,18,439,1965 Jan,7.0
M12,18,440,1965 Feb,7.0
M12,18,441,1965 Mar,7.0
M12,18,442,1965 Apr,7.0
M12,18,443,1965 May,7.0
M12,18,444,1965 Jun,6.0
M12,18,445,1965 Jul,6.0
M12,18,446,1965 Aug,6.0
M12,18,447,1965 Sep,6.0
M12,18,448,1965 Oct,6.0
M12,18,449,1965 Nov,6.0
M12,18,450,1965 Dec,6.0
M12,18,451,1966 Jan,6.0
M12,18,452,1966 Feb,6.0
M12,18,453,1966 Mar,6.0
M12,18,454,1966 Apr,6.0
M12,18,455,1966 May,6.0
M12,18,456,1966 Jun,6.0
M12,18,457,1966 Jul,7.0
M12,18,458,1966 Aug,7.0
M12,18,459,1966 Sep,7.0
M12,18,460,1966 Oct,7.0
M12,18,461,1966 Nov,7.0
M12,18,462,1966 Dec,7.0
M12,18,463,1967 Jan,6.5
M12,18,464,1967 Feb,6.5
M12,18,465,1967 Mar,6.0
M12,18,466,1967 Apr,6.0
M12,18,467,1967 May,5.5
M12,18,468,1967 Jun,5.5
M12,18,469,1967 Jul,5.5
M12,18,470,1967 Aug,5.5
M12,18,471,1967 Sep,5.5
M12,18,472,1967 Oct,6.0
M12,18,473,1967 Nov,8.0
M12,18,474,1967 Dec,8.0
M12,18,475,1968 Jan,8.0
M12,18,476,1968 Feb,8.0
M12,18,477,1968 Mar,7.5
M12,18,478,1968 Apr,7.5
M12,18,479,1968 May,7.5
M12,18,480,1968 Jun,7.5
M12,18,481,1968 Jul,7.5
M12,18,482,1968 Aug,7.5
M12,18,483,1968 Sep,7.0
M12,18,484,1968 Oct,7.0
M12,18,485,1968 Nov,7.0
M12,18,486,1968 Dec,7.0
M12,18,487,1969 Jan,7.0
M12,18,488,1969 Feb,8.0
M12,18,489,1969 Mar,8.0
M12,18,490,1969 Apr,8.0
M12,18,491,1969 May,8.0
M12,18,492,1969 Jun,8.0
M12,18,493,1969 Jul,8.0
M12,18,494,1969 Aug,8.0
M12,18,495,1969 Sep,8.0
M12,18,496,1969 Oct,8.0
M12,18,497,1969 Nov,8.0
M12,18,498,1969 Dec,8.0
M12,18,499,1970 Jan,8.0
M12,18,500,1970 Feb,8.0
M12,18,501,1970 Mar,7.5
M12,18,502,1970 Apr,7.0
M12,18,503,1970 May,7.0
M12,18,504,1970 Jun,7.0
M12,18,505,1970 Jul,7.0
M12,18,506,1970 Aug,7.0
M12,18,507,1970 Sep,7.0
M12,18,508,1970 Oct,7.0
M12,18,509,1970 Nov,7.0
M12,18,510,1970 Dec,7.0
M12,18,511,1971 Jan,7.0
M12,18,512,1971 Feb,7.0
M12,18,513,1971 Mar,7.0
M12,18,514,1971 Apr,6.0
M12,18,515,1971 May,6.0
M12,18,516,1971 Jun,6.0
M12,18,517,1971 Jul,6.0
M12,18,518,1971 Aug,6.0
M12,18,519,1971 Sep,5.0
M12,18,520,1971 Oct,5.0
M12,18,521,1971 Nov,5.0
M12,18,522,1971 Dec,5.0
M12,18,523,1972 Jan,5.0
M12,18,524,1972 Feb,5.0
M12,18,525,1972 Mar,5.0
M12,18,526,1972 Apr,5.0
M12,18,527,1972 May,5.0
M12,18,528,1972 Jun,6.0
M12,18,529,1972 Jul,6.0
M12,18,530,1972 Aug,6.0
M12,18,531,1972 Sep,6.0
M12,18,532,1972 Oct,7.5
M12,18,533,1972 Nov,7.5
M12,18,534,1972 Dec,9.0
M12,18,535,1973 Jan,8.75
M12,18,536,1973 Feb,8.75
M12,18,537,1973 Mar,8.5
M12,18,538,1973 Apr,8.25
M12,18,539,1973 May,7.75
M12,18,540,1973 Jun,7.5
M12,18,541,1973 Jul,11.5
M12,18,542,1973 Aug,11.5
M12,18,543,1973 Sep,11.5
M12,18,544,1973 Oct,11.25
M12,18,545,1973 Nov,13.0
M12,18,546,1973 Dec,13.0
M12,18,547,1974 Jan,12.75
M12,18,548,1974 Feb,12.5
M12,18,549,1974 Mar,12.5
M12,18,550,1974 Apr,12.0
M12,18,551,1974 May,11.75
M12,18,552,1974 Jun,11.75
M12,18,553,1974 Jul,11.75
M12,18,554,1974 Aug,11.75
M12,18,555,1974 Sep,11.5
M12,18,556,1974 Oct,11.5
M12,18,557,1974 Nov,11.5
M12,18,558,1974 Dec,11.5
M12,18,559,1975 Jan,11.0
M12,18,560,1975 Feb,10.5
M12,18,561,1975 Mar,10.0
M12,18,562,1975 Apr,9.75
M12,18,563,1975 May,10.0
M12,18,564,1975 Jun,10.0
M12,18,565,1975 Jul,11.0
M12,18,566,1975 Aug,11.0
M12,18,567,1975 Sep,11.0
M12,18,568,1975 Oct,12.0
M12,18,569,1975 Nov,11.75
M12,18,570,1975 Dec,11.25
M12,18,571,1976 Jan,10.5
M12,18,572,1976 Feb,9.5
M12,18,573,1976 Mar,9.0
M12,18,574,1976 Apr,10.5
M12,18,575,1976 May,11.5
M12,18,576,1976 Jun,11.5
M12,18,577,1976 Jul,11.5
M12,18,578,1976 Aug,11.5
M12,18,579,1976 Sep,13.0
M12,18,580,1976 Oct,15.0
M12,18,581,1976 Nov,14.75
M12,18,582,1976 Dec,14.25
M12,18,583,1977 Jan,12.25
M12,18,584,1977 Feb,12.0
M12,18,585,1977 Mar,9.5
M12,18,586,1977 Apr,8.75
M12,18,587,1977 May,8.0
M12,18,588,1977 Jun,8.0
M12,18,589,1977 Jul,8.0
M12,18,590,1977 Aug,7.0
M12,18,591,1977 Sep,6.0
M12,18,592,1977 Oct,5.0
M12,18,593,1977 Nov,7.0
M12,18,594,1977 Dec,7.0
M12,18,595,1978 Jan,6.5
M12,18,596,1978 Feb,6.5
M12,18,597,1978 Mar,6.5
M12,18,598,1978 Apr,7.5
M12,18,599,1978 May,9.0
M12,18,600,1978 Jun,10.0
M12,18,601,1978 Jul,10.0
M12,18,602,1978 Aug,10.0
M12,18,603,1978 Sep,10.0
M12,18,604,1978 Oct,10.0
M12,18,605,1978 Nov,12.5
M12,18,606,1978 Dec,12.5
M12,18,607,1979 Jan,12.5
M12,18,608,1979 Feb,14.0
M12,18,609,1979 Mar,13.0
M12,18,610,1979 Apr,12.0
M12,18,611,1979 May,12.0
M12,18,612,1979 Jun,14.0
M12,18,613,1979 Jul,14.0
M12,18,614,1979 Aug,14.0
M12,18,615,1979 Sep,14.0
M12,18,616,1979 Oct,14.0
M12,18,617,1979 Nov,17.0
M12,18,618,1979 Dec,17.0
M12,18,619,1980 Jan,17.0
M12,18,620,1980 Feb,17.0
M12,18,621,1980 Mar,17.0
M12,18,622,1980 Apr,17.0
M12,18,623,1980 May,17.0
M12,18,624,1980 Jun,17.0
M12,18,625,1980 Jul,16.0
M12,18,626,1980 Aug,16.0
M12,18,627,1980 Sep,16.0
M12,18,628,1980 Oct,16.0
M12,18,629,1980 Nov,14.0
M12,18,630,1980 Dec,14.0
M12,18,631,1981 Jan,14.0
M12,18,632,1981 Feb,14.0
M12,18,633,1981 Mar,12.0
M12,18,634,1981 Apr,12.0
M12,18,635,1981 May,12.0
M12,18,636,1981 Jun,12.0
M12,18,637,1981 Jul,12.0
M12,18,638,1981 Aug,12.6875
M12,18,639,1981 Sep,14.0
M12,18,640,1981 Oct,15.125
M12,18,641,1981 Nov,14.5625
M12,18,642,1981 Dec,14.375
M12,18,643,1982 Jan,13.875
M12,18,644,1982 Feb,13.625
M12,18,645,1982 Mar,13.25
M12,18,646,1982 Apr,13.125
M12,18,647,1982 May,13.125
M12,18,648,1982 Jun,12.625
M12,18,649,1982 Jul,11.625
M12,18,650,1982 Aug,10.625
M12,18,651,1982 Sep,10.125
M12,18,652,1982 Oct,9.625
M12,18,653,1982 Nov,10.0
M12,18,654,1982 Dec,10.0
M12,18,655,1983 Jan,11.0
M12,18,656,1983 Feb,11.0
M12,18,657,1983 Mar,10.5625
M12,18,658,1983 Apr,10.0625
M12,18,659,1983 May,10.0625
M12,18,660,1983 Jun,9.5625
M12,18,661,1983 Jul,9.5625
M12,18,662,1983 Aug,9.5625
M12,18,663,1983 Sep,9.5625
M12,18,664,1983 Oct,9.0625
M12,18,665,1983 Nov,9.0625
M12,18,666,1983 Dec,9.0625
M12,18,667,1984 Jan,9.0625
M12,18,668,1984 Feb,9.0625
M12,18,669,1984 Mar,8.5625
M12,18,670,1984 Apr,8.5625
M12,18,671,1984 May,9.0625
M12,18,672,1984 Jun,8.875
M12,18,673,1984 Jul,12.0
M12,18,674,1984 Aug,10.5
M12,18,675,1984 Sep,10.5
M12,18,676,1984 Oct,10.5
M12,18,677,1984 Nov,9.5
M12,18,678,1984 Dec,9.5
M12,18,679,1985 Jan,13.875
M12,18,680,1985 Feb,13.875
M12,18,681,1985 Mar,12.875
M12,18,682,1985 Apr,12.375
M12,18,683,1985 May,12.375
M12,18,684,1985 Jun,12.375
M12,18,685,1985 Jul,11.375
M12,18,686,1985 Aug,11.375
M12,18,687,1985 Sep,11.375
M12,18,688,1985 Oct,11.375
M12,18,689,1985 Nov,11.375
M12,18,690,1985 Dec,11.375
M12,18,691,1986 Jan,12.375
M12,18,692,1986 Feb,12.375
M12,18,693,1986 Mar,11.375
M12,18,694,1986 Apr,10.375
M12,18,695,1986 May,9.875
M12,18,696,1986 Jun,9.875
M12,18,697,1986 Jul,9.875
M12,18,698,1986 Aug,9.875
M12,18,699,1986 Sep,9.875
M12,18,700,1986 Oct,10.875
M12,18,701,1986 Nov,10.875
M12,18,702,1986 Dec,10.875
M12,18,703,1987 Jan,10.875
M12,18,704,1987 Feb,10.875
M12,18,705,1987 Mar,9.875
M12,18,706,1987 Apr,9.375
M12,18,707,1987 May,8.875
M12,18,708,1987 Jun,8.875
M12,18,709,1987 Jul,8.875
M12,18,710,1987 Aug,9.875
M12,18,711,1987 Sep,9.875
M12,18,712,1987 Oct,9.375
M12,18,713,1987 Nov,8.875
M12,18,714,1987 Dec,8.375
M12,18,715,1988 Jan,8.375
M12,18,716,1988 Feb,8.875
M12,18,717,1988 Mar,8.375
M12,18,718,1988 Apr,7.875
M12,18,719,1988 May,7.375
M12,18,720,1988 Jun,8.875
M12,18,721,1988 Jul,10.375
M12,18,722,1988 Aug,11.875
M12,18,723,1988 Sep,11.875
M12,18,724,1988 Oct,11.875
M12,18,725,1988 Nov,12.875
M12,18,726,1988 Dec,12.875
M12,18,727,1989 Jan,12.875
M12,18,728,1989 Feb,12.875
M12,18,729,1989 Mar,12.875
M12,18,730,1989 Apr,12.875
M12,18,731,1989 May,13.75
M12,18,732,1989 Jun,13.75
M12,18,733,1989 Jul,13.75
M12,18,734,1989 Aug,13.8438
M12,18,735,1989 Sep,13.75
M12,18,736,1989 Oct,14.875
M12,18,737,1989 Nov,14.875
M12,18,738,1989 Dec,14.875
M12,18,739,1990 Jan,14.875
M12,18,740,1990 Feb,14.875
M12,18,741,1990 Mar,14.875
M12,18,742,1990 Apr,14.875
M12,18,743,1990 May,14.875
M12,18,744,1990 Jun,14.875
M12,18,745,1990 Jul,14.875
M12,18,746,1990 Aug,14.875
M12,18,747,1990 Sep,14.875
M12,18,748,1990 Oct,13.875
M12,18,749,1990 Nov,13.875
M12,18,750,1990 Dec,13.875
M12,18,751,1991 Jan,13.875
M12,18,752,1991 Feb,12.875
M12,18,753,1991 Mar,12.375
M12,18,754,1991 Apr,11.875
M12,18,755,1991 May,11.375
M12,18,756,1991 Jun,11.375
M12,18,757,1991 Jul,10.875
M12,18,758,1991 Aug,10.875
M12,18,759,1991 Sep,10.375
M12,18,760,1991 Oct,10.375
M12,18,761,1991 Nov,10.375
M12,18,762,1991 Dec,10.375
M12,18,763,1992 Jan,10.375
M12,18,764,1992 Feb,10.375
M12,18,765,1992 Mar,10.375
M12,18,766,1992 Apr,10.375
M12,18,767,1992 May,9.875
M12,18,768,1992 Jun,9.875
M12,18,769,1992 Jul,9.875
M12,18,770,1992 Aug,9.875
M12,18,771,1992 Sep,8.875
M12,18,772,1992 Oct,7.875
M12,18,773,1992 Nov,6.875
M12,18,774,1992 Dec,6.875
M12,18,775,1993 Jan,5.875
M12,18,776,1993 Feb,5.875
M12,18,777,1993 Mar,5.875
M12,18,778,1993 Apr,5.875
M12,18,779,1993 May,5.875
M12,18,780,1993 Jun,5.875
M12,18,781,1993 Jul,5.875
M12,18,782,1993 Aug,5.875
M12,18,783,1993 Sep,5.875
M12,18,784,1993 Oct,5.875
M12,18,785,1993 Nov,5.375
M12,18,786,1993 Dec,5.375
M12,18,787,1994 Jan,5.375
M12,18,788,1994 Feb,5.125
M12,18,789,1994 Mar,5.125
M12,18,790,1994 Apr,5.125
M12,18,791,1994 May,5.125
M12,18,792,1994 Jun,5.125
M12,18,793,1994 Jul,5.125
M12,18,794,1994 Aug,5.125
M12,18,795,1994 Sep,5.625
M12,18,796,1994 Oct,5.625
M12,18,797,1994 Nov,5.625
M12,18,798,1994 Dec,6.125
M12,18,799,1995 Jan,6.125
M12,18,800,1995 Feb,6.625
M12,18,801,1995 Mar,6.625
M12,18,802,1995 Apr,6.625
M12,18,803,1995 May,6.625
M12,18,804,1995 Jun,6.625
M12,18,805,1995 Jul,6.625
M12,18,806,1995 Aug,6.625
M12,18,807,1995 Sep,6.625
M12,18,808,1995 Oct,6.625
M12,18,809,1995 Nov,6.625
M12,18,810,1995 Dec,6.375
M12,18,811,1996 Jan,6.125
M12,18,812,1996 Feb,6.125
M12,18,813,1996 Mar,5.9375
M12,18,814,1996 Apr,5.9375
M12,18,815,1996 May,5.9375
M12,18,816,1996 Jun,5.6875
M12,18,817,1996 Jul,5.6875
M12,18,818,1996 Aug,5.6875
M12,18,819,1996 Sep,5.6875
M12,18,820,1996 Oct,5.9375
M12,18,821,1996 Nov,5.9375
M12,18,822,1996 Dec,5.9375
M12,18,823,1997 Jan,5.9375
M12,18,824,1997 Feb,5.9375
M12,18,825,1997 Mar,5.9375
M12,18,826,1997 Apr,5.9375
M12,18,827,1997 May,6.25
M12,18,828,1997 Jun,6.5
M12,18,829,1997 Jul,6.75
M12,18,830,1997 Aug,7.0
M12,18,831,1997 Sep,7.0
M12,18,832,1997 Oct,7.0
M12,18,833,1997 Nov,7.25
M12,18,834,1997 Dec,7.25
M12,18,835,1998 Jan,7.25
M12,18,836,1998 Feb,7.25
M12,18,837,1998 Mar,7.25
M12,18,838,1998 Apr,7.25
M12,18,839,1998 May,7.25
M12,18,840,1998 Jun,7.5
M12,18,841,1998 Jul,7.5
M12,18,842,1998 Aug,7.5
M12,18,843,1998 Sep,7.5
M12,18,844,1998 Oct,7.25
M12,18,845,1998 Nov,6.75
M12,18,846,1998 Dec,6.25
M12,18,847,1999 Jan,6.0
M12,18,848,1999 Feb,5.5
M12,18,849,1999 Mar,5.5
M12,18,850,1999 Apr,5.25
M12,18,851,1999 May,5.25
M12,18,852,1999 Jun,5.0
M12,18,853,1999 Jul,5.0
M12,18,854,1999 Aug,5.0
M12,18,855,1999 Sep,5.25
M12,18,856,1999 Oct,5.25
M12,18,857,1999 Nov,5.5
M12,18,858,1999 Dec,5.5
M12,18,859,2000 Jan,5.75
M12,18,860,2000 Feb,6.0
M12,18,861,2000 Mar,6.0
M12,18,862,2000 Apr,6.0
M12,18,863,2000 May,6.0
M12,18,864,2000 Jun,6.0
M12,18,865,2000 Jul,6.0
M12,18,866,2000 Aug,6.0
M12,18,867,2000 Sep,6.0
M12,18,868,2000 Oct,6.0
M12,18,869,2000 Nov,6.0
M12,18,870,2000 Dec,6.0
M12,18,871,2001 Jan,6.0
M12,18,872,2001 Feb,5.75
M12,18,873,2001 Mar,5.75
M12,18,874,2001 Apr,5.5
M12,18,875,2001 May,5.25
M12,18,876,2001 Jun,5.25
M12,18,877,2001 Jul,5.25
M12,18,878,2001 Aug,5.0
M12,18,879,2001 Sep,4.75
M12,18,880,2001 Oct,4.5
M12,18,881,2001 Nov,4.0
M12,18,882,2001 Dec,4.0
M12,18,883,2002 Jan,4.0
M12,18,884,2002 Feb,4.0
M12,18,885,2002 Mar,4.0
M12,18,886,2002 Apr,4.0
M12,18,887,2002 May,4.0
M12,18,888,2002 Jun,4.0
M12,18,889,2002 Jul,4.0
M12,18,890,2002 Aug,4.0
M12,18,891,2002 Sep,4.0
M12,18,892,2002 Oct,4.0
M12,18,893,2002 Nov,4.0
M12,18,894,2002 Dec,4.0
M12,18,895,2003 Jan,4.0
M12,18,896,2003 Feb,3.75
M12,18,897,2003 Mar,3.75
M12,18,898,2003 Apr,3.75
M12,18,899,2003 May,3.75
M12,18,900,2003 Jun,3.75
M12,18,901,2003 Jul,3.5
M12,18,902,2003 Aug,3.5
M12,18,903,2003 Sep,3.5
M12,18,904,2003 Oct,3.5
M12,18,905,2003 Nov,3.75
M12,18,906,2003 Dec,3.75
M12,18,907,2004 Jan,3.75
M12,18,908,2004 Feb,4.0
M12,18,909,2004 Mar,4.0
M12,18,910,2004 Apr,4.0
M12,18,911,2004 May,4.25
M12,18,912,2004 Jun,4.5
M12,18,913,2004 Jul,4.5
M12,18,914,2004 Aug,4.75
M12,18,915,2004 Sep,4.75
M12,18,916,2004 Oct,4.75
M12,18,917,2004 Nov,4.75
M12,18,918,2004 Dec,4.75
M12,18,919,2005 Jan,4.75
M12,18,920,2005 Feb,4.75
M12,18,921,2005 Mar,4.75
M12,18,922,2005 Apr,4.75
M12,18,923,2005 May,4.75
M12,18,924,2005 Jun,4.75
M12,18,925,2005 Jul,4.75
M12,18,926,2005 Aug,4.5
M12,18,927,2005 Sep,4.5
M12,18,928,2005 Oct,4.5
M12,18,929,2005 Nov,4.5
M12,18,930,2005 Dec,4.5
M12,18,931,2006 Jan,4.5
M12,18,932,2006 Feb,4.5
M12,18,933,2006 Mar,4.5
M12,18,934,2006 Apr,4.5
M12,18,935,2006 May,4.5
M12,18,936,2006 Jun,4.5
M12,18,937,2006 Jul,4.5
M12,18,938,2006 Aug,4.75
M12,18,939,2006 Sep,4.75
M12,18,940,2006 Oct,4.75
M12,18,941,2006 Nov,5.0
M12,18,942,2006 Dec,5.0
M12,18,943,2007 Jan,5.25
M12,18,944,2007 Feb,5.25
M12,18,945,2007 Mar,5.25
M12,18,946,2007 Apr,5.25
M12,18,947,2007 May,5.5
M12,18,948,2007 Jun,5.5
M12,18,949,2007 Jul,5.75
M12,18,950,2007 Aug,5.75
M12,18,951,2007 Sep,5.75
M12,18,952,2007 Oct,5.75
M12,18,953,2007 Nov,5.75
M12,18,954,2007 Dec,5.5
M12,18,955,2008 Jan,5.5
M12,18,956,2008 Feb,5.25
M12,18,957,2008 Mar,5.25
M12,18,958,2008 Apr,5.0
M12,18,959,2008 May,5.0
M12,18,960,2008 Jun,5.0
M12,18,961,2008 Jul,5.0
M12,18,962,2008 Aug,5.0
M12,18,963,2008 Sep,5.0
M12,18,964,2008 Oct,4.5
M12,18,965,2008 Nov,3.0
M12,18,966,2008 Dec,2.0
M12,18,967,2009 Jan,1.5
M12,18,968,2009 Feb,1.0
M12,18,969,2009 Mar,0.5
M12,18,970,2009 Apr,0.5
M12,18,971,2009 May,0.5
M12,18,972,2009 Jun,0.5
M12,18,973,2009 Jul,0.5
M12,18,974,2009 Aug,0.5
M12,18,975,2009 Sep,0.5
M12,18,976,2009 Oct,0.5
M12,18,977,2009 Nov,0.5
M12,18,978,2009 Dec,0.5
M12,18,979,2010 Jan,0.5
M12,18,980,2010 Feb,0.5
M12,18,981,2010 Mar,0.5
M12,18,982,2010 Apr,0.5
M12,18,983,2010 May,0.5
M12,18,984,2010 Jun,0.5
M12,18,985,2010 Jul,0.5
M12,18,986,2010 Aug,0.5
M12,18,987,2010 Sep,0.5
M12,18,988,2010 Oct,0.5
M12,18,989,2010 Nov,0.5
M12,18,990,2010 Dec,0.5
M12,18,991,2011 Jan,0.5
M12,18,992,2011 Feb,0.5
M12,18,993,2011 Mar,0.5
M12,18,994,2011 Apr,0.5
M12,18,995,2011 May,0.5
M12,18,996,2011 Jun,0.5
M12,18,997,2011 Jul,0.5
M12,18,998,2011 Aug,0.5
M12,18,999,2011 Sep,0.5
M12,18,1000,2011 Oct,0.5
M12,18,1001,2011 Nov,0.5
M12,18,1002,2011 Dec,0.5
M12,18,1003,2012 Jan,0.5
M12,18,1004,2012 Feb,0.5
M12,18,1005,2012 Mar,0.5
M12,18,1006,2012 Apr,0.5
M12,18,1007,2012 May,0.5
M12,18,1008,2012 Jun,0.5
M12,18,1009,2012 Jul,0.5
M12,18,1010,2012 Aug,0.5
M12,18,1011,2012 Sep,0.5
M12,18,1012,2012 Oct,0.5
M12,18,1013,2012 Nov,0.5
M12,18,1014,2012 Dec,0.5
M12,18,1015,2013 Jan,0.5
M12,18,1016,2013 Feb,0.5
M12,18,1017,2013 Mar,0.5
M12,18,1018,2013 Apr,0.5
M12,18,1019,2013 May,0.5
M12,18,1020,2013 Jun,0.5
M12,18,1021,2013 Jul,0.5
M12,18,1022,2013 Aug,0.5
M12,18,1023,2013 Sep,0.5
M12,18,1024,2013 Oct,0.5
M12,18,1025,2013 Nov,0.5
M12,18,1026,2013 Dec,0.5
M12,18,1027,2014 Jan,0.5
M12,18,1028,2014 Feb,0.5
M12,18,1029,2014 Mar,0.5
M12,18,1030,2014 Apr,0.5
M12,18,1031,2014 May,0.5
M12,18,1032,2014 Jun,0.5
M12,18,1033,2014 Jul,0.5
M12,18,1034,2014 Aug,0.5
M12,18,1035,2014 Sep,0.5
M12,18,1036,2014 Oct,0.5
M12,18,1037,2014 Nov,0.5
M12,18,1038,2014 Dec,0.5
M12,18,1039,2015 Jan,0.5
M12,18,1040,2015 Feb,0.5
M12,18,1041,2015 Mar,0.5
M12,18,1042,2015 Apr,0.5
M12,18,1043,2015 May,0.5
M12,18,1044,2015 Jun,0.5
M12,18,1045,2015 Jul,0.5
M12,18,1046,2015 Aug,0.5
M12,18,1047,2015 Sep,0.5
M12,18,1048,2015 Oct,0.5
M12,18,1049,2015 Nov,0.5
M12,18,1050,2015 Dec,0.5
M12,18,1051,2016 Jan,0.5
M12,18,1052,2016 Feb,0.5
M12,18,1053,2016 Mar,0.5
M12,18,1054,2016 Apr,0.5
M12,18,1055,2016 May,0.5
M12,18,1056,2016 Jun,0.5
M12,18,1057,2016 Jul,0.5
M12,18,1058,2016 Aug,0.25
M12,18,1059,2016 Sep,0.25
M12,18,1060,2016 Oct,0.25
M12,18,1061,2016 Nov,0.25
M12,18,1062,2016 Dec,0.25
M12,18,1063,2017 Jan,0.25
M12,18,1064,2017 Feb,0.25
M12,18,1065,2017 Mar,0.25
D1,3,9,01/01/1833,4.0
D1,3,1306,21/07/1836,4.5
D1,3,1348,01/09/1836,5.0
D1,3,1880,15/02/1838,4.0
D1,3,2335,16/05/1839,5.0
D1,3,2370,20/06/1839,5.5
D1,3,2412,01/08/1839,6.0
D1,3,2587,23/01/1840,5.0
D1,3,3392,07/04/1842,4.0
D1,3,4276,07/09/1844,2.5
D1,3,4680,16/10/1845,3.0
D1,3,4701,06/11/1845,3.5
D1,3,4995,27/08/1846,3.0
D1,3,5135,14/01/1847,3.5
D1,3,5142,21/01/1847,4.0
D1,3,5219,08/04/1847,5.0
D1,3,5338,05/08/1847,5.5
D1,3,5394,30/09/1847,6.0
D1,3,5419,25/10/1847,8.0
D1,3,5447,22/11/1847,7.0
D1,3,5457,02/12/1847,6.0
D1,3,5478,23/12/1847,5.0
D1,3,5513,27/01/1848,4.0
D1,3,5653,15/06/1848,3.5
D1,3,5793,02/11/1848,3.0
D1,3,6178,22/11/1849,2.5
D1,3,6577,26/12/1850,3.0
D1,3,6948,01/01/1852,2.5
D1,3,7060,22/04/1852,2.0
D1,3,7319,06/01/1853,2.5
D1,3,7333,20/01/1853,3.0
D1,3,7466,02/06/1853,3.5
D1,3,7557,01/09/1853,4.0
D1,3,7571,15/09/1853,4.5
D1,3,7585,29/09/1853,5.0
D1,3,7809,11/05/1854,5.5
D1,3,7893,03/08/1854,5.0
D1,3,8138,05/04/1855,4.5
D1,3,8166,03/05/1855,4.0
D1,3,8208,14/06/1855,3.5
D1,3,8292,06/09/1855,4.0
D1,3,8299,13/09/1855,4.5
D1,3,8313,27/09/1855,5.0
D1,3,8320,04/10/1855,5.5
D1,3,8334,18/10/1855,7.0
D1,3,8551,22/05/1856,6.0
D1,3,8558,29/05/1856,5.0
D1,3,8586,26/06/1856,4.5
D1,3,8684,02/10/1856,5.0
D1,3,8711,29/10/1856,7.0
D1,3,8747,04/12/1856,6.5
D1,3,8761,18/12/1856,6.0
D1,3,8866,02/04/1857,6.5
D1,3,8943,18/06/1857,6.0
D1,3,8971,16/07/1857,5.5
D1,3,9055,08/10/1857,6.0
D1,3,9062,15/10/1857,7.0
D1,3,9066,19/10/1857,8.0
D1,3,9083,05/11/1857,9.0
D1,3,9090,12/11/1857,10.0
D1,3,9132,24/12/1857,8.0
D1,3,9146,07/01/1858,6.0
D1,3,9150,11/01/1858,5.0
D1,3,9167,28/01/1858,4.0
D1,3,9174,04/02/1858,3.5
D1,3,9181,11/02/1858,3.0
D1,3,9482,09/12/1858,2.5
D1,3,9622,28/04/1859,3.5
D1,3,9629,05/05/1859,4.5
D1,3,9657,02/06/1859,3.5
D1,3,9664,09/06/1859,3.0
D1,3,9699,14/07/1859,2.5
D1,3,9888,19/01/1860,3.0
D1,3,9900,31/01/1860,4.0
D1,3,9958,29/03/1860,4.5
D1,3,9972,12/04/1860,5.0
D1,3,10000,10/05/1860,4.5
D1,3,10014,24/05/1860,4.0
D1,3,10182,08/11/1860,4.5
D1,3,10187,13/11/1860,5.0
D1,3,10189,15/11/1860,6.0
D1,3,10203,29/11/1860,5.0
D1,3,10235,31/12/1860,6.0
D1,3,10242,07/01/1861,7.0
D1,3,10280,14/02/1861,8.0
D1,3,10315,21/03/1861,7.0
D1,3,10329,04/04/1861,6.0
D1,3,10336,11/04/1861,5.0
D1,3,10371,16/05/1861,6.0
D1,3,10448,01/08/1861,5.0
D1,3,10462,15/08/1861,4.5
D1,3,10476,29/08/1861,4.0
D1,3,10497,19/09/1861,3.5
D1,3,10546,07/11/1861,3.0
D1,3,10609,09/01/1862,2.5
D1,3,10742,22/05/1862,3.0
D1,3,10791,10/07/1862,2.5
D1,3,10805,24/07/1862,2.0
D1,3,10903,30/10/1862,3.0
D1,3,10980,15/01/1863,4.0
D1,3,10993,28/01/1863,5.0
D1,3,11015,19/02/1863,4.0
D1,3,11078,23/04/1863,3.5
D1,3,11085,30/04/1863,3.0
D1,3,11101,16/05/1863,3.5
D1,3,11106,21/05/1863,4.0
D1,3,11271,02/11/1863,5.0
D1,3,11274,05/11/1863,6.0
D1,3,11301,02/12/1863,7.0
D1,3,11302,03/12/1863,8.0
D1,3,11323,24/12/1863,7.0
D1,3,11350,20/01/1864,8.0
D1,3,11372,11/02/1864,7.0
D1,3,11386,25/02/1864,6.0
D1,3,11437,16/04/1864,7.0
D1,3,11453,02/05/1864,8.0
D1,3,11456,05/05/1864,9.0
D1,3,11470,19/05/1864,8.0
D1,3,11477,26/05/1864,7.0
D1,3,11498,16/06/1864,6.0
D1,3,11537,25/07/1864,7.0
D1,3,11547,04/08/1864,8.0
D1,3,11582,08/09/1864,9.0
D1,3,11645,10/11/1864,8.0
D1,3,11659,24/11/1864,7.0
D1,3,11680,15/12/1864,6.0
D1,3,11708,12/01/1865,5.5
D1,3,11722,26/01/1865,5.0
D1,3,11757,02/03/1865,4.5
D1,3,11785,30/03/1865,4.0
D1,3,11820,04/05/1865,4.5
D1,3,11841,25/05/1865,4.0
D1,3,11848,01/06/1865,3.5
D1,3,11862,15/06/1865,3.0
D1,3,11904,27/07/1865,3.5
D1,3,11911,03/08/1865,4.0
D1,3,11967,28/09/1865,4.5
D1,3,11971,02/10/1865,5.0
D1,3,11974,05/10/1865,6.0
D1,3,11976,07/10/1865,7.0
D1,3,12023,23/11/1865,6.0
D1,3,12058,28/12/1865,7.0
D1,3,12065,04/01/1866,8.0
D1,3,12114,22/02/1866,7.0
D1,3,12135,15/03/1866,6.0
D1,3,12184,03/05/1866,7.0
D1,3,12189,08/05/1866,8.0
D1,3,12192,11/05/1866,9.0
D1,3,12193,12/05/1866,10.0
D1,3,12289,16/08/1866,8.0
D1,3,12296,23/08/1866,7.0
D1,3,12303,30/08/1866,6.0
D1,3,12310,06/09/1866,5.0
D1,3,12331,27/09/1866,4.5
D1,3,12373,08/11/1866,4.0
D1,3,12415,20/12/1866,3.5
D1,3,12464,07/02/1867,3.0
D1,3,12576,30/05/1867,2.5
D1,3,12632,25/07/1867,2.0
D1,3,13115,19/11/1868,2.5
D1,3,13129,03/12/1868,3.0
D1,3,13248,01/04/1869,4.0
D1,3,13283,06/05/1869,4.5
D1,3,13318,10/06/1869,4.0
D1,3,13332,24/06/1869,3.5
D1,3,13353,15/07/1869,3.0
D1,3,13388,19/08/1869,2.5
D1,3,13465,04/11/1869,3.0
D1,3,13724,21/07/1870,3.5
D1,3,13726,23/07/1870,4.0
D1,3,13731,28/07/1870,5.0
D1,3,13738,04/08/1870,6.0
D1,3,13745,11/08/1870,5.5
D1,3,13752,18/08/1870,4.5
D1,3,13759,25/08/1870,4.0
D1,3,13766,01/09/1870,3.5
D1,3,13780,15/09/1870,3.0
D1,3,13794,29/09/1870,2.5
D1,3,13948,02/03/1871,3.0
D1,3,13990,13/04/1871,2.5
D1,3,14053,15/06/1871,2.25
D1,3,14081,13/07/1871,2.0
D1,3,14151,21/09/1871,3.0
D1,3,14158,28/09/1871,4.0
D1,3,14167,07/10/1871,5.0
D1,3,14207,16/11/1871,4.0
D1,3,14221,30/11/1871,3.5
D1,3,14235,14/12/1871,3.0
D1,3,14347,04/04/1872,3.5
D1,3,14354,11/04/1872,4.0
D1,3,14382,09/05/1872,5.0
D1,3,14403,30/05/1872,4.0
D1,3,14417,13/06/1872,3.5
D1,3,14424,20/06/1872,3.0
D1,3,14452,18/07/1872,3.5
D1,3,14514,18/09/1872,4.0
D1,3,14522,26/09/1872,4.5
D1,3,14529,03/10/1872,5.0
D1,3,14536,10/10/1872,6.0
D1,3,14566,09/11/1872,7.0
D1,3,14585,28/11/1872,6.0
D1,3,14599,12/12/1872,5.0
D1,3,14627,09/01/1873,4.5
D1,3,14641,23/01/1873,4.0
D1,3,14648,30/01/1873,3.5
D1,3,14703,26/03/1873,4.0
D1,3,14745,07/05/1873,4.5
D1,3,14748,10/05/1873,5.0
D1,3,14755,17/05/1873,6.0
D1,3,14773,04/06/1873,7.0
D1,3,14781,12/06/1873,6.0
D1,3,14809,10/07/1873,5.0
D1,3,14816,17/07/1873,4.5
D1,3,14823,24/07/1873,4.0
D1,3,14830,31/07/1873,3.5
D1,3,14851,21/08/1873,3.0
D1,3,14886,25/09/1873,4.0
D1,3,14890,29/09/1873,5.0
D1,3,14905,14/10/1873,6.0
D1,3,14909,18/10/1873,7.0
D1,3,14923,01/11/1873,8.0
D1,3,14929,07/11/1873,9.0
D1,3,14942,20/11/1873,8.0
D1,3,14949,27/11/1873,6.0
D1,3,14956,04/12/1873,5.0
D1,3,14963,11/12/1873,4.5
D1,3,14991,08/01/1874,4.0
D1,3,14998,15/01/1874,3.5
D1,3,15103,30/04/1874,4.0
D1,3,15131,28/05/1874,3.5
D1,3,15138,04/06/1874,3.0
D1,3,15152,18/06/1874,2.5
D1,3,15194,30/07/1874,3.0
D1,3,15201,06/08/1874,4.0
D1,3,15215,20/08/1874,3.5
D1,3,15222,27/08/1874,3.0
D1,3,15271,15/10/1874,4.0
D1,3,15303,16/11/1874,5.0
D1,3,15317,30/11/1874,6.0
D1,3,15355,07/01/1875,5.0
D1,3,15362,14/01/1875,4.0
D1,3,15376,28/01/1875,3.0
D1,3,15397,18/02/1875,3.5
D1,3,15537,08/07/1875,3.0
D1,3,15558,29/07/1875,2.5
D1,3,15572,12/08/1875,2.0
D1,3,15628,07/10/1875,2.5
D1,3,15635,14/10/1875,3.5
D1,3,15642,21/10/1875,4.0
D1,3,15670,18/11/1875,3.0
D1,3,15712,30/12/1875,4.0
D1,3,15719,06/01/1876,5.0
D1,3,15740,27/01/1876,4.0
D1,3,15796,23/03/1876,3.5
D1,3,15810,06/04/1876,3.0
D1,3,15824,20/04/1876,2.0
D1,3,16202,03/05/1877,3.0
D1,3,16265,05/07/1877,2.5
D1,3,16272,12/07/1877,2.0
D1,3,16319,28/08/1877,3.0
D1,3,16356,04/10/1877,4.0
D1,3,16363,11/10/1877,5.0
D1,3,16412,29/11/1877,4.0
D1,3,16454,10/01/1878,3.0
D1,3,16475,31/01/1878,2.0
D1,3,16531,28/03/1878,3.0
D1,3,16594,30/05/1878,2.5
D1,3,16622,27/06/1878,3.0
D1,3,16629,04/07/1878,3.5
D1,3,16657,01/08/1878,4.0
D1,3,16668,12/08/1878,5.0
D1,3,16731,14/10/1878,6.0
D1,3,16769,21/11/1878,5.0
D1,3,16825,16/01/1879,4.0
D1,3,16839,30/01/1879,3.0
D1,3,16881,13/03/1879,2.5
D1,3,16909,10/04/1879,2.0
D1,3,17119,06/11/1879,3.0
D1,3,17343,17/06/1880,2.5
D1,3,17518,09/12/1880,3.0
D1,3,17553,13/01/1881,3.5
D1,3,17588,17/02/1881,3.0
D1,3,17658,28/04/1881,2.5
D1,3,17770,18/08/1881,3.0
D1,3,17777,25/08/1881,4.0
D1,3,17819,06/10/1881,5.0
D1,3,17935,30/01/1882,6.0
D1,3,17959,23/02/1882,5.0
D1,3,17973,09/03/1882,4.0
D1,3,17987,23/03/1882,3.0
D1,3,18134,17/08/1882,4.0
D1,3,18162,14/09/1882,5.0
D1,3,18295,25/01/1883,4.0
D1,3,18316,15/02/1883,3.5
D1,3,18330,01/03/1883,3.0
D1,3,18400,10/05/1883,4.0
D1,3,18526,13/09/1883,3.5
D1,3,18540,27/09/1883,3.0
D1,3,18673,07/02/1884,3.5
D1,3,18708,13/03/1884,3.0
D1,3,18729,03/04/1884,2.5
D1,3,18806,19/06/1884,2.0
D1,3,18918,09/10/1884,3.0
D1,3,18939,30/10/1884,4.0
D1,3,18946,06/11/1884,5.0
D1,3,19030,29/01/1885,4.0
D1,3,19079,19/03/1885,3.5
D1,3,19128,07/05/1885,3.0
D1,3,19135,14/05/1885,2.5
D1,3,19149,28/05/1885,2.0
D1,3,19317,12/11/1885,3.0
D1,3,19352,17/12/1885,4.0
D1,3,19387,21/01/1886,3.0
D1,3,19415,18/02/1886,2.0
D1,3,19492,06/05/1886,3.0
D1,3,19527,10/06/1886,2.5
D1,3,19604,26/08/1886,3.5
D1,3,19660,21/10/1886,4.0
D1,3,19716,16/12/1886,5.0
D1,3,19765,03/02/1887,4.0
D1,3,19800,10/03/1887,3.5
D1,3,19814,24/03/1887,3.0
D1,3,19835,14/04/1887,2.5
D1,3,19849,28/04/1887,2.0
D1,3,19947,04/08/1887,3.0
D1,3,19975,01/09/1887,4.0
D1,3,20108,12/01/1888,3.5
D1,3,20115,19/01/1888,3.0
D1,3,20143,16/02/1888,2.5
D1,3,20171,15/03/1888,2.0
D1,3,20227,10/05/1888,3.0
D1,3,20255,07/06/1888,2.5
D1,3,20318,09/08/1888,3.0
D1,3,20353,13/09/1888,4.0
D1,3,20374,04/10/1888,5.0
D1,3,20472,10/01/1889,4.0
D1,3,20486,24/01/1889,3.5
D1,3,20493,31/01/1889,3.0
D1,3,20570,18/04/1889,2.5
D1,3,20682,08/08/1889,3.0
D1,3,20703,29/08/1889,4.0
D1,3,20731,26/09/1889,5.0
D1,3,20826,30/12/1889,6.0
D1,3,20878,20/02/1890,5.0
D1,3,20892,06/03/1890,4.5
D1,3,20899,13/03/1890,4.0
D1,3,20927,10/04/1890,3.5
D1,3,20934,17/04/1890,3.0
D1,3,21004,26/06/1890,4.0
D1,3,21039,31/07/1890,5.0
D1,3,21060,21/08/1890,4.0
D1,3,21095,25/09/1890,5.0
D1,3,21138,07/11/1890,6.0
D1,3,21165,04/12/1890,5.0
D1,3,21200,08/01/1891,4.0
D1,3,21214,22/01/1891,3.5
D1,3,21221,29/01/1891,3.0
D1,3,21298,16/04/1891,3.5
D1,3,21319,07/05/1891,4.0
D1,3,21326,14/05/1891,5.0
D1,3,21347,04/06/1891,4.0
D1,3,21361,18/06/1891,3.0
D1,3,21375,02/07/1891,2.5
D1,3,21459,24/09/1891,3.0
D1,3,21494,29/10/1891,4.0
D1,3,21536,10/12/1891,3.5
D1,3,21578,21/01/1892,3.0
D1,3,21655,07/04/1892,2.5
D1,3,21676,28/04/1892,2.0
D1,3,21851,20/10/1892,3.0
D1,3,21949,26/01/1893,2.5
D1,3,22047,04/05/1893,3.0
D1,3,22054,11/05/1893,3.5
D1,3,22061,18/05/1893,4.0
D1,3,22082,08/06/1893,3.0
D1,3,22089,15/06/1893,2.5
D1,3,22138,03/08/1893,3.0
D1,3,22145,10/08/1893,4.0
D1,3,22159,24/08/1893,5.0
D1,3,22180,14/09/1893,4.0
D1,3,22187,21/09/1893,3.5
D1,3,22201,05/10/1893,3.0
D1,3,22320,01/02/1894,2.5
D1,3,22341,22/02/1894,2.0
D1,3,23272,10/09/1896,2.5
D1,3,23286,24/09/1896,3.0
D1,3,23314,22/10/1896,4.0
D1,3,23405,21/01/1897,3.5
D1,3,23419,04/02/1897,3.0
D1,3,23482,08/04/1897,2.5
D1,3,23517,13/05/1897,2.0
D1,3,23650,23/09/1897,2.5
D1,3,23671,14/10/1897,3.0
D1,3,23845,06/04/1898,4.0
D1,3,23894,25/05/1898,3.5
D1,3,23902,02/06/1898,3.0
D1,3,23930,30/06/1898,2.5
D1,3,24014,22/09/1898,3.0
D1,3,24035,13/10/1898,4.0
D1,3,24133,19/01/1899,3.5
D1,3,24147,02/02/1899,3.0
D1,3,24308,13/07/1899,3.5
D1,3,24390,03/10/1899,4.5
D1,3,24392,05/10/1899,5.0
D1,3,24448,30/11/1899,6.0
D1,3,24490,11/01/1900,5.0
D1,3,24497,18/01/1900,4.5
D1,3,24504,25/01/1900,4.0
D1,3,24623,24/05/1900,3.5
D1,3,24644,14/06/1900,3.0
D1,3,24679,19/07/1900,4.0
D1,3,24847,03/01/1901,5.0
D1,3,24882,07/02/1901,4.5
D1,3,24896,21/02/1901,4.0
D1,3,25001,06/06/1901,3.5
D1,3,25008,13/06/1901,3.0
D1,3,25138,21/10/1901,4.0
D1,3,25232,23/01/1902,3.5
D1,3,25246,06/02/1902,3.0
D1,3,25484,02/10/1902,4.0
D1,3,25715,21/05/1903,3.5
D1,3,25743,18/06/1903,3.0
D1,3,25820,03/09/1903,4.0
D1,3,26044,14/04/1904,3.5
D1,3,26051,21/04/1904,3.0
D1,3,26373,09/03/1905,2.5
D1,3,26555,07/09/1905,3.0
D1,3,26576,28/09/1905,4.0
D1,3,26765,05/04/1906,3.5
D1,3,26793,03/05/1906,4.0
D1,3,26842,21/06/1906,3.5
D1,3,26926,13/09/1906,4.0
D1,3,26954,11/10/1906,5.0
D1,3,26962,19/10/1906,6.0
D1,3,27052,17/01/1907,5.0
D1,3,27136,11/04/1907,4.5
D1,3,27150,25/04/1907,4.0
D1,3,27262,15/08/1907,4.5
D1,3,27339,31/10/1907,5.5
D1,3,27343,04/11/1907,6.0
D1,3,27346,07/11/1907,7.0
D1,3,27402,02/01/1908,6.0
D1,3,27416,16/01/1908,5.0
D1,3,27423,23/01/1908,4.0
D1,3,27465,05/03/1908,3.5
D1,3,27479,19/03/1908,3.0
D1,3,27549,28/05/1908,2.5
D1,3,27780,14/01/1909,3.0
D1,3,27857,01/04/1909,2.5
D1,3,28046,07/10/1909,3.0
D1,3,28053,14/10/1909,4.0
D1,3,28060,21/10/1909,5.0
D1,3,28109,09/12/1909,4.5
D1,3,28137,06/01/1910,4.0
D1,3,28151,20/01/1910,3.5
D1,3,28172,10/02/1910,3.0
D1,3,28207,17/03/1910,4.0
D1,3,28284,02/06/1910,3.5
D1,3,28291,09/06/1910,3.0
D1,3,28403,29/09/1910,4.0
D1,3,28424,20/10/1910,5.0
D1,3,28466,01/12/1910,4.5
D1,3,28522,26/01/1911,4.0
D1,3,28543,16/02/1911,3.5
D1,3,28564,09/03/1911,3.0
D1,3,28760,21/09/1911,4.0
D1,3,28900,08/02/1912,3.5
D1,3,28991,09/05/1912,3.0
D1,3,29103,29/08/1912,4.0
D1,3,29152,17/10/1912,5.0
D1,3,29334,17/04/1913,4.5
D1,3,29501,01/10/1913,5.0
D1,3,29600,08/01/1914,4.5
D1,3,29614,22/01/1914,4.0
D1,3,29621,29/01/1914,3.0
D1,3,29803,30/07/1914,4.0
D1,3,29804,31/07/1914,8.0
D1,3,29805,01/08/1914,10.0
D1,3,29810,06/08/1914,6.0
D1,3,29812,08/08/1914,5.0
D1,3,30517,13/07/1916,6.0
D1,3,30706,18/01/1917,5.5
D1,3,30783,05/04/1917,5.0
D1,3,31728,06/11/1919,6.0
D1,3,31889,15/04/1920,7.0
D1,3,32267,28/04/1921,6.5
D1,3,32323,23/06/1921,6.0
D1,3,32351,21/07/1921,5.5
D1,3,32456,03/11/1921,5.0
D1,3,32561,16/02/1922,4.5
D1,3,32617,13/04/1922,4.0
D1,3,32680,15/06/1922,3.5
D1,3,32708,13/07/1922,3.0
D1,3,33065,05/07/1923,4.0
D1,3,33674,05/03/1925,5.0
D1,3,33828,06/08/1925,4.5
D1,3,33884,01/10/1925,4.0
D1,3,33947,03/12/1925,5.0
D1,3,34451,21/04/1927,4.5
D1,3,35109,07/02/1929,5.5
D1,3,35340,26/09/1929,6.5
D1,3,35375,31/10/1929,6.0
D1,3,35396,21/11/1929,5.5
D1,3,35417,12/12/1929,5.0
D1,3,35473,06/02/1930,4.5
D1,3,35501,06/03/1930,4.0
D1,3,35515,20/03/1930,3.5
D1,3,35557,01/05/1930,3.0
D1,3,35935,14/05/1931,2.5
D1,3,36005,23/07/1931,3.5
D1,3,36012,30/07/1931,4.5
D1,3,36065,21/09/1931,6.0
D1,3,36215,18/02/1932,5.0
D1,3,36236,10/03/1932,4.0
D1,3,36243,17/03/1932,3.5
D1,3,36278,21/04/1932,3.0
D1,3,36299,12/05/1932,2.5
D1,3,36348,30/06/1932,2.0
D1,3,38959,24/08/1939,4.0
D1,3,38994,28/09/1939,3.0
D1,3,39022,26/10/1939,2.0
D1,3,43418,08/11/1951,2.5
D1,3,43542,11/03/1952,4.0
D1,3,44097,17/09/1953,3.5
D1,3,44335,13/05/1954,3.0
D1,3,44594,27/01/1955,3.5
D1,3,44622,24/02/1955,4.5
D1,3,44979,16/02/1956,5.5
D1,3,45336,07/02/1957,5.0
D1,3,45560,19/09/1957,7.0
D1,3,45742,20/03/1958,6.0
D1,3,45805,22/05/1958,5.5
D1,3,45833,19/06/1958,5.0
D1,3,45889,14/08/1958,4.5
D1,3,45987,20/11/1958,4.0
D1,3,46414,21/01/1960,5.0
D1,3,46568,23/06/1960,6.0
D1,3,46694,27/10/1960,5.5
D1,3,46736,08/12/1960,5.0
D1,3,46966,26/07/1961,7.0
D1,3,47037,05/10/1961,6.5
D1,3,47065,02/11/1961,6.0
D1,3,47191,08/03/1962,5.5
D1,3,47205,22/03/1962,5.0
D1,3,47240,26/04/1962,4.5
D1,3,47492,03/01/1963,4.0
D1,3,47912,27/02/1964,5.0
D1,3,48182,23/11/1964,7.0
D1,3,48374,03/06/1965,6.0
D1,3,48780,14/07/1966,7.0
D1,3,48976,26/01/1967,6.5
D1,3,49025,16/03/1967,6.0
D1,3,49074,04/05/1967,5.5
D1,3,49242,19/10/1967,6.0
D1,3,49263,09/11/1967,6.5
D1,3,49272,18/11/1967,8.0
D1,3,49396,21/03/1968,7.5
D1,3,49578,19/09/1968,7.0
D1,3,49739,27/02/1969,8.0
D1,3,50110,05/03/1970,7.5
D1,3,50151,15/04/1970,7.0
D1,3,50502,01/04/1971,6.0
D1,3,50656,02/09/1971,5.0
D1,3,50950,22/06/1972,6.0
D1,3,51066,16/10/1972,7.25
D1,3,51080,30/10/1972,7.5
D1,3,51115,04/12/1972,7.75
D1,3,51122,11/12/1972,8.0
D1,3,51138,27/12/1972,9.0
D1,3,51164,22/01/1973,8.75
D1,3,51227,26/03/1973,8.5
D1,3,51248,16/04/1973,8.0
D1,3,51256,24/04/1973,8.25
D1,3,51276,14/05/1973,8.0
D1,3,51283,21/05/1973,7.75
D1,3,51318,25/06/1973,7.5
D1,3,51346,23/07/1973,9.0
D1,3,51353,30/07/1973,11.5
D1,3,51437,22/10/1973,11.25
D1,3,51459,13/11/1973,13.0
D1,3,51514,07/01/1974,12.75
D1,3,51542,04/02/1974,12.5
D1,3,51605,08/04/1974,12.25
D1,3,51613,16/04/1974,12.0
D1,3,51655,28/05/1974,11.75
D1,3,51773,23/09/1974,11.5
D1,3,51892,20/01/1975,11.25
D1,3,51899,27/01/1975,11.0
D1,3,51913,10/02/1975,10.75
D1,3,51920,17/02/1975,10.5
D1,3,51941,10/03/1975,10.25
D1,3,51955,24/03/1975,10.0
D1,3,51983,21/04/1975,9.75
D1,3,51997,05/05/1975,10.0
D1,3,52081,28/07/1975,11.0
D1,3,52151,06/10/1975,12.0
D1,3,52193,17/11/1975,11.75
D1,3,52207,01/12/1975,11.5
D1,3,52235,29/12/1975,11.25
D1,3,52242,05/01/1976,11.0
D1,3,52256,19/01/1976,10.75
D1,3,52263,26/01/1976,10.5
D1,3,52270,02/02/1976,10.0
D1,3,52277,09/02/1976,9.5
D1,3,52298,01/03/1976,9.25
D1,3,52305,08/03/1976,9.0
D1,3,52354,26/04/1976,10.5
D1,3,52382,24/05/1976,11.5
D1,3,52494,13/09/1976,13.0
D1,3,52518,07/10/1976,15.0
D1,3,52564,22/11/1976,14.75
D1,3,52592,20/12/1976,14.5
D1,3,52601,29/12/1976,14.25
D1,3,52613,10/01/1977,14.0
D1,3,52627,24/01/1977,13.25
D1,3,52634,31/01/1977,12.25
D1,3,52637,03/02/1977,12.0
D1,3,52672,10/03/1977,11.0
D1,3,52683,21/03/1977,10.5
D1,3,52693,31/03/1977,9.5
D1,3,52705,12/04/1977,9.25
D1,3,52711,18/04/1977,9.0
D1,3,52718,25/04/1977,8.75
D1,3,52725,02/05/1977,8.25
D1,3,52739,16/05/1977,8.0
D1,3,52823,08/08/1977,7.5
D1,3,52830,15/08/1977,7.0
D1,3,52858,12/09/1977,6.5
D1,3,52865,19/09/1977,6.0
D1,3,52886,10/10/1977,5.5
D1,3,52893,17/10/1977,5.0
D1,3,52935,28/11/1977,7.0
D1,3,52977,09/01/1978,6.5
D1,3,53070,12/04/1978,7.5
D1,3,53096,08/05/1978,8.75
D1,3,53103,15/05/1978,9.0
D1,3,53127,08/06/1978,10.0
D1,3,53281,09/11/1978,12.5
D1,3,53372,08/02/1979,14.0
D1,3,53393,01/03/1979,13.0
D1,3,53428,05/04/1979,12.0
D1,3,53497,13/06/1979,14.0
D1,3,53652,15/11/1979,17.0
D1,3,53883,03/07/1980,16.0
D1,3,54028,25/11/1980,14.0
D1,3,54134,11/03/1981,12.0
D1,3,54301,25/08/1981,12.6875
D1,3,54322,15/09/1981,14.0
D1,3,54349,12/10/1981,15.0
D1,3,54365,28/10/1981,15.125
D1,3,54374,06/11/1981,15.0625
D1,3,54377,09/11/1981,14.625
D1,3,54393,25/11/1981,14.5625
D1,3,54402,04/12/1981,14.375
D1,3,54447,18/01/1982,14.3125
D1,3,54448,19/01/1982,14.25
D1,3,54449,20/01/1982,14.125
D1,3,54450,21/01/1982,14.0
D1,3,54451,22/01/1982,13.875
D1,3,54482,22/02/1982,13.8125
D1,3,54485,25/02/1982,13.625
D1,3,54498,10/03/1982,13.25
D1,3,54535,16/04/1982,13.125
D1,3,54538,19/04/1982,13.0
D1,3,54539,20/04/1982,13.125
D1,3,54588,08/06/1982,12.625
D1,3,54619,09/07/1982,12.5
D1,3,54622,12/07/1982,12.25
D1,3,54623,13/07/1982,12.125
D1,3,54631,21/07/1982,12.0625
D1,3,54636,26/07/1982,11.9375
D1,3,54638,28/07/1982,11.8125
D1,3,54639,29/07/1982,11.75
D1,3,54640,30/07/1982,11.625
D1,3,54643,02/08/1982,11.5625
D1,3,54645,04/08/1982,11.5
D1,3,54657,16/08/1982,11.375
D1,3,54658,17/08/1982,11.25
D1,3,54665,24/08/1982,11.125
D1,3,54666,25/08/1982,11.0
D1,3,54667,26/08/1982,10.875
D1,3,54668,27/08/1982,10.625
D1,3,54699,27/09/1982,10.5
D1,3,54700,28/09/1982,10.375
D1,3,54701,29/09/1982,10.25
D1,3,54702,30/09/1982,10.125
D1,3,54714,12/10/1982,9.625
D1,3,54734,01/11/1982,9.375
D1,3,54735,02/11/1982,9.125
D1,3,54759,26/11/1982,10.0
D1,3,54806,12/01/1983,11.0
D1,3,54868,15/03/1983,10.5625
D1,3,54897,13/04/1983,10.3125
D1,3,54898,14/04/1983,10.0625
D1,3,54958,13/06/1983,9.8125
D1,3,54959,14/06/1983,9.5625
D1,3,55015,09/08/1983,9.4375
D1,3,55016,10/08/1983,9.5625
D1,3,55070,03/10/1983,9.0625
D1,3,55226,07/03/1984,8.8125
D1,3,55233,14/03/1984,8.5625
D1,3,55290,10/05/1984,9.0625
D1,3,55340,29/06/1984,8.875
D1,3,55347,06/07/1984,10.0
D1,3,55352,11/07/1984,12.0
D1,3,55380,08/08/1984,11.5
D1,3,55381,09/08/1984,11.0
D1,3,55388,16/08/1984,10.75
D1,3,55389,17/08/1984,10.5
D1,3,55469,05/11/1984,10.0
D1,3,55483,19/11/1984,9.75
D1,3,55487,23/11/1984,9.5
D1,3,55539,14/01/1985,11.875
D1,3,55553,28/01/1985,13.875
D1,3,55604,20/03/1985,13.375
D1,3,55612,28/03/1985,12.875
D1,3,55634,19/04/1985,12.375
D1,3,55717,11/07/1985,11.875
D1,3,55732,26/07/1985,11.375
D1,3,55905,15/01/1986,12.375
D1,3,55968,19/03/1986,11.375
D1,3,55991,11/04/1986,10.875
D1,3,55998,18/04/1986,10.375
D1,3,56033,23/05/1986,9.875
D1,3,56178,15/10/1986,10.875
D1,3,56323,09/03/1987,10.375
D1,3,56332,18/03/1987,9.875
D1,3,56373,28/04/1987,9.375
D1,3,56383,08/05/1987,8.875
D1,3,56473,06/08/1987,9.875
D1,3,56551,23/10/1987,9.375
D1,3,56563,04/11/1987,8.875
D1,3,56592,03/12/1987,8.375
D1,3,56652,01/02/1988,8.875
D1,3,56697,17/03/1988,8.375
D1,3,56719,08/04/1988,7.875
D1,3,56758,17/05/1988,7.375
D1,3,56775,03/06/1988,7.875
D1,3,56782,10/06/1988,8.375
D1,3,56796,24/06/1988,8.875
D1,3,56809,07/07/1988,9.875
D1,3,56823,21/07/1988,10.375
D1,3,56841,08/08/1988,10.875
D1,3,56858,25/08/1988,11.875
D1,3,56950,25/11/1988,12.875
D1,3,57131,25/05/1989,13.75
D1,3,57229,31/08/1989,13.8438
D1,3,57233,04/09/1989,13.875
D1,3,57237,08/09/1989,13.75
D1,3,57265,06/10/1989,14.875
D1,3,57632,08/10/1990,13.875
D1,3,57760,13/02/1991,13.375
D1,3,57774,27/02/1991,12.875
D1,3,57797,22/03/1991,12.375
D1,3,57818,12/04/1991,11.875
D1,3,57860,24/05/1991,11.375
D1,3,57909,12/07/1991,10.875
D1,3,57963,04/09/1991,10.375
D1,3,58207,05/05/1992,9.875
D1,3,58347,22/09/1992,8.875
D1,3,58371,16/10/1992,7.875
D1,3,58399,13/11/1992,6.875
D1,3,58473,26/01/1993,5.875
D1,3,58774,23/11/1993,5.375
D1,3,58851,08/02/1994,5.125
D1,3,59068,13/09/1994,5.625
D1,3,59153,07/12/1994,6.125
D1,3,59210,02/02/1995,6.625
D1,3,59524,13/12/1995,6.375
D1,3,59560,18/01/1996,6.125
D1,3,59610,08/03/1996,5.9375
D1,3,59700,06/06/1996,5.6875
D1,3,59846,30/10/1996,5.9375
D1,3,60034,06/05/1997,6.25
D1,3,60065,06/06/1997,6.5
D1,3,60099,10/07/1997,6.75
D1,3,60127,07/08/1997,7.0
D1,3,60218,06/11/1997,7.25
D1,3,60428,04/06/1998,7.5
D1,3,60554,08/10/1998,7.25
D1,3,60582,05/11/1998,6.75
D1,3,60617,10/12/1998,6.25
D1,3,60645,07/01/1999,6.0
D1,3,60673,04/02/1999,5.5
D1,3,60736,08/04/1999,5.25
D1,3,60799,10/06/1999,5.0
D1,3,60889,08/09/1999,5.25
D1,3,60946,04/11/1999,5.5
D1,3,61016,13/01/2000,5.75
D1,3,61044,10/02/2000,6.0
D1,3,61408,08/02/2001,5.75
D1,3,61464,05/04/2001,5.5
D1,3,61499,10/05/2001,5.25
D1,3,61583,02/08/2001,5.0
D1,3,61630,18/09/2001,4.75
D1,3,61646,04/10/2001,4.5
D1,3,61681,08/11/2001,4.0
D1,3,62136,06/02/2003,3.75
D1,3,62290,10/07/2003,3.5
D1,3,62409,06/11/2003,3.75
D1,3,62500,05/02/2004,4.0
D1,3,62591,06/05/2004,4.25
D1,3,62626,10/06/2004,4.5
D1,3,62682,05/08/2004,4.75
D1,3,63046,04/08/2005,4.5
D1,3,63410,03/08/2006,4.75
D1,3,63508,09/11/2006,5.0
D1,3,63571,11/01/2007,5.25
D1,3,63690,10/05/2007,5.5
D1,3,63746,05/07/2007,5.75
D1,3,63900,06/12/2007,5.5
D1,3,63963,07/02/2008,5.25
D1,3,64026,10/04/2008,5.0
D1,3,64207,08/10/2008,4.5
D1,3,64236,06/11/2008,3.0
D1,3,64264,04/12/2008,2.0
D1,3,64299,08/01/2009,1.5
D1,3,64327,05/02/2009,1.0
D1,3,64355,05/03/2009,0.5
D1,3,67064,04/08/2016,0.25
D1,3,67519,02/11/2017,0.5
